item,item_ine_id,item_id,item_update,region_name,region_code,is_cronicas,media_associated,media_associated_name,is_featured,url,is_municipios_link,url_municipios
Adamuz,14001,AND0001,14/07/2025,Andalucía,AND,FALSE,diariocordoba,Diario Córdoba,FALSE,https://www.diariocordoba.com/alto-guadalquivir/adamuz/?utm_campaign=cerca-v1,FALSE,
Aguilar de la Frontera,14002,AND0002,14/07/2025,Andalucía,AND,FALSE,diariocordoba,Diario Córdoba,FALSE,https://www.diariocordoba.com/cordoba/aguilar/?utm_campaign=cerca-v1,FALSE,
Alcaracejos,14003,AND0003,14/07/2025,Andalucía,AND,FALSE,diariocordoba,Diario Córdoba,FALSE,https://www.diariocordoba.com/cordoba/alcaracejos/?utm_campaign=cerca-v1,FALSE,
Alhaurín De La Torre,29007,AND0004,14/07/2025,Andalucía,AND,FALSE,laopiniondemalaga,La Opinión de Málaga,TRUE,https://www.laopiniondemalaga.es/malaga/alhaurin-de-la-torre/?utm_campaign=cerca-v1,FALSE,
Alhaurín El Grande,29008,AND0005,14/07/2025,Andalucía,AND,FALSE,laopiniondemalaga,La Opinión de Málaga,FALSE,https://www.laopiniondemalaga.es/malaga/alhaurin-el-grande/?utm_campaign=cerca-v1,FALSE,
Almedinilla,14004,AND0006,14/07/2025,Andalucía,AND,FALSE,diariocordoba,Diario Córdoba,FALSE,https://www.diariocordoba.com/cordoba/almedinilla/?utm_campaign=cerca-v1,FALSE,
Almodóvar del Río,14005,AND0007,14/07/2025,Andalucía,AND,FALSE,diariocordoba,Diario Córdoba,FALSE,https://www.diariocordoba.com/cordoba/almodovar/?utm_campaign=cerca-v1,FALSE,
Antequera,29015,AND0008,14/07/2025,Andalucía,AND,FALSE,laopiniondemalaga,La Opinión de Málaga,TRUE,https://www.laopiniondemalaga.es/malaga/antequera/?utm_campaign=cerca-v1,FALSE,
Añora,14006,AND0009,14/07/2025,Andalucía,AND,FALSE,diariocordoba,Diario Córdoba,FALSE,https://www.diariocordoba.com/cordoba/anora/?utm_campaign=cerca-v1,FALSE,
Archidona,29017,AND0010,14/07/2025,Andalucía,AND,FALSE,laopiniondemalaga,La Opinión de Málaga,FALSE,https://www.laopiniondemalaga.es/malaga/archidona/?utm_campaign=cerca-v1,FALSE,
Baena,14007,AND0011,14/07/2025,Andalucía,AND,FALSE,diariocordoba,Diario Córdoba,TRUE,https://www.diariocordoba.com/cordoba/baena/?utm_campaign=cerca-v1,FALSE,
Belalcázar,14008,AND0012,14/07/2025,Andalucía,AND,FALSE,diariocordoba,Diario Córdoba,FALSE,https://www.diariocordoba.com/cordoba/belalcazar/?utm_campaign=cerca-v1,FALSE,
Belmez,14009,AND0013,14/07/2025,Andalucía,AND,FALSE,diariocordoba,Diario Córdoba,FALSE,https://www.diariocordoba.com/cordoba/belmez/?utm_campaign=cerca-v1,FALSE,
Benalmádena,29025,AND0014,14/07/2025,Andalucía,AND,FALSE,laopiniondemalaga,La Opinión de Málaga,TRUE,https://www.laopiniondemalaga.es/costa-sol-occidental/benalmadena/?utm_campaign=cerca-v1,FALSE,
Benamejí,14010,AND0015,14/07/2025,Andalucía,AND,FALSE,diariocordoba,Diario Córdoba,FALSE,https://www.diariocordoba.com/cordoba/benameji/?utm_campaign=cerca-v1,FALSE,
Bujalance,14012,AND0016,14/07/2025,Andalucía,AND,FALSE,diariocordoba,Diario Córdoba,FALSE,https://www.diariocordoba.com/alto-guadalquivir/bujalance/?utm_campaign=cerca-v1,FALSE,
Cabra,14013,AND0017,14/07/2025,Andalucía,AND,TRUE,diariocordoba,Diario Córdoba,TRUE,https://www.diariocordoba.com/cordoba/cabra/?utm_campaign=cerca-v1,FALSE,
Campillos,29032,AND0018,14/07/2025,Andalucía,AND,FALSE,laopiniondemalaga,La Opinión de Málaga,FALSE,https://www.laopiniondemalaga.es/malaga/campillos/?utm_campaign=cerca-v1,FALSE,
Cañete de las Torres,14014,AND0019,14/07/2025,Andalucía,AND,FALSE,diariocordoba,Diario Córdoba,FALSE,https://www.diariocordoba.com/alto-guadalquivir/canete/?utm_campaign=cerca-v1,FALSE,
Carcabuey,14015,AND0020,14/07/2025,Andalucía,AND,FALSE,diariocordoba,Diario Córdoba,FALSE,https://www.diariocordoba.com/cordoba/carcabuey/?utm_campaign=cerca-v1,FALSE,
Cardeña,14016,AND0021,14/07/2025,Andalucía,AND,FALSE,diariocordoba,Diario Córdoba,FALSE,https://www.diariocordoba.com/cordoba/cardena/?utm_campaign=cerca-v1,FALSE,
Cártama,29038,AND0022,14/07/2025,Andalucía,AND,TRUE,laopiniondemalaga,La Opinión de Málaga,TRUE,https://www.laopiniondemalaga.es/malaga/cartama/?utm_campaign=cerca-v1,FALSE,
Castro del Río,14019,AND0023,14/07/2025,Andalucía,AND,FALSE,diariocordoba,Diario Córdoba,FALSE,https://www.diariocordoba.com/cordoba/castro-rio/?utm_campaign=cerca-v1,FALSE,
Coín,29042,AND0024,14/07/2025,Andalucía,AND,FALSE,laopiniondemalaga,La Opinión de Málaga,FALSE,https://www.laopiniondemalaga.es/malaga/coin/?utm_campaign=cerca-v1,FALSE,
Comarca de Antequera,34_01_29_01,AND0025,14/07/2025,Andalucía,AND,FALSE,laopiniondemalaga,La Opinión de Málaga,FALSE,https://www.laopiniondemalaga.es/malaga/comarca-antequera/?utm_campaign=cerca-v1,FALSE,
Conquista,14020,AND0026,14/07/2025,Andalucía,AND,FALSE,diariocordoba,Diario Córdoba,FALSE,https://www.diariocordoba.com/cordoba/conquista/?utm_campaign=cerca-v1,FALSE,
Costa del Sol Occidental,34_01_29_04,AND0028,14/07/2025,Andalucía,AND,FALSE,laopiniondemalaga,La Opinión de Málaga,FALSE,https://www.laopiniondemalaga.es/costa-sol-occidental/?utm_campaign=cerca-v1,FALSE,
Crónica del Centro,14021_001,AND0029,14/07/2025,Andalucía,AND,TRUE,diariocordoba,Diario Córdoba,FALSE,https://www.diariocordoba.com/cronica-del-centro/?utm_campaign=cerca-v1,FALSE,
Doña Mencía,14022,AND0030,14/07/2025,Andalucía,AND,FALSE,diariocordoba,Diario Córdoba,FALSE,https://www.diariocordoba.com/cordoba/dona-mencia/?utm_campaign=cerca-v1,FALSE,
Dos Torres,14023,AND0031,14/07/2025,Andalucía,AND,FALSE,diariocordoba,Diario Córdoba,FALSE,https://www.diariocordoba.com/cordoba/dos-torres/?utm_campaign=cerca-v1,FALSE,
El Carpio,14018,AND0032,14/07/2025,Andalucía,AND,FALSE,diariocordoba,Diario Córdoba,FALSE,https://www.diariocordoba.com/alto-guadalquivir/carpio/?utm_campaign=cerca-v1,FALSE,
El Guijo,14034,AND0033,14/07/2025,Andalucía,AND,FALSE,diariocordoba,Diario Córdoba,FALSE,https://www.diariocordoba.com/cordoba/guijo/?utm_campaign=cerca-v1,FALSE,
El Viso de los Pedroches,14074,AND0034,14/07/2025,Andalucía,AND,FALSE,diariocordoba,Diario Córdoba,FALSE,https://www.diariocordoba.com/cordoba/viso/?utm_campaign=cerca-v1,FALSE,
Encinas Reales,14024,AND0035,14/07/2025,Andalucía,AND,FALSE,diariocordoba,Diario Córdoba,FALSE,https://www.diariocordoba.com/cordoba/encinas-reales/?utm_campaign=cerca-v1,FALSE,
Espejo,14025,AND0036,14/07/2025,Andalucía,AND,FALSE,diariocordoba,Diario Córdoba,FALSE,https://www.diariocordoba.com/cordoba/espejo/?utm_campaign=cerca-v1,FALSE,
Espiel,14026,AND0037,14/07/2025,Andalucía,AND,FALSE,diariocordoba,Diario Córdoba,FALSE,https://www.diariocordoba.com/cordoba/espiel/?utm_campaign=cerca-v1,FALSE,
Estepona,29051,AND0038,14/07/2025,Andalucía,AND,FALSE,laopiniondemalaga,La Opinión de Málaga,TRUE,https://www.laopiniondemalaga.es/costa-sol-occidental/estepona/?utm_campaign=cerca-v1,FALSE,
Fernán Núñez,14027,AND0039,14/07/2025,Andalucía,AND,FALSE,diariocordoba,Diario Córdoba,FALSE,https://www.diariocordoba.com/cordoba/fernan-nunez/?utm_campaign=cerca-v1,FALSE,
Fuengirola,29054,AND0040,14/07/2025,Andalucía,AND,FALSE,laopiniondemalaga,La Opinión de Málaga,TRUE,https://www.laopiniondemalaga.es/costa-sol-occidental/fuengirola/?utm_campaign=cerca-v1,FALSE,
Fuente Carreteros,14901,AND0041,14/07/2025,Andalucía,AND,FALSE,diariocordoba,Diario Córdoba,FALSE,https://www.diariocordoba.com/cordoba/fuente-carreteros/?utm_campaign=cerca-v1,FALSE,
Fuente Obejuna,14029,AND0042,14/07/2025,Andalucía,AND,FALSE,diariocordoba,Diario Córdoba,FALSE,https://www.diariocordoba.com/cordoba/fuente-obejuna/?utm_campaign=cerca-v1,FALSE,
Fuente Palmera,14030,AND0043,14/07/2025,Andalucía,AND,FALSE,diariocordoba,Diario Córdoba,FALSE,https://www.diariocordoba.com/cordoba/fuente-palmera/?utm_campaign=cerca-v1,FALSE,
Fuente Tójar,14031,AND0044,14/07/2025,Andalucía,AND,FALSE,diariocordoba,Diario Córdoba,FALSE,https://www.diariocordoba.com/cordoba/fuente-tojar/?utm_campaign=cerca-v1,FALSE,
Guadalcázar,14033,AND0045,14/07/2025,Andalucía,AND,FALSE,diariocordoba,Diario Córdoba,FALSE,https://www.diariocordoba.com/cordoba/guadalcazar/?utm_campaign=cerca-v1,FALSE,
Guadalteba,34_01_29_03,AND0046,14/07/2025,Andalucía,AND,FALSE,laopiniondemalaga,La Opinión de Málaga,FALSE,https://www.laopiniondemalaga.es/malaga/guadalteba/?utm_campaign=cerca-v1,FALSE,
Hinojosa del Duque,14035,AND0047,14/07/2025,Andalucía,AND,FALSE,diariocordoba,Diario Córdoba,FALSE,https://www.diariocordoba.com/cordoba/hinojosa-duque/?utm_campaign=cerca-v1,FALSE,
Hornachuelos,14036,AND0048,14/07/2025,Andalucía,AND,FALSE,diariocordoba,Diario Córdoba,FALSE,https://www.diariocordoba.com/cordoba/hornachuelos/?utm_campaign=cerca-v1,FALSE,
Iznájar,14037,AND0049,14/07/2025,Andalucía,AND,FALSE,diariocordoba,Diario Córdoba,FALSE,https://www.diariocordoba.com/cordoba/iznajar/?utm_campaign=cerca-v1,FALSE,
La Axarquía,34_01_29_02,AND0050,14/07/2025,Andalucía,AND,FALSE,laopiniondemalaga,La Opinión de Málaga,FALSE,https://www.laopiniondemalaga.es/axarquia/?utm_campaign=cerca-v1,FALSE,
La Carlota,14017,AND0051,14/07/2025,Andalucía,AND,FALSE,diariocordoba,Diario Córdoba,FALSE,https://www.diariocordoba.com/cordoba/carlota/?utm_campaign=cerca-v1,FALSE,
La Granjuela,14032,AND0052,14/07/2025,Andalucía,AND,FALSE,diariocordoba,Diario Córdoba,FALSE,https://www.diariocordoba.com/cordoba/granjuela/?utm_campaign=cerca-v1,FALSE,
La Guijarrosa,14902,AND0053,14/07/2025,Andalucía,AND,FALSE,diariocordoba,Diario Córdoba,FALSE,https://www.diariocordoba.com/cordoba/guijarrosa/?utm_campaign=cerca-v1,FALSE,
La Rambla,14057,AND0054,14/07/2025,Andalucía,AND,FALSE,diariocordoba,Diario Córdoba,FALSE,https://www.diariocordoba.com/cordoba/rambla/?utm_campaign=cerca-v1,FALSE,
La Victoria,14065,AND0055,14/07/2025,Andalucía,AND,FALSE,diariocordoba,Diario Córdoba,FALSE,https://www.diariocordoba.com/cordoba/victoria/?utm_campaign=cerca-v1,FALSE,
Los Blázquez,14011,AND0056,14/07/2025,Andalucía,AND,FALSE,diariocordoba,Diario Córdoba,FALSE,https://www.diariocordoba.com/cordoba/blazquez/?utm_campaign=cerca-v1,FALSE,
Lucena,14038,AND0057,14/07/2025,Andalucía,AND,TRUE,diariocordoba,Diario Córdoba,TRUE,https://www.diariocordoba.com/cordoba/lucena/?utm_campaign=cerca-v1,FALSE,
Málaga,29067,AND0058,14/07/2025,Andalucía,AND,FALSE,laopiniondemalaga,La Opinión de Málaga,TRUE,https://www.laopiniondemalaga.es/malaga/?utm_campaign=cerca-v1,FALSE,
Marbella,29069,AND0059,14/07/2025,Andalucía,AND,FALSE,laopiniondemalaga,La Opinión de Málaga,TRUE,https://www.laopiniondemalaga.es/marbella/?utm_campaign=cerca-v1,FALSE,
Media Principal,,AND0060,14/07/2025,Andalucía,AND,FALSE,diariocordoba,Diario Córdoba,TRUE,,TRUE,https://www.diariocordoba.com/municipios.html
Media Principal,,AND0061,14/07/2025,Andalucía,AND,FALSE,elcorreodeandalucia,El Correo de Andalucía,FALSE,,FALSE,
Media Principal,,AND0062,14/07/2025,Andalucía,AND,FALSE,laopiniondemalaga,La Opinión de Málaga,TRUE,,TRUE,https://www.laopiniondemalaga.es/municipios.html
Mijas,29070,AND0063,14/07/2025,Andalucía,AND,FALSE,laopiniondemalaga,La Opinión de Málaga,TRUE,https://www.laopiniondemalaga.es/costa-sol-occidental/mijas/?utm_campaign=cerca-v1,FALSE,
Montemayor,14041,AND0064,14/07/2025,Andalucía,AND,FALSE,diariocordoba,Diario Córdoba,FALSE,https://www.diariocordoba.com/cordoba/montemayor/?utm_campaign=cerca-v1,FALSE,
Montilla,14042,AND0065,14/07/2025,Andalucía,AND,TRUE,diariocordoba,Diario Córdoba,TRUE,https://www.diariocordoba.com/cordoba/montilla/?utm_campaign=cerca-v1,FALSE,
Montoro,14043,AND0066,14/07/2025,Andalucía,AND,TRUE,diariocordoba,Diario Córdoba,FALSE,https://www.diariocordoba.com/alto-guadalquivir/montoro/?utm_campaign=cerca-v1,FALSE,
Monturque,14044,AND0067,14/07/2025,Andalucía,AND,FALSE,diariocordoba,Diario Córdoba,FALSE,https://www.diariocordoba.com/cordoba/monturque/?utm_campaign=cerca-v1,FALSE,
Nerja,29075,AND0068,14/07/2025,Andalucía,AND,FALSE,laopiniondemalaga,La Opinión de Málaga,FALSE,https://www.laopiniondemalaga.es/axarquia/nerja/?utm_campaign=cerca-v1,FALSE,
Nororma,34_01_29_06,AND0069,14/07/2025,Andalucía,AND,FALSE,laopiniondemalaga,La Opinión de Málaga,FALSE,https://www.laopiniondemalaga.es/malaga/comarca-nororma/?utm_campaign=cerca-v1,FALSE,
Nueva Carteya,14046,AND0070,14/07/2025,Andalucía,AND,FALSE,diariocordoba,Diario Córdoba,FALSE,https://www.diariocordoba.com/cordoba/nueva-carteya/?utm_campaign=cerca-v1,FALSE,
Obejo,14047,AND0071,14/07/2025,Andalucía,AND,FALSE,diariocordoba,Diario Córdoba,FALSE,https://www.diariocordoba.com/cordoba/obejo/?utm_campaign=cerca-v1,FALSE,
Palenciana,14048,AND0072,14/07/2025,Andalucía,AND,FALSE,diariocordoba,Diario Córdoba,FALSE,https://www.diariocordoba.com/cordoba/palenciana/?utm_campaign=cerca-v1,FALSE,
Palma del Río,14049,AND0073,14/07/2025,Andalucía,AND,TRUE,diariocordoba,Diario Córdoba,TRUE,https://www.diariocordoba.com/cordoba/palma-rio/?utm_campaign=cerca-v1,FALSE,
Pedroche,14051,AND0074,14/07/2025,Andalucía,AND,FALSE,diariocordoba,Diario Córdoba,FALSE,https://www.diariocordoba.com/cordoba/pedroche/?utm_campaign=cerca-v1,FALSE,
Peñarroya-Pueblonuevo,14052,AND0075,14/07/2025,Andalucía,AND,FALSE,diariocordoba,Diario Córdoba,FALSE,https://www.diariocordoba.com/cordoba/penarroya-pueblonuevo/?utm_campaign=cerca-v1,FALSE,
Posadas,14053,AND0076,14/07/2025,Andalucía,AND,FALSE,diariocordoba,Diario Córdoba,FALSE,https://www.diariocordoba.com/cordoba/posadas/?utm_campaign=cerca-v1,FALSE,
Pozoblanco,14054,AND0077,14/07/2025,Andalucía,AND,TRUE,diariocordoba,Diario Córdoba,TRUE,https://www.diariocordoba.com/cordoba/pozoblanco/?utm_campaign=cerca-v1,FALSE,
Priego,16170,AND0078,14/07/2025,Andalucía,AND,FALSE,diariocordoba,Diario Córdoba,TRUE,https://www.diariocordoba.com/cordoba/priego/?utm_campaign=cerca-v1,FALSE,
Puente Genil,14056,AND0079,14/07/2025,Andalucía,AND,FALSE,diariocordoba,Diario Córdoba,TRUE,https://www.diariocordoba.com/cordoba/puente-genil/?utm_campaign=cerca-v1,FALSE,
Rincón de La Victoria,29082,AND0080,14/07/2025,Andalucía,AND,FALSE,laopiniondemalaga,La Opinión de Málaga,TRUE,https://www.laopiniondemalaga.es/axarquia/rincon-de-la-victoria/?utm_campaign=cerca-v1,FALSE,
Ronda,29084,AND0081,14/07/2025,Andalucía,AND,FALSE,laopiniondemalaga,La Opinión de Málaga,FALSE,https://www.laopiniondemalaga.es/malaga/ronda/?utm_campaign=cerca-v1,FALSE,
Rute,14058,AND0082,14/07/2025,Andalucía,AND,FALSE,diariocordoba,Diario Córdoba,FALSE,https://www.diariocordoba.com/cordoba/rute/?utm_campaign=cerca-v1,FALSE,
S.S. de los Ballesteros,14059,AND0083,14/07/2025,Andalucía,AND,FALSE,diariocordoba,Diario Córdoba,FALSE,https://www.diariocordoba.com/cordoba/san-sebastian-ballesteros/?utm_campaign=cerca-v1,FALSE,
Santa Eufemia,14061,AND0084,14/07/2025,Andalucía,AND,FALSE,diariocordoba,Diario Córdoba,FALSE,https://www.diariocordoba.com/cordoba/santa-eufemia/?utm_campaign=cerca-v1,FALSE,
Santaella,14060,AND0085,14/07/2025,Andalucía,AND,FALSE,diariocordoba,Diario Córdoba,FALSE,https://www.diariocordoba.com/cordoba/santaella/?utm_campaign=cerca-v1,FALSE,
Serrania de Las Nieves,34_01_29_09,AND0086,14/07/2025,Andalucía,AND,FALSE,laopiniondemalaga,La Opinión de Málaga,FALSE,https://www.laopiniondemalaga.es/malaga/serrania-nieves/?utm_campaign=cerca-v1,FALSE,
Serrania de Ronda,34_01_29_08,AND0087,14/07/2025,Andalucía,AND,FALSE,laopiniondemalaga,La Opinión de Málaga,FALSE,https://www.laopiniondemalaga.es/malaga/serrania-ronda/?utm_campaign=cerca-v1,FALSE,
Torrecampo,14062,AND0090,14/07/2025,Andalucía,AND,FALSE,diariocordoba,Diario Córdoba,FALSE,https://www.diariocordoba.com/cordoba/torrecampo/?utm_campaign=cerca-v1,FALSE,
Torremolinos,29901,AND0091,14/07/2025,Andalucía,AND,TRUE,laopiniondemalaga,La Opinión de Málaga,TRUE,https://www.laopiniondemalaga.es/costa-sol-occidental/torremolinos/?utm_campaign=cerca-v1,FALSE,
Torrox,29091,AND0092,14/07/2025,Andalucía,AND,FALSE,laopiniondemalaga,La Opinión de Málaga,FALSE,https://www.laopiniondemalaga.es/axarquia/torrox/?utm_campaign=cerca-v1,FALSE,
Valenzuela,14063,AND0093,14/07/2025,Andalucía,AND,FALSE,diariocordoba,Diario Córdoba,FALSE,https://www.diariocordoba.com/cordoba/valenzuela/?utm_campaign=cerca-v1,FALSE,
Valle Guadalhorce,34_01_29_07,AND0094,14/07/2025,Andalucía,AND,FALSE,laopiniondemalaga,La Opinión de Málaga,FALSE,https://www.laopiniondemalaga.es/malaga/comarca-valle-guadalhorce/?utm_campaign=cerca-v1,FALSE,
Valsequillo,14064,AND0095,14/07/2025,Andalucía,AND,FALSE,diariocordoba,Diario Córdoba,FALSE,https://www.diariocordoba.com/cordoba/valsequillo/?utm_campaign=cerca-v1,FALSE,
Vélez-Málaga,29094,AND0096,14/07/2025,Andalucía,AND,FALSE,laopiniondemalaga,La Opinión de Málaga,TRUE,https://www.laopiniondemalaga.es/axarquia/velez-malaga/?utm_campaign=cerca-v1,FALSE,
Villa del Río,14066,AND0097,14/07/2025,Andalucía,AND,FALSE,diariocordoba,Diario Córdoba,FALSE,https://www.diariocordoba.com/alto-guadalquivir/villa-rio/?utm_campaign=cerca-v1,FALSE,
Villaharta,14068,AND0098,14/07/2025,Andalucía,AND,FALSE,diariocordoba,Diario Córdoba,FALSE,https://www.diariocordoba.com/cordoba/villaharta/?utm_campaign=cerca-v1,FALSE,
Villanueva de Córdoba,14069,AND0099,14/07/2025,Andalucía,AND,FALSE,diariocordoba,Diario Córdoba,FALSE,https://www.diariocordoba.com/cordoba/villanueva-cordoba/?utm_campaign=cerca-v1,FALSE,
Villanueva del Duque,14070,AND0100,14/07/2025,Andalucía,AND,FALSE,diariocordoba,Diario Córdoba,FALSE,https://www.diariocordoba.com/cordoba/villanueva-duque/?utm_campaign=cerca-v1,FALSE,
Villanueva del Rey,14071,AND0101,14/07/2025,Andalucía,AND,FALSE,diariocordoba,Diario Córdoba,FALSE,https://www.diariocordoba.com/cordoba/villanueva-rey/?utm_campaign=cerca-v1,FALSE,
Villaralto,14072,AND0102,14/07/2025,Andalucía,AND,FALSE,diariocordoba,Diario Córdoba,FALSE,https://www.diariocordoba.com/cordoba/villaralto/?utm_campaign=cerca-v1,FALSE,
Villaviciosa de Córdoba,33076,AND0103,14/07/2025,Andalucía,AND,FALSE,diariocordoba,Diario Córdoba,FALSE,https://www.diariocordoba.com/cordoba/villaviciosa-cordoba/?utm_campaign=cerca-v1,FALSE,
Zuheros,14075,AND0104,14/07/2025,Andalucía,AND,FALSE,diariocordoba,Diario Córdoba,FALSE,https://www.diariocordoba.com/cordoba/zuheros/?utm_campaign=cerca-v1,FALSE,
Alagón,50008,AR0001,14/07/2025,Aragón,AR,FALSE,elperiodicodearagon,El Periódico de Aragón,FALSE,https://www.elperiodicodearagon.com/aragon/alagon/?utm_campaign=cerca-v1,FALSE,
Albalate del Arzobispo,44008,AR0002,14/07/2025,Aragón,AR,FALSE,elperiodicodearagon,El Periódico de Aragón,FALSE,https://www.elperiodicodearagon.com/aragon/albalate-del-arzobispo/?utm_campaign=cerca-v1,FALSE,
Albarracín,44009,AR0003,14/07/2025,Aragón,AR,FALSE,elperiodicodearagon,El Periódico de Aragón,FALSE,https://www.elperiodicodearagon.com/aragon/albarracin/?utm_campaign=cerca-v1,FALSE,
Alcañiz,44013,AR0004,14/07/2025,Aragón,AR,FALSE,elperiodicodearagon,El Periódico de Aragón,TRUE,https://www.elperiodicodearagon.com/aragon/alcaniz/?utm_campaign=cerca-v1,FALSE,
Alcorisa,44014,AR0005,14/07/2025,Aragón,AR,FALSE,elperiodicodearagon,El Periódico de Aragón,FALSE,https://www.elperiodicodearagon.com/aragon/alcorisa/?utm_campaign=cerca-v1,FALSE,
Andorra,44025,AR0006,14/07/2025,Aragón,AR,FALSE,elperiodicodearagon,El Periódico de Aragón,TRUE,https://www.elperiodicodearagon.com/aragon/andorra/?utm_campaign=cerca-v1,FALSE,
Barbastro,22048,AR0007,14/07/2025,Aragón,AR,FALSE,elperiodicodearagon,El Periódico de Aragón,TRUE,https://www.elperiodicodearagon.com/aragon/barbastro/?utm_campaign=cerca-v1,FALSE,
Binéfar,22061,AR0008,14/07/2025,Aragón,AR,FALSE,elperiodicodearagon,El Periódico de Aragón,TRUE,https://www.elperiodicodearagon.com/aragon/binefar/?utm_campaign=cerca-v1,FALSE,
Cadrete,50066,AR0009,14/07/2025,Aragón,AR,FALSE,elperiodicodearagon,El Periódico de Aragón,FALSE,https://www.elperiodicodearagon.com/aragon/cadrete/?utm_campaign=cerca-v1,FALSE,
Calamocha,44050,AR0010,14/07/2025,Aragón,AR,FALSE,elperiodicodearagon,El Periódico de Aragón,TRUE,https://www.elperiodicodearagon.com/aragon/calamocha/?utm_campaign=cerca-v1,FALSE,
Calatayud,50067,AR0011,14/07/2025,Aragón,AR,FALSE,elperiodicodearagon,El Periódico de Aragón,TRUE,https://www.elperiodicodearagon.com/aragon/calatayud/?utm_campaign=cerca-v1,FALSE,
Campo de Belchite,50045,AR0012,14/07/2025,Aragón,AR,TRUE,elperiodicodearagon,El Periódico de Aragón,FALSE,https://www.elperiodicodearagon.com/zaragoza/campo-de-belchite/?utm_campaign=cerca-v1,FALSE,
Campo de Borja,34_02_50_04,AR0013,14/07/2025,Aragón,AR,TRUE,elperiodicodearagon,El Periódico de Aragón,FALSE,https://www.elperiodicodearagon.com/aragon/campo-de-borja/?utm_campaign=cerca-v1,FALSE,
Campo de Cariñena,34_02_50_05,AR0014,14/07/2025,Aragón,AR,TRUE,elperiodicodearagon,El Periódico de Aragón,FALSE,https://www.elperiodicodearagon.com/aragon/campo-de-carinena/?utm_campaign=cerca-v1,FALSE,
Canfranc,22078,AR0015,14/07/2025,Aragón,AR,FALSE,elperiodicodearagon,El Periódico de Aragón,FALSE,https://www.elperiodicodearagon.com/aragon/canfranc/?utm_campaign=cerca-v1,FALSE,
Caspe,50074,AR0016,14/07/2025,Aragón,AR,FALSE,elperiodicodearagon,El Periódico de Aragón,TRUE,https://www.elperiodicodearagon.com/aragon/caspe/?utm_campaign=cerca-v1,FALSE,
Cella,44076,AR0017,14/07/2025,Aragón,AR,FALSE,elperiodicodearagon,El Periódico de Aragón,FALSE,https://www.elperiodicodearagon.com/aragon/cella/?utm_campaign=cerca-v1,FALSE,
Cuarte de Huerva,50089,AR0018,14/07/2025,Aragón,AR,FALSE,elperiodicodearagon,El Periódico de Aragón,TRUE,https://www.elperiodicodearagon.com/aragon/cuarte-de-huerva/?utm_campaign=cerca-v1,FALSE,
Cuencas Mineras,34_02_44_05,AR0019,14/07/2025,Aragón,AR,TRUE,elperiodicodearagon,El Periódico de Aragón,TRUE,https://www.elperiodicodearagon.com/aragon/cuencas-mineras/?utm_campaign=cerca-v1,FALSE,
Daroca,50094,AR0020,14/07/2025,Aragón,AR,FALSE,elperiodicodearagon,El Periódico de Aragón,FALSE,https://www.elperiodicodearagon.com/aragon/daroca/?utm_campaign=cerca-v1,FALSE,
Ejea y sus Pueblos,50095,AR0021,14/07/2025,Aragón,AR,TRUE,elperiodicodearagon,El Periódico de Aragón,TRUE,https://www.elperiodicodearagon.com/aragon/ejea-pueblos/?utm_campaign=cerca-v1,FALSE,
Épila,50099,AR0022,14/07/2025,Aragón,AR,FALSE,elperiodicodearagon,El Periódico de Aragón,FALSE,https://www.elperiodicodearagon.com/aragon/epila/?utm_campaign=cerca-v1,FALSE,
Figueruelas,50107,AR0023,14/07/2025,Aragón,AR,FALSE,elperiodicodearagon,El Periódico de Aragón,FALSE,https://www.elperiodicodearagon.com/aragon/figueruelas/?utm_campaign=cerca-v1,FALSE,
Fraga,22112,AR0024,14/07/2025,Aragón,AR,FALSE,elperiodicodearagon,El Periódico de Aragón,TRUE,https://www.elperiodicodearagon.com/aragon/fraga/?utm_campaign=cerca-v1,FALSE,
Fuendetodos,50114,AR0025,14/07/2025,Aragón,AR,FALSE,elperiodicodearagon,El Periódico de Aragón,FALSE,https://www.elperiodicodearagon.com/aragon/fuendetodos/?utm_campaign=cerca-v1,FALSE,
Gallur,50118,AR0026,14/07/2025,Aragón,AR,FALSE,elperiodicodearagon,El Periódico de Aragón,FALSE,https://www.elperiodicodearagon.com/aragon/gallur/?utm_campaign=cerca-v1,FALSE,
Híjar,44122,AR0027,14/07/2025,Aragón,AR,FALSE,elperiodicodearagon,El Periódico de Aragón,FALSE,https://www.elperiodicodearagon.com/aragon/hijar/?utm_campaign=cerca-v1,FALSE,
Huesca,22125,AR0028,14/07/2025,Aragón,AR,TRUE,elperiodicodearagon,El Periódico de Aragón,TRUE,https://www.elperiodicodearagon.com/aragon/huesca/?utm_campaign=cerca-v1,FALSE,
Jaca,22130,AR0029,14/07/2025,Aragón,AR,FALSE,elperiodicodearagon,El Periódico de Aragón,TRUE,https://www.elperiodicodearagon.com/aragon/jaca/?utm_campaign=cerca-v1,FALSE,
La Muela,50182,AR0030,14/07/2025,Aragón,AR,FALSE,elperiodicodearagon,El Periódico de Aragón,FALSE,https://www.elperiodicodearagon.com/aragon/la-muela/?utm_campaign=cerca-v1,FALSE,
María de Huerva,50163,AR0031,14/07/2025,Aragón,AR,FALSE,elperiodicodearagon,El Periódico de Aragón,FALSE,https://www.elperiodicodearagon.com/aragon/maria-de-huerva/?utm_campaign=cerca-v1,FALSE,
Media Principal,,AR0032,14/07/2025,Aragón,AR,FALSE,elperiodicodearagon,El Periódico de Aragón,TRUE,,TRUE,https://www.elperiodicodearagon.com/municipios.html
Monzón,22158,AR0033,14/07/2025,Aragón,AR,FALSE,elperiodicodearagon,El Periódico de Aragón,TRUE,https://www.elperiodicodearagon.com/aragon/monzon/?utm_campaign=cerca-v1,FALSE,
Ribera Alta del Ebro,34_02_50_10,AR0034,14/07/2025,Aragón,AR,TRUE,elperiodicodearagon,El Periódico de Aragón,FALSE,https://www.elperiodicodearagon.com/zaragoza/ribera-alta-del-ebro/?utm_campaign=cerca-v1,FALSE,
Sallent de Gállego,22204,AR0036,14/07/2025,Aragón,AR,FALSE,elperiodicodearagon,El Periódico de Aragón,FALSE,https://www.elperiodicodearagon.com/aragon/sallent-de-gallego/?utm_campaign=cerca-v1,FALSE,
San Mateo,50235,AR0037,14/07/2025,Aragón,AR,FALSE,elperiodicodearagon,El Periódico de Aragón,FALSE,https://www.elperiodicodearagon.com/aragon/san-mateo/?utm_campaign=cerca-v1,FALSE,
Sariñena,22213,AR0038,14/07/2025,Aragón,AR,FALSE,elperiodicodearagon,El Periódico de Aragón,FALSE,https://www.elperiodicodearagon.com/aragon/sarinena/?utm_campaign=cerca-v1,FALSE,
Tamarite,22225,AR0039,14/07/2025,Aragón,AR,FALSE,elperiodicodearagon,El Periódico de Aragón,FALSE,https://www.elperiodicodearagon.com/aragon/tamarite/?utm_campaign=cerca-v1,FALSE,
Tarazona,50251,AR0040,14/07/2025,Aragón,AR,FALSE,elperiodicodearagon,El Periódico de Aragón,TRUE,https://www.elperiodicodearagon.com/aragon/tarazona/?utm_campaign=cerca-v1,FALSE,
Tauste,50252,AR0041,14/07/2025,Aragón,AR,FALSE,elperiodicodearagon,El Periódico de Aragón,FALSE,https://www.elperiodicodearagon.com/aragon/tauste/?utm_campaign=cerca-v1,FALSE,
Utebo,50272,AR0043,14/07/2025,Aragón,AR,FALSE,elperiodicodearagon,El Periódico de Aragón,TRUE,https://www.elperiodicodearagon.com/aragon/utebo/?utm_campaign=cerca-v1,FALSE,
Utrillas,44238,AR0044,14/07/2025,Aragón,AR,FALSE,elperiodicodearagon,El Periódico de Aragón,FALSE,https://www.elperiodicodearagon.com/aragon/utrillas/?utm_campaign=cerca-v1,FALSE,
La Almunia de Doña Godina,50025,AR0045,14/07/2025,Aragón,AR,TRUE,elperiodicodearagon,El Periódico de Aragón,FALSE,https://www.elperiodicodearagon.com/zaragoza/valdejalon/?utm_campaign=cerca-v1,FALSE,
Villanueva de Sigena,22251,AR0046,14/07/2025,Aragón,AR,FALSE,elperiodicodearagon,El Periódico de Aragón,FALSE,https://www.elperiodicodearagon.com/aragon/villanueva-de-sigena/?utm_campaign=cerca-v1,FALSE,
Zuera,50298,AR0048,14/07/2025,Aragón,AR,FALSE,elperiodicodearagon,El Periódico de Aragón,TRUE,https://www.elperiodicodearagon.com/aragon/zuera/?utm_campaign=cerca-v1,FALSE,
Allande,33001,AST0001,14/07/2025,Asturias,AST,FALSE,lanuevaespana,La Nueva España,FALSE,https://www.lne.es/occidente/allande/?utm_campaign=cerca-v1,FALSE,
Aller,33002,AST0002,14/07/2025,Asturias,AST,FALSE,lanuevaespana,La Nueva España,FALSE,https://www.lne.es/cuencas/aller/?utm_campaign=cerca-v1,FALSE,
Amieva,33003,AST0003,14/07/2025,Asturias,AST,FALSE,lanuevaespana,La Nueva España,FALSE,https://www.lne.es/oriente/amieva/?utm_campaign=cerca-v1,FALSE,
Avilés,33004,AST0004,14/07/2025,Asturias,AST,FALSE,lanuevaespana,La Nueva España,TRUE,https://www.lne.es/aviles/?utm_campaign=cerca-v1,FALSE,
Belmonte de Miranda,33005,AST0005,14/07/2025,Asturias,AST,FALSE,lanuevaespana,La Nueva España,FALSE,https://www.lne.es/occidente/belmonte-de-miranda/?utm_campaign=cerca-v1,FALSE,
Bimenes,33006,AST0006,14/07/2025,Asturias,AST,FALSE,lanuevaespana,La Nueva España,FALSE,https://www.lne.es/centro/bimenes/?utm_campaign=cerca-v1,FALSE,
Boal,33007,AST0007,14/07/2025,Asturias,AST,FALSE,lanuevaespana,La Nueva España,FALSE,https://www.lne.es/occidente/boal/?utm_campaign=cerca-v1,FALSE,
Cabrales,33008,AST0008,14/07/2025,Asturias,AST,FALSE,lanuevaespana,La Nueva España,FALSE,https://www.lne.es/oriente/cabrales/?utm_campaign=cerca-v1,FALSE,
Cabranes,33009,AST0009,14/07/2025,Asturias,AST,FALSE,lanuevaespana,La Nueva España,FALSE,https://www.lne.es/centro/cabranes/?utm_campaign=cerca-v1,FALSE,
Candamo,33010,AST0010,14/07/2025,Asturias,AST,FALSE,lanuevaespana,La Nueva España,FALSE,https://www.lne.es/centro/candamo/?utm_campaign=cerca-v1,FALSE,
Cangas de Onís,33012,AST0012,14/07/2025,Asturias,AST,FALSE,lanuevaespana,La Nueva España,FALSE,https://www.lne.es/oriente/cangas-de-onis/?utm_campaign=cerca-v1,FALSE,
Cangas del Narcea,33011,AST0013,14/07/2025,Asturias,AST,TRUE,lanuevaespana,La Nueva España,FALSE,https://www.lne.es/cangas-del-narcea/?utm_campaign=cerca-v1,FALSE,
Carreño,33014,AST0014,14/07/2025,Asturias,AST,FALSE,lanuevaespana,La Nueva España,FALSE,https://www.lne.es/carreno/?utm_campaign=cerca-v1,FALSE,
Caso,33015,AST0015,14/07/2025,Asturias,AST,FALSE,lanuevaespana,La Nueva España,FALSE,https://www.lne.es/cuencas/caso/?utm_campaign=cerca-v1,FALSE,
Castrillón,33016,AST0016,14/07/2025,Asturias,AST,FALSE,lanuevaespana,La Nueva España,FALSE,https://www.lne.es/aviles/castrillon/?utm_campaign=cerca-v1,FALSE,
Castropol,33017,AST0017,14/07/2025,Asturias,AST,FALSE,lanuevaespana,La Nueva España,FALSE,https://www.lne.es/occidente/castropol/?utm_campaign=cerca-v1,FALSE,
Coaña,33018,AST0018,14/07/2025,Asturias,AST,FALSE,lanuevaespana,La Nueva España,FALSE,https://www.lne.es/occidente/coana/?utm_campaign=cerca-v1,FALSE,
Colunga,33019,AST0019,14/07/2025,Asturias,AST,FALSE,lanuevaespana,La Nueva España,FALSE,https://www.lne.es/oriente/colunga/?utm_campaign=cerca-v1,FALSE,
Corvera,33020,AST0020,14/07/2025,Asturias,AST,FALSE,lanuevaespana,La Nueva España,TRUE,https://www.lne.es/aviles/corvera-de-asturias/?utm_campaign=cerca-v1,FALSE,
Cudillero,33021,AST0021,14/07/2025,Asturias,AST,FALSE,lanuevaespana,La Nueva España,FALSE,https://www.lne.es/occidente/cudillero/?utm_campaign=cerca-v1,FALSE,
Degaña,33022,AST0023,14/07/2025,Asturias,AST,FALSE,lanuevaespana,La Nueva España,FALSE,https://www.lne.es/occidente/degana/?utm_campaign=cerca-v1,FALSE,
El Franco,33023,AST0024,14/07/2025,Asturias,AST,FALSE,lanuevaespana,La Nueva España,FALSE,https://www.lne.es/occidente/el-franco/?utm_campaign=cerca-v1,FALSE,
Gijón,33024,AST0025,14/07/2025,Asturias,AST,FALSE,lanuevaespana,La Nueva España,TRUE,https://www.lne.es/gijon/?utm_campaign=cerca-v1,FALSE,
Gozón,33025,AST0027,14/07/2025,Asturias,AST,FALSE,lanuevaespana,La Nueva España,FALSE,https://www.lne.es/aviles/gozon/?utm_campaign=cerca-v1,FALSE,
Grandas de Salime,33027,AST0029,14/07/2025,Asturias,AST,FALSE,lanuevaespana,La Nueva España,FALSE,https://www.lne.es/occidente/grandas-de-salime/?utm_campaign=cerca-v1,FALSE,
Ibias,33028,AST0030,14/07/2025,Asturias,AST,FALSE,lanuevaespana,La Nueva España,FALSE,https://www.lne.es/occidente/ibias/?utm_campaign=cerca-v1,FALSE,
Illas,33030,AST0031,14/07/2025,Asturias,AST,FALSE,lanuevaespana,La Nueva España,FALSE,https://www.lne.es/aviles/illas/?utm_campaign=cerca-v1,FALSE,
La Calzada,33024_001,AST0032,14/07/2025,Asturias,AST,TRUE,lanuevaespana,La Nueva España,FALSE,https://www.lne.es/gijon/gijon-oeste/la-calzada/?utm_campaign=cerca-v1,FALSE,
La Corredoria,33044_001,AST0033,14/07/2025,Asturias,AST,TRUE,lanuevaespana,La Nueva España,TRUE,https://www.lne.es/oviedo/la-corredoria/?utm_campaign=cerca-v1,FALSE,
Langreo,33031,AST0034,14/07/2025,Asturias,AST,FALSE,lanuevaespana,La Nueva España,FALSE,https://www.lne.es/cuencas/langreo/?utm_campaign=cerca-v1,FALSE,
Lena,33033,AST0036,14/07/2025,Asturias,AST,FALSE,lanuevaespana,La Nueva España,FALSE,https://www.lne.es/cuencas/lena/?utm_campaign=cerca-v1,FALSE,
Llanes,33036,AST0039,14/07/2025,Asturias,AST,FALSE,lanuevaespana,La Nueva España,FALSE,https://www.lne.es/oriente/llanes/?utm_campaign=cerca-v1,FALSE,
Media Principal,,AST0040,14/07/2025,Asturias,AST,FALSE,lanuevaespana,La Nueva España,TRUE,,TRUE,https://www.lne.es/municipios.html
Mieres,33037,AST0041,14/07/2025,Asturias,AST,FALSE,lanuevaespana,La Nueva España,FALSE,https://www.lne.es/cuencas/mieres/?utm_campaign=cerca-v1,FALSE,
Morcín,33038,AST0042,14/07/2025,Asturias,AST,FALSE,lanuevaespana,La Nueva España,FALSE,https://www.lne.es/cuencas/morcin/?utm_campaign=cerca-v1,FALSE,
Muros de Nalón,33039,AST0043,14/07/2025,Asturias,AST,FALSE,lanuevaespana,La Nueva España,FALSE,https://www.lne.es/centro/muros-de-nalon/?utm_campaign=cerca-v1,FALSE,
Nava,33040,AST0044,14/07/2025,Asturias,AST,FALSE,lanuevaespana,La Nueva España,FALSE,https://www.lne.es/centro/nava/?utm_campaign=cerca-v1,FALSE,
Navia,33041,AST0045,14/07/2025,Asturias,AST,FALSE,lanuevaespana,La Nueva España,FALSE,https://www.lne.es/occidente/navia/?utm_campaign=cerca-v1,FALSE,
Noreña,33042,AST0046,14/07/2025,Asturias,AST,FALSE,lanuevaespana,La Nueva España,FALSE,https://www.lne.es/centro/norena/?utm_campaign=cerca-v1,FALSE,
Onís,33043,AST0048,14/07/2025,Asturias,AST,FALSE,lanuevaespana,La Nueva España,FALSE,https://www.lne.es/oriente/onis/?utm_campaign=cerca-v1,FALSE,
Parres,33045,AST0051,14/07/2025,Asturias,AST,FALSE,lanuevaespana,La Nueva España,FALSE,https://www.lne.es/oriente/parres/?utm_campaign=cerca-v1,FALSE,
Peñamera Alta,33046,AST0052,14/07/2025,Asturias,AST,FALSE,lanuevaespana,La Nueva España,FALSE,https://www.lne.es/oriente/penamera-alta/?utm_campaign=cerca-v1,FALSE,
Peñamera Baja,33047,AST0053,14/07/2025,Asturias,AST,FALSE,lanuevaespana,La Nueva España,FALSE,https://www.lne.es/oriente/penamera-baja/?utm_campaign=cerca-v1,FALSE,
Piloña,33049,AST0054,14/07/2025,Asturias,AST,FALSE,lanuevaespana,La Nueva España,FALSE,https://www.lne.es/oriente/pilona/?utm_campaign=cerca-v1,FALSE,
Ponga,33050,AST0055,14/07/2025,Asturias,AST,FALSE,lanuevaespana,La Nueva España,FALSE,https://www.lne.es/oriente/ponga/?utm_campaign=cerca-v1,FALSE,
Pravia,33051,AST0056,14/07/2025,Asturias,AST,FALSE,lanuevaespana,La Nueva España,FALSE,https://www.lne.es/centro/pravia/?utm_campaign=cerca-v1,FALSE,
Proaza,33052,AST0057,14/07/2025,Asturias,AST,FALSE,lanuevaespana,La Nueva España,FALSE,https://www.lne.es/centro/proaza/?utm_campaign=cerca-v1,FALSE,
Quirós,33053,AST0058,14/07/2025,Asturias,AST,FALSE,lanuevaespana,La Nueva España,FALSE,https://www.lne.es/centro/quiros/?utm_campaign=cerca-v1,FALSE,
Ribadedeva,33055,AST0059,14/07/2025,Asturias,AST,FALSE,lanuevaespana,La Nueva España,FALSE,https://www.lne.es/oriente/ribadedeva/?utm_campaign=cerca-v1,FALSE,
Ribadesella,33056,AST0060,14/07/2025,Asturias,AST,FALSE,lanuevaespana,La Nueva España,FALSE,https://www.lne.es/oriente/ribadesella/?utm_campaign=cerca-v1,FALSE,
Ribera de Arriba,33057,AST0061,14/07/2025,Asturias,AST,TRUE,lanuevaespana,La Nueva España,TRUE,https://www.lne.es/ribera-de-arriba/?utm_campaign=cerca-v1,FALSE,
Riosa,33058,AST0062,14/07/2025,Asturias,AST,FALSE,lanuevaespana,La Nueva España,FALSE,https://www.lne.es/cuencas/riosa/?utm_campaign=cerca-v1,FALSE,
San Martín del Rey Aurelio,33060,AST0064,14/07/2025,Asturias,AST,FALSE,lanuevaespana,La Nueva España,FALSE,https://www.lne.es/cuencas/san-martin-del-rey-aurelio/?utm_campaign=cerca-v1,FALSE,
San Tirso de Abres,33063,AST0065,14/07/2025,Asturias,AST,FALSE,lanuevaespana,La Nueva España,FALSE,https://www.lne.es/occidente/san-tirso-de-abres/?utm_campaign=cerca-v1,FALSE,
Santa Eulalia de Oscos,33062,AST0066,14/07/2025,Asturias,AST,FALSE,lanuevaespana,La Nueva España,FALSE,https://www.lne.es/occidente/santa-eulalia-de-oscos/?utm_campaign=cerca-v1,FALSE,
Sariego,33065,AST0067,14/07/2025,Asturias,AST,FALSE,lanuevaespana,La Nueva España,FALSE,https://www.lne.es/centro/sariego/?utm_campaign=cerca-v1,FALSE,
Siero,33066,AST0068,14/07/2025,Asturias,AST,TRUE,lanuevaespana,La Nueva España,TRUE,https://www.lne.es/siero/?utm_campaign=cerca-v1,FALSE,
Sobrescobio,33067,AST0069,14/07/2025,Asturias,AST,FALSE,lanuevaespana,La Nueva España,FALSE,https://www.lne.es/cuencas/sobrescobio/?utm_campaign=cerca-v1,FALSE,
Somiedo,33068,AST0070,14/07/2025,Asturias,AST,FALSE,lanuevaespana,La Nueva España,FALSE,https://www.lne.es/occidente/somiedo/?utm_campaign=cerca-v1,FALSE,
Soto del Barco,33069,AST0071,14/07/2025,Asturias,AST,FALSE,lanuevaespana,La Nueva España,FALSE,https://www.lne.es/aviles/soto-del-barco/?utm_campaign=cerca-v1,FALSE,
Tapia de Casariego,33070,AST0072,14/07/2025,Asturias,AST,FALSE,lanuevaespana,La Nueva España,FALSE,https://www.lne.es/occidente/tapia-de-casariego/?utm_campaign=cerca-v1,FALSE,
Taramundi,33071,AST0073,14/07/2025,Asturias,AST,FALSE,lanuevaespana,La Nueva España,FALSE,https://www.lne.es/occidente/taramundi/?utm_campaign=cerca-v1,FALSE,
Teverga,33072,AST0074,14/07/2025,Asturias,AST,FALSE,lanuevaespana,La Nueva España,FALSE,https://www.lne.es/centro/teverga/?utm_campaign=cerca-v1,FALSE,
Tineo,33073,AST0075,14/07/2025,Asturias,AST,FALSE,lanuevaespana,La Nueva España,FALSE,https://www.lne.es/occidente/tineo/?utm_campaign=cerca-v1,FALSE,
Valdés,33034,AST0076,14/07/2025,Asturias,AST,FALSE,lanuevaespana,La Nueva España,FALSE,https://www.lne.es/occidente/valdes/?utm_campaign=cerca-v1,FALSE,
Vegadeo,33074,AST0077,14/07/2025,Asturias,AST,FALSE,lanuevaespana,La Nueva España,FALSE,https://www.lne.es/occidente/vegadeo/?utm_campaign=cerca-v1,FALSE,
Villaviciosa,33076,AST0078,14/07/2025,Asturias,AST,TRUE,lanuevaespana,La Nueva España,TRUE,https://www.lne.es/villaviciosa/?utm_campaign=cerca-v1,FALSE,
Villayón,33077,AST0079,14/07/2025,Asturias,AST,FALSE,lanuevaespana,La Nueva España,FALSE,https://www.lne.es/occidente/villayon/?utm_campaign=cerca-v1,FALSE,
Yernes y Tameza,33078,AST0080,14/07/2025,Asturias,AST,FALSE,lanuevaespana,La Nueva España,FALSE,https://www.lne.es/centro/yernes-y-tameza/?utm_campaign=cerca-v1,FALSE,
Adeje,38001,CAN0001,14/07/2025,Canarias,CAN,FALSE,eldia,El Día,TRUE,https://www.eldia.es/tenerife/adeje/?utm_campaign=cerca-v1,FALSE,
Agaete,35001,CAN0002,14/07/2025,Canarias,CAN,FALSE,laprovincia,La Provincia,FALSE,https://www.laprovincia.es/gran-canaria/agaete/?utm_campaign=cerca-v1,FALSE,
Agüimes,35002,CAN0003,14/07/2025,Canarias,CAN,FALSE,laprovincia,La Provincia,TRUE,https://www.laprovincia.es/gran-canaria/aguimes/?utm_campaign=cerca-v1,FALSE,
Alajeró,38003,CAN0004,14/07/2025,Canarias,CAN,FALSE,eldia,El Día,FALSE,https://www.eldia.es/la-gomera/alajero/?utm_campaign=cerca-v1,FALSE,
Antigua,35003,CAN0005,14/07/2025,Canarias,CAN,FALSE,laprovincia,La Provincia,FALSE,https://www.laprovincia.es/fuerteventura/antigua/?utm_campaign=cerca-v1,FALSE,
Arafo,38004,CAN0006,14/07/2025,Canarias,CAN,FALSE,eldia,El Día,FALSE,https://www.eldia.es/tenerife/arafo/?utm_campaign=cerca-v1,FALSE,
Arico,38005,CAN0007,14/07/2025,Canarias,CAN,FALSE,eldia,El Día,FALSE,https://www.eldia.es/tenerife/arico/?utm_campaign=cerca-v1,FALSE,
Arona,38006,CAN0008,14/07/2025,Canarias,CAN,FALSE,eldia,El Día,TRUE,https://www.eldia.es/tenerife/arona/?utm_campaign=cerca-v1,FALSE,
Arrecife,35004,CAN0009,14/07/2025,Canarias,CAN,FALSE,laprovincia,La Provincia,TRUE,https://www.laprovincia.es/lanzarote/arrecife/?utm_campaign=cerca-v1,FALSE,
Artenara,35005,CAN0010,14/07/2025,Canarias,CAN,FALSE,laprovincia,La Provincia,FALSE,https://www.laprovincia.es/gran-canaria/artenara/?utm_campaign=cerca-v1,FALSE,
Arucas,35006,CAN0011,14/07/2025,Canarias,CAN,FALSE,laprovincia,La Provincia,TRUE,https://www.laprovincia.es/gran-canaria/arucas/?utm_campaign=cerca-v1,FALSE,
Barlovento,38007,CAN0012,14/07/2025,Canarias,CAN,FALSE,eldia,El Día,FALSE,https://www.eldia.es/la-palma/barlovento/?utm_campaign=cerca-v1,FALSE,
Breña Alta,38008,CAN0013,14/07/2025,Canarias,CAN,FALSE,eldia,El Día,FALSE,https://www.eldia.es/la-palma/brena-alta/?utm_campaign=cerca-v1,FALSE,
Breña Baja,38009,CAN0014,14/07/2025,Canarias,CAN,FALSE,eldia,El Día,FALSE,https://www.eldia.es/la-palma/brena-baja/?utm_campaign=cerca-v1,FALSE,
Buenavista del Norte,38010,CAN0015,14/07/2025,Canarias,CAN,FALSE,eldia,El Día,FALSE,https://www.eldia.es/tenerife/buenavista-del-norte/?utm_campaign=cerca-v1,FALSE,
Candelaria,38011,CAN0016,14/07/2025,Canarias,CAN,FALSE,eldia,El Día,TRUE,https://www.eldia.es/tenerife/candelaria/?utm_campaign=cerca-v1,FALSE,
El Pinar,38901,CAN0017,14/07/2025,Canarias,CAN,FALSE,eldia,El Día,FALSE,https://www.eldia.es/el-hierro/el-pinar/?utm_campaign=cerca-v1,FALSE,
El Rosario,38032,CAN0018,14/07/2025,Canarias,CAN,FALSE,eldia,El Día,FALSE,https://www.eldia.es/tenerife/el-rosario/?utm_campaign=cerca-v1,FALSE,
El Sauzal,38041,CAN0019,14/07/2025,Canarias,CAN,FALSE,eldia,El Día,FALSE,https://www.eldia.es/tenerife/el-sauzal/?utm_campaign=cerca-v1,FALSE,
El Tanque,38044,CAN0020,14/07/2025,Canarias,CAN,FALSE,eldia,El Día,FALSE,https://www.eldia.es/tenerife/el-tanque/?utm_campaign=cerca-v1,FALSE,
Fasnia,38012,CAN0021,14/07/2025,Canarias,CAN,FALSE,eldia,El Día,FALSE,https://www.eldia.es/tenerife/fasnia/?utm_campaign=cerca-v1,FALSE,
Firgas,35008,CAN0022,14/07/2025,Canarias,CAN,FALSE,laprovincia,La Provincia,FALSE,https://www.laprovincia.es/gran-canaria/firgas/?utm_campaign=cerca-v1,FALSE,
Fuencaliente,13042,CAN0023,14/07/2025,Canarias,CAN,FALSE,eldia,El Día,FALSE,https://www.eldia.es/la-palma/fuencaliente/?utm_campaign=cerca-v1,FALSE,
Gáldar,35009,CAN0024,14/07/2025,Canarias,CAN,FALSE,laprovincia,La Provincia,TRUE,https://www.laprovincia.es/gran-canaria/galdar/?utm_campaign=cerca-v1,FALSE,
Garachico,38015,CAN0025,14/07/2025,Canarias,CAN,FALSE,eldia,El Día,FALSE,https://www.eldia.es/tenerife/garachico/?utm_campaign=cerca-v1,FALSE,
Garafía,38016,CAN0026,14/07/2025,Canarias,CAN,FALSE,eldia,El Día,FALSE,https://www.eldia.es/la-palma/garafia/?utm_campaign=cerca-v1,FALSE,
Granadilla de Abona,38017,CAN0027,14/07/2025,Canarias,CAN,FALSE,eldia,El Día,TRUE,https://www.eldia.es/tenerife/granadilla-de-abona/?utm_campaign=cerca-v1,FALSE,
Guía de Isora,38019,CAN0028,14/07/2025,Canarias,CAN,FALSE,eldia,El Día,FALSE,https://www.eldia.es/tenerife/guia-de-isora/?utm_campaign=cerca-v1,FALSE,
Güímar,38020,CAN0029,14/07/2025,Canarias,CAN,FALSE,eldia,El Día,FALSE,https://www.eldia.es/tenerife/guimar/?utm_campaign=cerca-v1,FALSE,
Haría,35010,CAN0030,14/07/2025,Canarias,CAN,FALSE,laprovincia,La Provincia,FALSE,https://www.laprovincia.es/lanzarote/haria/?utm_campaign=cerca-v1,FALSE,
Hermigua,38021,CAN0031,14/07/2025,Canarias,CAN,FALSE,eldia,El Día,FALSE,https://www.eldia.es/la-gomera/hermigua/?utm_campaign=cerca-v1,FALSE,
Icod de los Vinos,38022,CAN0032,14/07/2025,Canarias,CAN,FALSE,eldia,El Día,FALSE,https://www.eldia.es/tenerife/icod-de-los-vinos/?utm_campaign=cerca-v1,FALSE,
Ingenio,35011,CAN0033,14/07/2025,Canarias,CAN,FALSE,laprovincia,La Provincia,TRUE,https://www.laprovincia.es/gran-canaria/ingenio/?utm_campaign=cerca-v1,FALSE,
La Aldea de San Nicolás,35020,CAN0034,14/07/2025,Canarias,CAN,FALSE,laprovincia,La Provincia,FALSE,https://www.laprovincia.es/gran-canaria/la-aldea-de-san-nicolas/?utm_campaign=cerca-v1,FALSE,
La Frontera,38013,CAN0035,14/07/2025,Canarias,CAN,FALSE,eldia,El Día,FALSE,https://www.eldia.es/el-hierro/la-frontera/?utm_campaign=cerca-v1,FALSE,
La Guancha,38018,CAN0036,14/07/2025,Canarias,CAN,FALSE,eldia,El Día,FALSE,https://www.eldia.es/tenerife/la-guancha/?utm_campaign=cerca-v1,FALSE,
La Matanza de Acentejo,38025,CAN0037,14/07/2025,Canarias,CAN,FALSE,eldia,El Día,FALSE,https://www.eldia.es/tenerife/la-matanza-de-acentejo/?utm_campaign=cerca-v1,FALSE,
La Oliva,35014,CAN0038,14/07/2025,Canarias,CAN,FALSE,laprovincia,La Provincia,FALSE,https://www.laprovincia.es/fuerteventura/la-oliva/?utm_campaign=cerca-v1,FALSE,
La Orotava,38026,CAN0039,14/07/2025,Canarias,CAN,FALSE,eldia,El Día,TRUE,https://www.eldia.es/tenerife/la-orotava/?utm_campaign=cerca-v1,FALSE,
La Victoria de Acentejo,38051,CAN0040,14/07/2025,Canarias,CAN,FALSE,eldia,El Día,FALSE,https://www.eldia.es/tenerife/la-victoria-de-acentejo/?utm_campaign=cerca-v1,FALSE,
Los Realejos,38031,CAN0042,14/07/2025,Canarias,CAN,FALSE,eldia,El Día,TRUE,https://www.eldia.es/tenerife/los-realejos/?utm_campaign=cerca-v1,FALSE,
Los Silos,38042,CAN0043,14/07/2025,Canarias,CAN,FALSE,eldia,El Día,FALSE,https://www.eldia.es/tenerife/los-silos/?utm_campaign=cerca-v1,FALSE,
Media Principal,,CAN0044,14/07/2025,Canarias,CAN,FALSE,eldia,El Día,TRUE,,TRUE,https://www.eldia.es/municipios.html
Media Principal,,CAN0045,14/07/2025,Canarias,CAN,FALSE,laprovincia,La Provincia,TRUE,,TRUE,https://www.laprovincia.es/municipios.html
Mogán,35012,CAN0046,14/07/2025,Canarias,CAN,FALSE,laprovincia,La Provincia,FALSE,https://www.laprovincia.es/gran-canaria/mogan/?utm_campaign=cerca-v1,FALSE,
Moya,35013,CAN0047,14/07/2025,Canarias,CAN,FALSE,laprovincia,La Provincia,FALSE,https://www.laprovincia.es/gran-canaria/moya/?utm_campaign=cerca-v1,FALSE,
Pájara,35015,CAN0048,14/07/2025,Canarias,CAN,FALSE,laprovincia,La Provincia,FALSE,https://www.laprovincia.es/fuerteventura/pajara/?utm_campaign=cerca-v1,FALSE,
Puerto de la Cruz,38028,CAN0049,14/07/2025,Canarias,CAN,FALSE,eldia,El Día,TRUE,https://www.eldia.es/tenerife/puerto-de-la-cruz/?utm_campaign=cerca-v1,FALSE,
Puerto del Rosario,35017,CAN0050,14/07/2025,Canarias,CAN,FALSE,laprovincia,La Provincia,TRUE,https://www.laprovincia.es/fuerteventura/puerto-del-rosario/?utm_campaign=cerca-v1,FALSE,
Puntagorda,38029,CAN0051,14/07/2025,Canarias,CAN,FALSE,eldia,El Día,FALSE,https://www.eldia.es/la-palma/puntagorda/?utm_campaign=cerca-v1,FALSE,
San Andrés y Sauces,38033,CAN0052,14/07/2025,Canarias,CAN,FALSE,eldia,El Día,FALSE,https://www.eldia.es/la-palma/san-andres-y-sauces/?utm_campaign=cerca-v1,FALSE,
San Bartolomé,35018,CAN0053,14/07/2025,Canarias,CAN,FALSE,laprovincia,La Provincia,FALSE,https://www.laprovincia.es/lanzarote/san-bartolome/?utm_campaign=cerca-v1,FALSE,
San Bartolomé de Tirajana,35019,CAN0054,14/07/2025,Canarias,CAN,FALSE,laprovincia,La Provincia,TRUE,https://www.laprovincia.es/gran-canaria/san-bartolome-de-tirajana/?utm_campaign=cerca-v1,FALSE,
San Juan de la Rambla,38034,CAN0056,14/07/2025,Canarias,CAN,FALSE,eldia,El Día,FALSE,https://www.eldia.es/tenerife/san-juan-de-la-rambla/?utm_campaign=cerca-v1,FALSE,
San Miguel de Abona,38035,CAN0057,14/07/2025,Canarias,CAN,FALSE,eldia,El Día,FALSE,https://www.eldia.es/tenerife/san-miguel-de-abona/?utm_campaign=cerca-v1,FALSE,
San Sebastián de La Gomera,38036,CAN0058,14/07/2025,Canarias,CAN,FALSE,eldia,El Día,FALSE,https://www.eldia.es/la-gomera/san-sebastian-de-la-gomera/?utm_campaign=cerca-v1,FALSE,
Santa Brígida,35021,CAN0059,14/07/2025,Canarias,CAN,FALSE,laprovincia,La Provincia,FALSE,https://www.laprovincia.es/gran-canaria/santa-brigida/?utm_campaign=cerca-v1,FALSE,
Santa Cruz de La Palma,38037,CAN0060,14/07/2025,Canarias,CAN,FALSE,eldia,El Día,FALSE,https://www.eldia.es/la-palma/santa-cruz-de-la-palma/?utm_campaign=cerca-v1,FALSE,
Santa Lucía de Tirajana,35022,CAN0062,14/07/2025,Canarias,CAN,FALSE,laprovincia,La Provincia,TRUE,https://www.laprovincia.es/gran-canaria/santa-lucia-de-tirajana/?utm_campaign=cerca-v1,FALSE,
Santa María de Guía de Gran Canaria,35023,CAN0063,14/07/2025,Canarias,CAN,FALSE,laprovincia,La Provincia,FALSE,https://www.laprovincia.es/gran-canaria/santa-maria-de-guia-de-gran-canaria/?utm_campaign=cerca-v1,FALSE,
Santa Úrsula,38039,CAN0064,14/07/2025,Canarias,CAN,FALSE,eldia,El Día,FALSE,https://www.eldia.es/tenerife/santa-ursula/?utm_campaign=cerca-v1,FALSE,
Santiago del Teide,38040,CAN0065,14/07/2025,Canarias,CAN,FALSE,eldia,El Día,FALSE,https://www.eldia.es/tenerife/santiago-del-teide/?utm_campaign=cerca-v1,FALSE,
Tacoronte,38043,CAN0066,14/07/2025,Canarias,CAN,FALSE,eldia,El Día,FALSE,https://www.eldia.es/tenerife/tacoronte/?utm_campaign=cerca-v1,FALSE,
Tazacorte,38045,CAN0067,14/07/2025,Canarias,CAN,FALSE,eldia,El Día,FALSE,https://www.eldia.es/la-palma/tazacorte/?utm_campaign=cerca-v1,FALSE,
Tegueste,38046,CAN0068,14/07/2025,Canarias,CAN,FALSE,eldia,El Día,FALSE,https://www.eldia.es/tenerife/tegueste/?utm_campaign=cerca-v1,FALSE,
Teguise,35024,CAN0069,14/07/2025,Canarias,CAN,FALSE,laprovincia,La Provincia,FALSE,https://www.laprovincia.es/lanzarote/teguise/?utm_campaign=cerca-v1,FALSE,
Tejeda,35025,CAN0070,14/07/2025,Canarias,CAN,FALSE,laprovincia,La Provincia,FALSE,https://www.laprovincia.es/gran-canaria/tejeda/?utm_campaign=cerca-v1,FALSE,
Teror,35027,CAN0072,14/07/2025,Canarias,CAN,FALSE,laprovincia,La Provincia,FALSE,https://www.laprovincia.es/gran-canaria/teror/?utm_campaign=cerca-v1,FALSE,
Tías,35028,CAN0073,14/07/2025,Canarias,CAN,FALSE,laprovincia,La Provincia,FALSE,https://www.laprovincia.es/lanzarote/tias/?utm_campaign=cerca-v1,FALSE,
Tijarafe,38047,CAN0074,14/07/2025,Canarias,CAN,FALSE,eldia,El Día,FALSE,https://www.eldia.es/la-palma/tijarafe/?utm_campaign=cerca-v1,FALSE,
Tinajo,35029,CAN0075,14/07/2025,Canarias,CAN,FALSE,laprovincia,La Provincia,FALSE,https://www.laprovincia.es/lanzarote/tinajo/?utm_campaign=cerca-v1,FALSE,
Valleseco,35032,CAN0076,14/07/2025,Canarias,CAN,FALSE,laprovincia,La Provincia,FALSE,https://www.laprovincia.es/gran-canaria/valleseco/?utm_campaign=cerca-v1,FALSE,
Valsequillo de Gran Canaria,35031,CAN0077,14/07/2025,Canarias,CAN,FALSE,laprovincia,La Provincia,FALSE,https://www.laprovincia.es/gran-canaria/valsequillo-de-gran-canaria/?utm_campaign=cerca-v1,FALSE,
Vega de San Mateo,35033,CAN0078,14/07/2025,Canarias,CAN,FALSE,laprovincia,La Provincia,FALSE,https://www.laprovincia.es/gran-canaria/vega-de-san-mateo/?utm_campaign=cerca-v1,FALSE,
Vilaflor,38052,CAN0079,14/07/2025,Canarias,CAN,FALSE,eldia,El Día,FALSE,https://www.eldia.es/tenerife/vilaflor/?utm_campaign=cerca-v1,FALSE,
Villa de Mazo,38053,CAN0080,14/07/2025,Canarias,CAN,FALSE,eldia,El Día,FALSE,https://www.eldia.es/la-palma/villa-de-mazo/?utm_campaign=cerca-v1,FALSE,
Yaiza,35034,CAN0081,14/07/2025,Canarias,CAN,FALSE,laprovincia,La Provincia,FALSE,https://www.laprovincia.es/lanzarote/yaiza/?utm_campaign=cerca-v1,FALSE,
Alcañices,49003,CYL0001,14/07/2025,Castilla y León,CYL,FALSE,laopiniondezamora,La Opinión de Zamora,TRUE,https://www.laopiniondezamora.es/zamora/alcanices/?utm_campaign=cerca-v1,FALSE,
Benavente,49021,CYL0002,14/07/2025,Castilla y León,CYL,TRUE,laopiniondezamora,La Opinión de Zamora,TRUE,https://www.laopiniondezamora.es/benavente/?utm_campaign=cerca-v1,FALSE,
Bermillo de Sayago,49023,CYL0003,14/07/2025,Castilla y León,CYL,FALSE,laopiniondezamora,La Opinión de Zamora,TRUE,https://www.laopiniondezamora.es/zamora/bermillo-de-sayago/?utm_campaign=cerca-v1,FALSE,
Camarzana de Tera,49033,CYL0004,14/07/2025,Castilla y León,CYL,FALSE,laopiniondezamora,La Opinión de Zamora,FALSE,https://www.laopiniondezamora.es/benavente/camarzana-de-tera/?utm_campaign=cerca-v1,FALSE,
Carbajales de Alba,49036,CYL0005,14/07/2025,Castilla y León,CYL,FALSE,laopiniondezamora,La Opinión de Zamora,FALSE,https://www.laopiniondezamora.es/zamora/carbajales-de-alba/?utm_campaign=cerca-v1,FALSE,
Coreses,49053,CYL0006,14/07/2025,Castilla y León,CYL,FALSE,laopiniondezamora,La Opinión de Zamora,FALSE,https://www.laopiniondezamora.es/zamora/coreses/?utm_campaign=cerca-v1,FALSE,
Fermoselle,49065,CYL0007,14/07/2025,Castilla y León,CYL,FALSE,laopiniondezamora,La Opinión de Zamora,TRUE,https://www.laopiniondezamora.es/zamora/fermoselle/?utm_campaign=cerca-v1,FALSE,
Fuentesaúco,49081,CYL0008,14/07/2025,Castilla y León,CYL,FALSE,laopiniondezamora,La Opinión de Zamora,TRUE,https://www.laopiniondezamora.es/zamora/fuentesauco/?utm_campaign=cerca-v1,FALSE,
Galende,49085,CYL0009,14/07/2025,Castilla y León,CYL,FALSE,laopiniondezamora,La Opinión de Zamora,FALSE,https://www.laopiniondezamora.es/zamora/galende/?utm_campaign=cerca-v1,FALSE,
Media Principal,,CYL0010,14/07/2025,Castilla y León,CYL,FALSE,laopiniondezamora,La Opinión de Zamora,TRUE,,TRUE,https://www.laopiniondezamora.es/municipios.html
Morales del Vino,49127,CYL0011,14/07/2025,Castilla y León,CYL,FALSE,laopiniondezamora,La Opinión de Zamora,TRUE,https://www.laopiniondezamora.es/zamora/morales-del-vino/?utm_campaign=cerca-v1,FALSE,
Puebla de Sanabria,49166,CYL0012,14/07/2025,Castilla y León,CYL,FALSE,laopiniondezamora,La Opinión de Zamora,TRUE,https://www.laopiniondezamora.es/zamora/puebla-de-sanabria/?utm_campaign=cerca-v1,FALSE,
Rabanales,49172,CYL0013,14/07/2025,Castilla y León,CYL,FALSE,laopiniondezamora,La Opinión de Zamora,FALSE,https://www.laopiniondezamora.es/zamora/rabanales/?utm_campaign=cerca-v1,FALSE,
San Cristobal de Entreviñas,49187,CYL0014,14/07/2025,Castilla y León,CYL,FALSE,laopiniondezamora,La Opinión de Zamora,TRUE,https://www.laopiniondezamora.es/tags/san-cristobal-de-entrevinas/?utm_campaign=cerca-v1,FALSE,
Toro,49219,CYL0015,14/07/2025,Castilla y León,CYL,TRUE,laopiniondezamora,La Opinión de Zamora,TRUE,https://www.laopiniondezamora.es/toro/?utm_campaign=cerca-v1,FALSE,
Villalpando,49250,CYL0016,14/07/2025,Castilla y León,CYL,FALSE,laopiniondezamora,La Opinión de Zamora,TRUE,https://www.laopiniondezamora.es/zamora/villalpando/?utm_campaign=cerca-v1,FALSE,
Villaralbo,49261,CYL0017,14/07/2025,Castilla y León,CYL,FALSE,laopiniondezamora,La Opinión de Zamora,TRUE,https://www.laopiniondezamora.es/zamora/villaralbo/?utm_campaign=cerca-v1,FALSE,
Villardeciervos,49262,CYL0018,14/07/2025,Castilla y León,CYL,FALSE,laopiniondezamora,La Opinión de Zamora,FALSE,https://www.laopiniondezamora.es/zamora/villardeciervos/?utm_campaign=cerca-v1,FALSE,
Zamora,49275,CYL0019,14/07/2025,Castilla y León,CYL,FALSE,laopiniondezamora,La Opinión de Zamora,TRUE,https://www.laopiniondezamora.es/zamora/?utm_campaign=cerca-v1,FALSE,
Anglès,17008,CA0001,14/07/2025,Cataluña,CA,FALSE,diaridegirona,Diari de Girona,FALSE,https://www.diaridegirona.cat/selva/angles/?utm_campaign=cerca-v1,FALSE,
Artés,08010,CA0002,14/07/2025,Cataluña,CA,FALSE,regio7,Regio 7,FALSE,https://www.regio7.cat/bages/artes/?utm_campaign=cerca-v1,FALSE,
Avià,08011,CA0003,14/07/2025,Cataluña,CA,FALSE,regio7,Regio 7,FALSE,https://www.regio7.cat/bergueda/avia/?utm_campaign=cerca-v1,FALSE,
Balsareny,08018,CA0005,14/07/2025,Cataluña,CA,FALSE,regio7,Regio 7,FALSE,https://www.regio7.cat/bages/balsareny/?utm_campaign=cerca-v1,FALSE,
Banyoles,17015,CA0006,14/07/2025,Cataluña,CA,FALSE,diaridegirona,Diari de Girona,TRUE,https://www.diaridegirona.cat/comarques/banyoles/?utm_campaign=cerca-v1,FALSE,
Barcelona,08019,CA0007,14/07/2025,Cataluña,CA,FALSE,elperiodicodecatalunya,El Periódico,TRUE,https://www.elperiodico.com/es/barcelona/?utm_campaign=cerca-v1,FALSE,
Begur,17013,CA0008,14/07/2025,Cataluña,CA,FALSE,diaridegirona,Diari de Girona,FALSE,https://www.diaridegirona.cat/baix-emporda/begur/?utm_campaign=cerca-v1,FALSE,
Bellver de Cerdanya,25051,CA0009,14/07/2025,Cataluña,CA,FALSE,regio7,Regio 7,FALSE,https://www.regio7.cat/cerdanya-alt-urgell/bellver-de-cerdanya/?utm_campaign=cerca-v1,FALSE,
Berga,08022,CA0010,14/07/2025,Cataluña,CA,FALSE,regio7,Regio 7,TRUE,https://www.regio7.cat/bergueda/berga/?utm_campaign=cerca-v1,FALSE,
Besalú,17019,CA0011,14/07/2025,Cataluña,CA,FALSE,diaridegirona,Diari de Girona,FALSE,https://www.diaridegirona.cat/comarques/besalu/?utm_campaign=cerca-v1,FALSE,
Bescanó,17020,CA0012,14/07/2025,Cataluña,CA,FALSE,diaridegirona,Diari de Girona,FALSE,https://www.diaridegirona.cat/comarques/bescano/?utm_campaign=cerca-v1,FALSE,
Blanes,17023,CA0013,14/07/2025,Cataluña,CA,FALSE,diaridegirona,Diari de Girona,TRUE,https://www.diaridegirona.cat/selva/blanes/?utm_campaign=cerca-v1,FALSE,
Cadaqués,17032,CA0014,14/07/2025,Cataluña,CA,FALSE,diaridegirona,Diari de Girona,FALSE,https://www.diaridegirona.cat/alt-emporda/cadaques/?utm_campaign=cerca-v1,FALSE,
Camprodon,17039,CA0016,14/07/2025,Cataluña,CA,FALSE,diaridegirona,Diari de Girona,FALSE,https://www.diaridegirona.cat/comarques/camprodon/?utm_campaign=cerca-v1,FALSE,
Cardona,08047,CA0017,14/07/2025,Cataluña,CA,FALSE,regio7,Regio 7,FALSE,https://www.regio7.cat/bages/cardona/?utm_campaign=cerca-v1,FALSE,
Cassà de la Selva,17044,CA0018,14/07/2025,Cataluña,CA,FALSE,diaridegirona,Diari de Girona,FALSE,https://www.diaridegirona.cat/comarques/cassa-de-la-selva/?utm_campaign=cerca-v1,FALSE,
Castell-Platja d'Aro,17048,CA0019,14/07/2025,Cataluña,CA,FALSE,diaridegirona,Diari de Girona,FALSE,https://www.diaridegirona.cat/baix-emporda/castell-platja-daro/?utm_campaign=cerca-v1,FALSE,
Castellbell i el Vilar,08053,CA0021,14/07/2025,Cataluña,CA,FALSE,regio7,Regio 7,FALSE,https://www.regio7.cat/bages/castellbell-i-el-vilar/?utm_campaign=cerca-v1,FALSE,
Castelló d'Empúries,17047,CA0023,14/07/2025,Cataluña,CA,FALSE,diaridegirona,Diari de Girona,FALSE,https://www.diaridegirona.cat/alt-emporda/castello-dempuries/?utm_campaign=cerca-v1,FALSE,
Castelló d'Empúries,17047,CA0024,14/07/2025,Cataluña,CA,TRUE,emporda,Empordà,TRUE,https://www.emporda.info/comarca/castello-d-empuries/?utm_campaign=cerca-v1,FALSE,
El Prat de Llobregat,08169,CA0026,14/07/2025,Cataluña,CA,FALSE,elperiodicodecatalunya,El Periódico,FALSE,https://www.elperiodico.com/es/lugares/el-prat-de-llobregat-15275?utm_campaign=cerca-v1,FALSE,
Esparreguera,08076,CA0028,14/07/2025,Cataluña,CA,FALSE,regio7,Regio 7,FALSE,https://www.regio7.cat/anoia-baix-llobregat/esparreguera/?utm_campaign=cerca-v1,FALSE,
Figueres,17066,CA0030,14/07/2025,Cataluña,CA,FALSE,diaridegirona,Diari de Girona,TRUE,https://www.diaridegirona.cat/alt-emporda/figueres/?utm_campaign=cerca-v1,FALSE,
Forallac,17902,CA0032,14/07/2025,Cataluña,CA,FALSE,diaridegirona,Diari de Girona,FALSE,https://www.diaridegirona.cat/baix-emporda/forallac/?utm_campaign=cerca-v1,FALSE,
Girona,17079,CA0034,14/07/2025,Cataluña,CA,FALSE,diaridegirona,Diari de Girona,TRUE,https://www.diaridegirona.cat/girona/?utm_campaign=cerca-v1,FALSE,
Gironella,08092,CA0035,14/07/2025,Cataluña,CA,FALSE,regio7,Regio 7,FALSE,https://www.regio7.cat/bergueda/gironella/?utm_campaign=cerca-v1,FALSE,
Igualada,08102,CA0037,14/07/2025,Cataluña,CA,FALSE,regio7,Regio 7,TRUE,https://www.regio7.cat/anoia-baix-llobregat/igualada/?utm_campaign=cerca-v1,FALSE,
L'Escala,17062,CA0038,14/07/2025,Cataluña,CA,FALSE,diaridegirona,Diari de Girona,FALSE,https://www.diaridegirona.cat/alt-emporda/lescala/?utm_campaign=cerca-v1,FALSE,
L'Escala,17062,CA0039,14/07/2025,Cataluña,CA,TRUE,emporda,Empordà,TRUE,https://www.emporda.info/comarca/l-escala/?utm_campaign=cerca-v1,FALSE,
La Bisbal d'Empordà,17022,CA0043,14/07/2025,Cataluña,CA,FALSE,diaridegirona,Diari de Girona,FALSE,https://www.diaridegirona.cat/baix-emporda/la-bisbal-demporda/?utm_campaign=cerca-v1,FALSE,
La Jonquera,17086,CA0045,14/07/2025,Cataluña,CA,FALSE,emporda,Empordà,TRUE,https://www.emporda.info/comarca/la-jonquera/?utm_campaign=cerca-v1,FALSE,
La Seu d'Urgell,25203,CA0046,14/07/2025,Cataluña,CA,FALSE,regio7,Regio 7,TRUE,https://www.regio7.cat/cerdanya-alt-urgell/la-seu-d-urgell/?utm_campaign=cerca-v1,FALSE,
Les Planes d'Hostoles,17133,CA0047,14/07/2025,Cataluña,CA,FALSE,diaridegirona,Diari de Girona,FALSE,https://www.diaridegirona.cat/comarques/les-planes-dhostoles/?utm_campaign=cerca-v1,FALSE,
Llagostera,17089,CA0048,14/07/2025,Cataluña,CA,FALSE,diaridegirona,Diari de Girona,FALSE,https://www.diaridegirona.cat/comarques/llagostera/?utm_campaign=cerca-v1,FALSE,
Llançà,17092,CA0049,14/07/2025,Cataluña,CA,FALSE,diaridegirona,Diari de Girona,FALSE,https://www.diaridegirona.cat/alt-emporda/llanca/?utm_campaign=cerca-v1,FALSE,
Llançà,17092,CA0050,14/07/2025,Cataluña,CA,FALSE,emporda,Empordà,TRUE,https://www.emporda.info/tags/llanca/?utm_campaign=cerca-v1,FALSE,
Llí­via,17094,CA0051,14/07/2025,Cataluña,CA,FALSE,regio7,Regio 7,FALSE,https://www.regio7.cat/cerdanya-alt-urgell/llivia/?utm_campaign=cerca-v1,FALSE,
Lloret de Mar,17095,CA0052,14/07/2025,Cataluña,CA,FALSE,diaridegirona,Diari de Girona,TRUE,https://www.diaridegirona.cat/selva/lloret-de-mar/?utm_campaign=cerca-v1,FALSE,
Media Principal,,CA0057,14/07/2025,Cataluña,CA,FALSE,diaridegirona,Diari de Girona,TRUE,,TRUE,https://www.diaridegirona.cat/municipis.html
Media Principal,,CA0058,14/07/2025,Cataluña,CA,FALSE,elperiodicodecatalunya,El Periódico,FALSE,,FALSE,
Media Principal,,CA0059,14/07/2025,Cataluña,CA,FALSE,emporda,Empordà,TRUE,,TRUE,https://www.emporda.info/municipis.html
Media Principal,,CA0060,14/07/2025,Cataluña,CA,FALSE,regio7,Regio 7,TRUE,,TRUE,https://www.regio7.cat/municipis.html
Moià,08138,CA0061,14/07/2025,Cataluña,CA,FALSE,regio7,Regio 7,TRUE,https://www.regio7.cat/moianes/moia/?utm_campaign=cerca-v1,FALSE,
Navarcles,08140,CA0063,14/07/2025,Cataluña,CA,FALSE,regio7,Regio 7,FALSE,https://www.regio7.cat/bages/navarcles/?utm_campaign=cerca-v1,FALSE,
Navàs,08141,CA0064,14/07/2025,Cataluña,CA,FALSE,regio7,Regio 7,FALSE,https://www.regio7.cat/bages/navas/?utm_campaign=cerca-v1,FALSE,
Olot,17114,CA0065,14/07/2025,Cataluña,CA,FALSE,diaridegirona,Diari de Girona,TRUE,https://www.diaridegirona.cat/comarques/olot/?utm_campaign=cerca-v1,FALSE,
Palafrugell,17117,CA0066,14/07/2025,Cataluña,CA,FALSE,diaridegirona,Diari de Girona,TRUE,https://www.diaridegirona.cat/baix-emporda/palafrugell/?utm_campaign=cerca-v1,FALSE,
Palamós,17118,CA0067,14/07/2025,Cataluña,CA,FALSE,diaridegirona,Diari de Girona,FALSE,https://www.diaridegirona.cat/baix-emporda/palamos/?utm_campaign=cerca-v1,FALSE,
Pals,17124,CA0069,14/07/2025,Cataluña,CA,FALSE,diaridegirona,Diari de Girona,FALSE,https://www.diaridegirona.cat/baix-emporda/pals/?utm_campaign=cerca-v1,FALSE,
Piera,08161,CA0071,14/07/2025,Cataluña,CA,FALSE,regio7,Regio 7,TRUE,https://www.regio7.cat/anoia-baix-llobregat/piera/?utm_campaign=cerca-v1,FALSE,
Porqueres,17137,CA0072,14/07/2025,Cataluña,CA,FALSE,diaridegirona,Diari de Girona,FALSE,https://www.diaridegirona.cat/comarques/porqueres/?utm_campaign=cerca-v1,FALSE,
Port de la Selva,17140,CA0073,14/07/2025,Cataluña,CA,FALSE,diaridegirona,Diari de Girona,FALSE,https://www.diaridegirona.cat/alt-emporda/port-de-la-selva/?utm_campaign=cerca-v1,FALSE,
Portbou,17138,CA0074,14/07/2025,Cataluña,CA,FALSE,diaridegirona,Diari de Girona,FALSE,https://www.diaridegirona.cat/alt-emporda/portbou/?utm_campaign=cerca-v1,FALSE,
Puig-reig,08175,CA0075,14/07/2025,Cataluña,CA,FALSE,regio7,Regio 7,FALSE,https://www.regio7.cat/bergueda/puig-reig/?utm_campaign=cerca-v1,FALSE,
Puigcerdà,17141,CA0077,14/07/2025,Cataluña,CA,FALSE,regio7,Regio 7,TRUE,https://www.regio7.cat/cerdanya-alt-urgell/puigcerda/?utm_campaign=cerca-v1,FALSE,
Reus,43123,CA0078,14/07/2025,Cataluña,CA,FALSE,elperiodicodecatalunya,El Periódico,FALSE,https://www.elperiodico.com/es/lugares/reus-19570?utm_campaign=cerca-v1,FALSE,
Ripoll,17147,CA0079,14/07/2025,Cataluña,CA,FALSE,diaridegirona,Diari de Girona,FALSE,https://www.diaridegirona.cat/comarques/ripoll/?utm_campaign=cerca-v1,FALSE,
Roses,17152,CA0080,14/07/2025,Cataluña,CA,FALSE,diaridegirona,Diari de Girona,TRUE,https://www.diaridegirona.cat/alt-emporda/roses/?utm_campaign=cerca-v1,FALSE,
Roses,17152,CA0081,14/07/2025,Cataluña,CA,TRUE,emporda,Empordà,TRUE,https://www.emporda.info/comarca/roses/?utm_campaign=cerca-v1,FALSE,
Sallent,08191,CA0084,14/07/2025,Cataluña,CA,FALSE,regio7,Regio 7,FALSE,https://www.regio7.cat/bages/sallent/?utm_campaign=cerca-v1,FALSE,
Salt,17155,CA0085,14/07/2025,Cataluña,CA,FALSE,diaridegirona,Diari de Girona,TRUE,https://www.diaridegirona.cat/girona/salt/?utm_campaign=cerca-v1,FALSE,
Sant Feliu de Guíxols,17160,CA0089,14/07/2025,Cataluña,CA,FALSE,diaridegirona,Diari de Girona,TRUE,https://www.diaridegirona.cat/baix-emporda/sant-feliu-de-guixols/?utm_campaign=cerca-v1,FALSE,
Sant Fruitós de Bages,08213,CA0090,14/07/2025,Cataluña,CA,FALSE,regio7,Regio 7,TRUE,https://www.regio7.cat/bages/sant-fruitos-de-bages/?utm_campaign=cerca-v1,FALSE,
Sant Gregori,17163,CA0091,14/07/2025,Cataluña,CA,FALSE,diaridegirona,Diari de Girona,FALSE,https://www.diaridegirona.cat/comarques/sant-gregori/?utm_campaign=cerca-v1,FALSE,
Sant Joan de les Abadesses,17167,CA0092,14/07/2025,Cataluña,CA,FALSE,diaridegirona,Diari de Girona,FALSE,https://www.diaridegirona.cat/comarques/sant-joan-de-les-abadesses/?utm_campaign=cerca-v1,FALSE,
Sant Joan de Vilatorrada,08218,CA0093,14/07/2025,Cataluña,CA,FALSE,regio7,Regio 7,TRUE,https://www.regio7.cat/bages/sant-joan-de-vilatorrada/?utm_campaign=cerca-v1,FALSE,
Sant Joan les Fonts,17185,CA0094,14/07/2025,Cataluña,CA,FALSE,diaridegirona,Diari de Girona,FALSE,https://www.diaridegirona.cat/comarques/sant-joan-les-fonts/?utm_campaign=cerca-v1,FALSE,
Sant Julià de Ramis,17169,CA0095,14/07/2025,Cataluña,CA,FALSE,diaridegirona,Diari de Girona,FALSE,https://www.diaridegirona.cat/comarques/sant-julia-de-ramis/?utm_campaign=cerca-v1,FALSE,
Sant Llorenç de Morunys,25193,CA0096,14/07/2025,Cataluña,CA,FALSE,regio7,Regio 7,TRUE,https://www.regio7.cat/solsones/sant-llorenc-de-morunys/?utm_campaign=cerca-v1,FALSE,
Sant Pere Pescador,17178,CA0097,14/07/2025,Cataluña,CA,FALSE,diaridegirona,Diari de Girona,FALSE,https://www.diaridegirona.cat/alt-emporda/sant-pere-pescador/?utm_campaign=cerca-v1,FALSE,
Sant Vicenç de Castellet,08262,CA0098,14/07/2025,Cataluña,CA,FALSE,regio7,Regio 7,FALSE,https://www.regio7.cat/bages/sant-vicenc-de-castellet/?utm_campaign=cerca-v1,FALSE,
Santa Coloma de Farners,17180,CA0100,14/07/2025,Cataluña,CA,FALSE,diaridegirona,Diari de Girona,FALSE,https://www.diaridegirona.cat/selva/santa-coloma-de-farners/?utm_campaign=cerca-v1,FALSE,
Santa Cristina d'Aro,17181,CA0101,14/07/2025,Cataluña,CA,FALSE,diaridegirona,Diari de Girona,FALSE,https://www.diaridegirona.cat/baix-emporda/santa-cristina-daro/?utm_campaign=cerca-v1,FALSE,
Santpedor,08192,CA0102,14/07/2025,Cataluña,CA,FALSE,regio7,Regio 7,FALSE,https://www.regio7.cat/bages/santpedor/?utm_campaign=cerca-v1,FALSE,
Sarrià de Ter,17186,CA0103,14/07/2025,Cataluña,CA,FALSE,diaridegirona,Diari de Girona,FALSE,https://www.diaridegirona.cat/girona/sarria-de-ter/?utm_campaign=cerca-v1,FALSE,
Solsona,25207,CA0104,14/07/2025,Cataluña,CA,FALSE,regio7,Regio 7,TRUE,https://www.regio7.cat/solsones/solsona/?utm_campaign=cerca-v1,FALSE,
Súria,08274,CA0105,14/07/2025,Cataluña,CA,FALSE,regio7,Regio 7,FALSE,https://www.regio7.cat/bages/suria/?utm_campaign=cerca-v1,FALSE,
Tarragona,43148,CA0106,14/07/2025,Cataluña,CA,TRUE,elperiodicodecatalunya,El Periódico,TRUE,https://www.elperiodico.com/es/tarragona/?utm_campaign=cerca-v1,FALSE,
Torroella de Montgrí,17199,CA0108,14/07/2025,Cataluña,CA,FALSE,diaridegirona,Diari de Girona,FALSE,https://www.diaridegirona.cat/baix-emporda/torroella-de-montgri/?utm_campaign=cerca-v1,FALSE,
Tossa de Mar,17202,CA0110,14/07/2025,Cataluña,CA,FALSE,diaridegirona,Diari de Girona,FALSE,https://www.diaridegirona.cat/selva/tossa-de-mar/?utm_campaign=cerca-v1,FALSE,
Vidreres,17213,CA0112,14/07/2025,Cataluña,CA,FALSE,diaridegirona,Diari de Girona,FALSE,https://www.diaridegirona.cat/selva/vidreres/?utm_campaign=cerca-v1,FALSE,
Vilafant,17221,CA0114,14/07/2025,Cataluña,CA,FALSE,diaridegirona,Diari de Girona,FALSE,https://www.diaridegirona.cat/alt-emporda/vilafant/?utm_campaign=cerca-v1,FALSE,
Vilafant,17221,CA0115,14/07/2025,Cataluña,CA,FALSE,emporda,Empordà,TRUE,https://www.emporda.info/tags/vilafant/?utm_campaign=cerca-v1,FALSE,
Alcalá de Henares,28005,MAD0001,14/07/2025,Comunidad de Madrid,MAD,TRUE,elperiodicodeespana,El Periódico de España,TRUE,https://www.epe.es/es/madrid/alcala-de-henares/?utm_campaign=cerca-v1,FALSE,
Arganzuela,28079_003,MAD0002,14/07/2025,Comunidad de Madrid,MAD,TRUE,elperiodicodeespana,El Periódico de España,TRUE,https://www.epe.es/es/madrid/arganzuela/?utm_campaign=cerca-v1,FALSE,
Carabanchel,28079_001,MAD0003,14/07/2025,Comunidad de Madrid,MAD,TRUE,elperiodicodeespana,El Periódico de España,TRUE,https://www.epe.es/es/madrid/carabanchel/?utm_campaign=cerca-v1,FALSE,
Latina,28079_002,MAD0004,14/07/2025,Comunidad de Madrid,MAD,TRUE,elperiodicodeespana,El Periódico de España,TRUE,https://www.epe.es/es/madrid/latina/?utm_campaign=cerca-v1,FALSE,
Media Principal,,MAD0006,14/07/2025,Comunidad de Madrid,MAD,FALSE,elperiodicodeespana,El Periódico de España,FALSE,https://www.epe.es/es/madrid/?utm_campaign=cerca-v1,FALSE,
Pozuelo de Alarcón,28115,MAD0007,14/07/2025,Comunidad de Madrid,MAD,TRUE,elperiodicodeespana,El Periódico de España,TRUE,https://www.epe.es/es/madrid/pozuelo-de-alarcon/?utm_campaign=cerca-v1,FALSE,
Toledo,45168,MAD0008,14/07/2025,Comunidad de Madrid,MAD,TRUE,elperiodicodeespana,El Periódico de España,TRUE,https://www.epe.es/es/toledo/?utm_campaign=cerca-v1,FALSE,
Ademuz,46001,VC0001,14/07/2025,Comunidad Valenciana,VC,FALSE,levanteemv,Levante-El Mercantil Valenciano,FALSE,https://www.levante-emv.com/comarcas/ademuz/?utm_campaign=cerca-v1,FALSE,
Agost,03002,VC0002,14/07/2025,Comunidad Valenciana,VC,FALSE,informacion,Información,FALSE,https://www.informacion.es/alacanti/agost/?utm_campaign=cerca-v1,FALSE,
Aielo de Malferit,46042,VC0003,14/07/2025,Comunidad Valenciana,VC,FALSE,levanteemv,Levante-El Mercantil Valenciano,FALSE,https://www.levante-emv.com/costera/aielo-de-malferit/?utm_campaign=cerca-v1,FALSE,
L'Alacantí,34_10_03_03,VC0005,14/07/2025,Comunidad Valenciana,VC,FALSE,informacion,Información,FALSE,https://www.informacion.es/alacanti/?utm_campaign=cerca-v1,FALSE,
Alaquàs,46005,VC0006,14/07/2025,Comunidad Valenciana,VC,FALSE,levanteemv,Levante-El Mercantil Valenciano,FALSE,https://www.levante-emv.com/horta/alaquas/?utm_campaign=cerca-v1,FALSE,
Albal,46007,VC0007,14/07/2025,Comunidad Valenciana,VC,FALSE,levanteemv,Levante-El Mercantil Valenciano,FALSE,https://www.levante-emv.com/horta/albal/?utm_campaign=cerca-v1,FALSE,
Albatera,03005,VC0008,14/07/2025,Comunidad Valenciana,VC,FALSE,informacion,Información,FALSE,https://www.informacion.es/vega-baja/albatera/?utm_campaign=cerca-v1,FALSE,
Alberic,46011,VC0009,14/07/2025,Comunidad Valenciana,VC,FALSE,levanteemv,Levante-El Mercantil Valenciano,FALSE,https://www.levante-emv.com/ribera/alberic/?utm_campaign=cerca-v1,FALSE,
Albocasser,12003,VC0010,14/07/2025,Comunidad Valenciana,VC,FALSE,elperiodicomediterraneo,El Periódico del Mediterráneo,FALSE,https://www.elperiodicomediterraneo.com/castello/albocasser/?utm_campaign=cerca-v1,FALSE,
Alcala de Xivert,12004,VC0011,14/07/2025,Comunidad Valenciana,VC,FALSE,elperiodicomediterraneo,El Periódico del Mediterráneo,FALSE,https://www.elperiodicomediterraneo.com/castello/alcala-de-xivert/?utm_campaign=cerca-v1,FALSE,
Alcudia de Veo,12006,VC0014,14/07/2025,Comunidad Valenciana,VC,FALSE,elperiodicomediterraneo,El Periódico del Mediterráneo,FALSE,https://www.elperiodicomediterraneo.com/castello/alcudia-de-veo/?utm_campaign=cerca-v1,FALSE,
Aldaia,46021,VC0015,14/07/2025,Comunidad Valenciana,VC,FALSE,levanteemv,Levante-El Mercantil Valenciano,TRUE,https://www.levante-emv.com/horta/aldaia/?utm_campaign=cerca-v1,FALSE,
Alfafar,46022,VC0016,14/07/2025,Comunidad Valenciana,VC,FALSE,levanteemv,Levante-El Mercantil Valenciano,FALSE,https://www.levante-emv.com/horta/alfafar/?utm_campaign=cerca-v1,FALSE,
Alfondeguilla,12007,VC0017,14/07/2025,Comunidad Valenciana,VC,FALSE,elperiodicomediterraneo,El Periódico del Mediterráneo,FALSE,https://www.elperiodicomediterraneo.com/castello/alfondeguilla/?utm_campaign=cerca-v1,FALSE,
Algemesi,46029,VC0018,14/07/2025,Comunidad Valenciana,VC,FALSE,levanteemv,Levante-El Mercantil Valenciano,FALSE,https://www.levante-emv.com/ribera/algemesi/?utm_campaign=cerca-v1,FALSE,
Algimia de Almomacid,12008,VC0019,14/07/2025,Comunidad Valenciana,VC,FALSE,elperiodicomediterraneo,El Periódico del Mediterráneo,FALSE,https://www.elperiodicomediterraneo.com/castello/algimia-de-almomacid/?utm_campaign=cerca-v1,FALSE,
Alginet,46031,VC0020,14/07/2025,Comunidad Valenciana,VC,FALSE,levanteemv,Levante-El Mercantil Valenciano,FALSE,https://www.levante-emv.com/ribera/alginet/?utm_campaign=cerca-v1,FALSE,
Almassora,12009,VC0021,14/07/2025,Comunidad Valenciana,VC,FALSE,elperiodicomediterraneo,El Periódico del Mediterráneo,TRUE,https://www.elperiodicomediterraneo.com/castello/almassora/?utm_campaign=cerca-v1,FALSE,
Almenara,12011,VC0022,14/07/2025,Comunidad Valenciana,VC,FALSE,elperiodicomediterraneo,El Periódico del Mediterráneo,FALSE,https://www.elperiodicomediterraneo.com/castello/almenara/?utm_campaign=cerca-v1,FALSE,
Almoradí,03015,VC0024,14/07/2025,Comunidad Valenciana,VC,FALSE,informacion,Información,FALSE,https://www.informacion.es/vega-baja/almoradi/?utm_campaign=cerca-v1,FALSE,
Almussafes,46035,VC0025,14/07/2025,Comunidad Valenciana,VC,FALSE,levanteemv,Levante-El Mercantil Valenciano,FALSE,https://www.levante-emv.com/ribera/almussafes/?utm_campaign=cerca-v1,FALSE,
Altea,03018,VC0026,14/07/2025,Comunidad Valenciana,VC,FALSE,informacion,Información,FALSE,https://www.informacion.es/benidorm/altea/?utm_campaign=cerca-v1,FALSE,
Altura,12012,VC0027,14/07/2025,Comunidad Valenciana,VC,FALSE,elperiodicomediterraneo,El Periódico del Mediterráneo,FALSE,https://www.elperiodicomediterraneo.com/castello/altura/?utm_campaign=cerca-v1,FALSE,
Alzira,46017,VC0028,14/07/2025,Comunidad Valenciana,VC,FALSE,levanteemv,Levante-El Mercantil Valenciano,TRUE,https://www.levante-emv.com/ribera/alzira/?utm_campaign=cerca-v1,FALSE,
Arañuel,12013,VC0029,14/07/2025,Comunidad Valenciana,VC,FALSE,elperiodicomediterraneo,El Periódico del Mediterráneo,FALSE,https://www.elperiodicomediterraneo.com/castello/aranuel/?utm_campaign=cerca-v1,FALSE,
Ares del Maestrat,12014,VC0030,14/07/2025,Comunidad Valenciana,VC,FALSE,elperiodicomediterraneo,El Periódico del Mediterráneo,FALSE,https://www.elperiodicomediterraneo.com/castello/ares-del-maestrat/?utm_campaign=cerca-v1,FALSE,
Artana,12016,VC0031,14/07/2025,Comunidad Valenciana,VC,FALSE,elperiodicomediterraneo,El Periódico del Mediterráneo,FALSE,https://www.elperiodicomediterraneo.com/castello/artana/?utm_campaign=cerca-v1,FALSE,
Aspe,03019,VC0032,14/07/2025,Comunidad Valenciana,VC,FALSE,informacion,Información,FALSE,https://www.informacion.es/elda/aspe/?utm_campaign=cerca-v1,FALSE,
Ayódar,12017,VC0033,14/07/2025,Comunidad Valenciana,VC,FALSE,elperiodicomediterraneo,El Periódico del Mediterráneo,FALSE,https://www.elperiodicomediterraneo.com/castello/ayodar/?utm_campaign=cerca-v1,FALSE,
Ayora,46044,VC0034,14/07/2025,Comunidad Valenciana,VC,FALSE,levanteemv,Levante-El Mercantil Valenciano,FALSE,https://www.levante-emv.com/comarcas/ayora/?utm_campaign=cerca-v1,FALSE,
Azuébar,12018,VC0035,14/07/2025,Comunidad Valenciana,VC,FALSE,elperiodicomediterraneo,El Periódico del Mediterráneo,FALSE,https://www.elperiodicomediterraneo.com/castello/azuebar/?utm_campaign=cerca-v1,FALSE,
Baix Vinalopó,34_10_03_08,VC0036,14/07/2025,Comunidad Valenciana,VC,FALSE,informacion,Información,FALSE,https://www.informacion.es/baix-vinalopo/?utm_campaign=cerca-v1,FALSE,
Barracas,12020,VC0037,14/07/2025,Comunidad Valenciana,VC,FALSE,elperiodicomediterraneo,El Periódico del Mediterráneo,FALSE,https://www.elperiodicomediterraneo.com/castello/barracas/?utm_campaign=cerca-v1,FALSE,
Bejís,12022,VC0038,14/07/2025,Comunidad Valenciana,VC,FALSE,elperiodicomediterraneo,El Periódico del Mediterráneo,FALSE,https://www.elperiodicomediterraneo.com/castello/bejis/?utm_campaign=cerca-v1,FALSE,
Bellreguard,46048,VC0039,14/07/2025,Comunidad Valenciana,VC,FALSE,levanteemv,Levante-El Mercantil Valenciano,FALSE,https://www.levante-emv.com/safor/bellreguard/?utm_campaign=cerca-v1,FALSE,
Benafigos,12025,VC0040,14/07/2025,Comunidad Valenciana,VC,FALSE,elperiodicomediterraneo,El Periódico del Mediterráneo,FALSE,https://www.elperiodicomediterraneo.com/castello/benafigos/?utm_campaign=cerca-v1,FALSE,
Benaguasil,46051,VC0041,14/07/2025,Comunidad Valenciana,VC,FALSE,levanteemv,Levante-El Mercantil Valenciano,FALSE,https://www.levante-emv.com/comarcas/benaguasil/?utm_campaign=cerca-v1,FALSE,
Benassal,12026,VC0042,14/07/2025,Comunidad Valenciana,VC,FALSE,elperiodicomediterraneo,El Periódico del Mediterráneo,FALSE,https://www.elperiodicomediterraneo.com/castello/benassal/?utm_campaign=cerca-v1,FALSE,
Benejúzar,03024,VC0043,14/07/2025,Comunidad Valenciana,VC,FALSE,informacion,Información,FALSE,https://www.informacion.es/vega-baja/benejuzar/?utm_campaign=cerca-v1,FALSE,
Benetússer,46054,VC0044,14/07/2025,Comunidad Valenciana,VC,FALSE,levanteemv,Levante-El Mercantil Valenciano,FALSE,https://www.levante-emv.com/horta/benetusser/?utm_campaign=cerca-v1,FALSE,
Benicarló,12027,VC0045,14/07/2025,Comunidad Valenciana,VC,FALSE,elperiodicomediterraneo,El Periódico del Mediterráneo,TRUE,https://www.elperiodicomediterraneo.com/castello/benicarlo/?utm_campaign=cerca-v1,FALSE,
Benicàssim,12028,VC0047,14/07/2025,Comunidad Valenciana,VC,TRUE,elperiodicomediterraneo,El Periódico del Mediterráneo,TRUE,https://www.elperiodicomediterraneo.com/castello/benicassim/?utm_campaign=cerca-v1,FALSE,
Benissa,03041,VC0050,14/07/2025,Comunidad Valenciana,VC,FALSE,informacion,Información,FALSE,https://www.informacion.es/marina-alta/benissa/?utm_campaign=cerca-v1,FALSE,
Benlloc,12029,VC0052,14/07/2025,Comunidad Valenciana,VC,FALSE,elperiodicomediterraneo,El Periódico del Mediterráneo,FALSE,https://www.elperiodicomediterraneo.com/castello/benlloc/?utm_campaign=cerca-v1,FALSE,
Bétera,46070,VC0053,14/07/2025,Comunidad Valenciana,VC,FALSE,levanteemv,Levante-El Mercantil Valenciano,FALSE,https://www.levante-emv.com/comarcas/betera/?utm_campaign=cerca-v1,FALSE,
Betxí,12021,VC0054,14/07/2025,Comunidad Valenciana,VC,FALSE,elperiodicomediterraneo,El Periódico del Mediterráneo,FALSE,https://www.elperiodicomediterraneo.com/castello/betxi/?utm_campaign=cerca-v1,FALSE,
Bigastro,03044,VC0056,14/07/2025,Comunidad Valenciana,VC,FALSE,informacion,Información,FALSE,https://www.informacion.es/vega-baja/bigastro/?utm_campaign=cerca-v1,FALSE,
Bocairent,46072,VC0057,14/07/2025,Comunidad Valenciana,VC,FALSE,levanteemv,Levante-El Mercantil Valenciano,FALSE,https://www.levante-emv.com/costera/bocairent/?utm_campaign=cerca-v1,FALSE,
Borriol,12031,VC0058,14/07/2025,Comunidad Valenciana,VC,FALSE,elperiodicomediterraneo,El Periódico del Mediterráneo,FALSE,https://www.elperiodicomediterraneo.com/castello/borriol/?utm_campaign=cerca-v1,FALSE,
Buñol,46077,VC0059,14/07/2025,Comunidad Valenciana,VC,FALSE,levanteemv,Levante-El Mercantil Valenciano,TRUE,https://www.levante-emv.com/comarcas/bunol/?utm_campaign=cerca-v1,FALSE,
Burjassot,46078,VC0060,14/07/2025,Comunidad Valenciana,VC,FALSE,levanteemv,Levante-El Mercantil Valenciano,TRUE,https://www.levante-emv.com/horta/burjassot/?utm_campaign=cerca-v1,FALSE,
Burriana,12032,VC0061,14/07/2025,Comunidad Valenciana,VC,FALSE,elperiodicomediterraneo,El Periódico del Mediterráneo,TRUE,https://www.elperiodicomediterraneo.com/castello/burriana/?utm_campaign=cerca-v1,FALSE,
Cabanes,17030,VC0062,14/07/2025,Comunidad Valenciana,VC,FALSE,elperiodicomediterraneo,El Periódico del Mediterráneo,FALSE,https://www.elperiodicomediterraneo.com/castello/cabanes/?utm_campaign=cerca-v1,FALSE,
Càlig,12034,VC0063,14/07/2025,Comunidad Valenciana,VC,FALSE,elperiodicomediterraneo,El Periódico del Mediterráneo,FALSE,https://www.elperiodicomediterraneo.com/castello/calig/?utm_campaign=cerca-v1,FALSE,
Callosa de Segura,03049,VC0064,14/07/2025,Comunidad Valenciana,VC,FALSE,informacion,Información,FALSE,https://www.informacion.es/vega-baja/callosa-de-segura/?utm_campaign=cerca-v1,FALSE,
Calp,03047,VC0065,14/07/2025,Comunidad Valenciana,VC,FALSE,informacion,Información,FALSE,https://www.informacion.es/marina-alta/calp/?utm_campaign=cerca-v1,FALSE,
Camp de Túria,34_10_46_01,VC0066,14/07/2025,Comunidad Valenciana,VC,TRUE,levanteemv,Levante-El Mercantil Valenciano,FALSE,https://www.levante-emv.com/comunitat-valenciana/camp-de-turia/?utm_campaign=cerca-v1,FALSE,
Canals,46081,VC0067,14/07/2025,Comunidad Valenciana,VC,FALSE,levanteemv,Levante-El Mercantil Valenciano,FALSE,https://www.levante-emv.com/costera/canals/?utm_campaign=cerca-v1,FALSE,
Canet d'en Berenguer,46082,VC0068,14/07/2025,Comunidad Valenciana,VC,FALSE,levanteemv,Levante-El Mercantil Valenciano,FALSE,https://www.levante-emv.com/morvedre/canet-d-en-berenguer/?utm_campaign=cerca-v1,FALSE,
Canet lo Roig,12036,VC0069,14/07/2025,Comunidad Valenciana,VC,FALSE,elperiodicomediterraneo,El Periódico del Mediterráneo,FALSE,https://www.elperiodicomediterraneo.com/castello/canet-lo-roig/?utm_campaign=cerca-v1,FALSE,
Carcaixent,46083,VC0070,14/07/2025,Comunidad Valenciana,VC,FALSE,levanteemv,Levante-El Mercantil Valenciano,FALSE,https://www.levante-emv.com/ribera/carcaixent/?utm_campaign=cerca-v1,FALSE,
Carlet,46085,VC0071,14/07/2025,Comunidad Valenciana,VC,FALSE,levanteemv,Levante-El Mercantil Valenciano,FALSE,https://www.levante-emv.com/ribera/carlet/?utm_campaign=cerca-v1,FALSE,
Castalla,03053,VC0072,14/07/2025,Comunidad Valenciana,VC,FALSE,informacion,Información,FALSE,https://www.informacion.es/alcoy/castalla/?utm_campaign=cerca-v1,FALSE,
Castell de Cabres,12037,VC0073,14/07/2025,Comunidad Valenciana,VC,FALSE,elperiodicomediterraneo,El Periódico del Mediterráneo,FALSE,https://www.elperiodicomediterraneo.com/castello/castell-de-cabres/?utm_campaign=cerca-v1,FALSE,
Castellfort,12038,VC0074,14/07/2025,Comunidad Valenciana,VC,FALSE,elperiodicomediterraneo,El Periódico del Mediterráneo,FALSE,https://www.elperiodicomediterraneo.com/castello/castellfort/?utm_campaign=cerca-v1,FALSE,
Castellnovo,12039,VC0075,14/07/2025,Comunidad Valenciana,VC,FALSE,elperiodicomediterraneo,El Periódico del Mediterráneo,FALSE,https://www.elperiodicomediterraneo.com/castello/castellnovo/?utm_campaign=cerca-v1,FALSE,
Castelló,46257,VC0076,14/07/2025,Comunidad Valenciana,VC,FALSE,elperiodicomediterraneo,El Periódico del Mediterráneo,TRUE,https://www.elperiodicomediterraneo.com/castello/?utm_campaign=cerca-v1,FALSE,
Castillo de la Villamalefa,12041,VC0077,14/07/2025,Comunidad Valenciana,VC,FALSE,elperiodicomediterraneo,El Periódico del Mediterráneo,FALSE,https://www.elperiodicomediterraneo.com/castello/castillo-de-la-villamalefa/?utm_campaign=cerca-v1,FALSE,
Catarroja,46094,VC0078,14/07/2025,Comunidad Valenciana,VC,FALSE,levanteemv,Levante-El Mercantil Valenciano,FALSE,https://www.levante-emv.com/horta/catarroja/?utm_campaign=cerca-v1,FALSE,
Catí,12042,VC0079,14/07/2025,Comunidad Valenciana,VC,FALSE,elperiodicomediterraneo,El Periódico del Mediterráneo,FALSE,https://www.elperiodicomediterraneo.com/castello/cati/?utm_campaign=cerca-v1,FALSE,
Catral,03055,VC0080,14/07/2025,Comunidad Valenciana,VC,FALSE,informacion,Información,FALSE,https://www.informacion.es/vega-baja/catral/?utm_campaign=cerca-v1,FALSE,
Cervera del Maestre,12044,VC0081,14/07/2025,Comunidad Valenciana,VC,FALSE,elperiodicomediterraneo,El Periódico del Mediterráneo,FALSE,https://www.elperiodicomediterraneo.com/castello/cervera-del-maestre/?utm_campaign=cerca-v1,FALSE,
Cheste,46109,VC0082,14/07/2025,Comunidad Valenciana,VC,FALSE,levanteemv,Levante-El Mercantil Valenciano,FALSE,https://www.levante-emv.com/comarcas/cheste/?utm_campaign=cerca-v1,FALSE,
Chiva,46111,VC0083,14/07/2025,Comunidad Valenciana,VC,FALSE,levanteemv,Levante-El Mercantil Valenciano,FALSE,https://www.levante-emv.com/comarcas/chiva/?utm_campaign=cerca-v1,FALSE,
Cinctorres,12045,VC0084,14/07/2025,Comunidad Valenciana,VC,FALSE,elperiodicomediterraneo,El Periódico del Mediterráneo,FALSE,https://www.elperiodicomediterraneo.com/castello/cinctorres/?utm_campaign=cerca-v1,FALSE,
Cirat,12046,VC0085,14/07/2025,Comunidad Valenciana,VC,FALSE,elperiodicomediterraneo,El Periódico del Mediterráneo,FALSE,https://www.elperiodicomediterraneo.com/castello/cirat/?utm_campaign=cerca-v1,FALSE,
Cocentaina,03056,VC0086,14/07/2025,Comunidad Valenciana,VC,FALSE,informacion,Información,FALSE,https://www.informacion.es/alcoy/cocentaina/?utm_campaign=cerca-v1,FALSE,
Cofrentes,46097,VC0087,14/07/2025,Comunidad Valenciana,VC,FALSE,levanteemv,Levante-El Mercantil Valenciano,FALSE,https://www.levante-emv.com/comarcas/cofrentes/?utm_campaign=cerca-v1,FALSE,
Cox,03058,VC0088,14/07/2025,Comunidad Valenciana,VC,FALSE,informacion,Información,FALSE,https://www.informacion.es/vega-baja/cox/?utm_campaign=cerca-v1,FALSE,
Crevillent,03059,VC0089,14/07/2025,Comunidad Valenciana,VC,FALSE,informacion,Información,FALSE,https://www.informacion.es/baix-vinalopo/crevillent/?utm_campaign=cerca-v1,FALSE,
Culla,12051,VC0090,14/07/2025,Comunidad Valenciana,VC,FALSE,elperiodicomediterraneo,El Periódico del Mediterráneo,FALSE,https://www.elperiodicomediterraneo.com/castello/culla/?utm_campaign=cerca-v1,FALSE,
Cullera,46105,VC0091,14/07/2025,Comunidad Valenciana,VC,FALSE,levanteemv,Levante-El Mercantil Valenciano,TRUE,https://www.levante-emv.com/ribera/cullera/?utm_campaign=cerca-v1,FALSE,
Dénia,03063,VC0092,14/07/2025,Comunidad Valenciana,VC,FALSE,informacion,Información,FALSE,https://www.informacion.es/marina-alta/denia/?utm_campaign=cerca-v1,FALSE,
El Camp de Morvedre,34_10_46_02,VC0094,14/07/2025,Comunidad Valenciana,VC,TRUE,levanteemv,Levante-El Mercantil Valenciano,FALSE,https://www.levante-emv.com/morvedre/?utm_campaign=cerca-v1,FALSE,
El Campello,03050,VC0095,14/07/2025,Comunidad Valenciana,VC,FALSE,informacion,Información,TRUE,https://www.informacion.es/alacanti/el-campello/?utm_campaign=cerca-v1,FALSE,
El Poble Nou de Benitatxell,03042,VC0096,14/07/2025,Comunidad Valenciana,VC,FALSE,levanteemv,Levante-El Mercantil Valenciano,FALSE,https://www.levante-emv.com/marina/el-poble-nou-de-benitatxell/?utm_campaign=cerca-v1,FALSE,
El Toro,12115,VC0097,14/07/2025,Comunidad Valenciana,VC,FALSE,elperiodicomediterraneo,El Periódico del Mediterráneo,FALSE,https://www.elperiodicomediterraneo.com/castello/el-toro/?utm_campaign=cerca-v1,FALSE,
Enguera,46118,VC0100,14/07/2025,Comunidad Valenciana,VC,FALSE,levanteemv,Levante-El Mercantil Valenciano,FALSE,https://www.levante-emv.com/costera/enguera/?utm_campaign=cerca-v1,FALSE,
Estivella,46120,VC0101,14/07/2025,Comunidad Valenciana,VC,FALSE,levanteemv,Levante-El Mercantil Valenciano,FALSE,https://www.levante-emv.com/morvedre/estivella/?utm_campaign=cerca-v1,FALSE,
Fanzara,12059,VC0102,14/07/2025,Comunidad Valenciana,VC,FALSE,elperiodicomediterraneo,El Periódico del Mediterráneo,FALSE,https://www.elperiodicomediterraneo.com/castello/fanzara/?utm_campaign=cerca-v1,FALSE,
Faura,46122,VC0103,14/07/2025,Comunidad Valenciana,VC,FALSE,levanteemv,Levante-El Mercantil Valenciano,FALSE,https://www.levante-emv.com/morvedre/faura/?utm_campaign=cerca-v1,FALSE,
Figueroles,12060,VC0104,14/07/2025,Comunidad Valenciana,VC,FALSE,elperiodicomediterraneo,El Periódico del Mediterráneo,FALSE,https://www.elperiodicomediterraneo.com/castello/figueroles/?utm_campaign=cerca-v1,FALSE,
Finestrat,03069,VC0105,14/07/2025,Comunidad Valenciana,VC,FALSE,informacion,Información,FALSE,https://www.informacion.es/benidorm/finestrat/?utm_campaign=cerca-v1,FALSE,
Foios,46126,VC0106,14/07/2025,Comunidad Valenciana,VC,FALSE,levanteemv,Levante-El Mercantil Valenciano,FALSE,https://www.levante-emv.com/horta/foios/?utm_campaign=cerca-v1,FALSE,
Forcall,12061,VC0107,14/07/2025,Comunidad Valenciana,VC,FALSE,elperiodicomediterraneo,El Periódico del Mediterráneo,FALSE,https://www.elperiodicomediterraneo.com/castello/forcall/?utm_campaign=cerca-v1,FALSE,
Fuente la Reina,12063,VC0108,14/07/2025,Comunidad Valenciana,VC,FALSE,elperiodicomediterraneo,El Periódico del Mediterráneo,FALSE,https://www.elperiodicomediterraneo.com/castello/fuente-la-reina/?utm_campaign=cerca-v1,FALSE,
Gaibiel,12065,VC0109,14/07/2025,Comunidad Valenciana,VC,FALSE,elperiodicomediterraneo,El Periódico del Mediterráneo,FALSE,https://www.elperiodicomediterraneo.com/castello/gaibiel/?utm_campaign=cerca-v1,FALSE,
Gandia,46131,VC0110,14/07/2025,Comunidad Valenciana,VC,FALSE,levanteemv,Levante-El Mercantil Valenciano,TRUE,https://www.levante-emv.com/safor/gandia/?utm_campaign=cerca-v1,FALSE,
Gata de Gorgos,03071,VC0111,14/07/2025,Comunidad Valenciana,VC,FALSE,levanteemv,Levante-El Mercantil Valenciano,FALSE,https://www.levante-emv.com/marina/gata/?utm_campaign=cerca-v1,FALSE,
Geldo,12067,VC0112,14/07/2025,Comunidad Valenciana,VC,FALSE,elperiodicomediterraneo,El Periódico del Mediterráneo,FALSE,https://www.elperiodicomediterraneo.com/castello/geldo/?utm_campaign=cerca-v1,FALSE,
Gilet,46134,VC0113,14/07/2025,Comunidad Valenciana,VC,FALSE,levanteemv,Levante-El Mercantil Valenciano,FALSE,https://www.levante-emv.com/morvedre/gilet/?utm_campaign=cerca-v1,FALSE,
Godella,46135,VC0114,14/07/2025,Comunidad Valenciana,VC,FALSE,levanteemv,Levante-El Mercantil Valenciano,FALSE,https://www.levante-emv.com/horta/godella/?utm_campaign=cerca-v1,FALSE,
Guardamar del Segura,03076,VC0115,14/07/2025,Comunidad Valenciana,VC,FALSE,informacion,Información,FALSE,https://www.informacion.es/vega-baja/guardamar-del-segura/?utm_campaign=cerca-v1,FALSE,
Ibi,03079,VC0116,14/07/2025,Comunidad Valenciana,VC,FALSE,informacion,Información,FALSE,https://www.informacion.es/alcoy/ibi/?utm_campaign=cerca-v1,FALSE,
Jávez/Xàbia,03082,VC0117,14/07/2025,Comunidad Valenciana,VC,FALSE,informacion,Información,FALSE,https://www.informacion.es/marina-alta/xabia/?utm_campaign=cerca-v1,FALSE,
Jérica,12071,VC0118,14/07/2025,Comunidad Valenciana,VC,FALSE,elperiodicomediterraneo,El Periódico del Mediterráneo,FALSE,https://www.elperiodicomediterraneo.com/castello/jerica/?utm_campaign=cerca-v1,FALSE,
L'Alcora,12005,VC0119,14/07/2025,Comunidad Valenciana,VC,TRUE,elperiodicomediterraneo,El Periódico del Mediterráneo,TRUE,https://www.elperiodicomediterraneo.com/castello/lalcora/?utm_campaign=cerca-v1,FALSE,
L'Alcúdia,46019,VC0120,14/07/2025,Comunidad Valenciana,VC,FALSE,levanteemv,Levante-El Mercantil Valenciano,FALSE,https://www.levante-emv.com/ribera/l-alcudia/?utm_campaign=cerca-v1,FALSE,
L'Alcúdia de Crespins,46020,VC0121,14/07/2025,Comunidad Valenciana,VC,FALSE,levanteemv,Levante-El Mercantil Valenciano,FALSE,https://www.levante-emv.com/costera/l-alcudia-de-crespins/?utm_campaign=cerca-v1,FALSE,
L’Alfàs del Pi,03011,VC0122,14/07/2025,Comunidad Valenciana,VC,FALSE,informacion,Información,FALSE,https://www.informacion.es/benidorm/l-alfas-del-pi/?utm_campaign=cerca-v1,FALSE,
L'Eliana,46116,VC0123,14/07/2025,Comunidad Valenciana,VC,FALSE,levanteemv,Levante-El Mercantil Valenciano,FALSE,https://www.levante-emv.com/comarcas/l-eliana/?utm_campaign=cerca-v1,FALSE,
L’Horta Nord,34_10_46_03,VC0124,14/07/2025,Comunidad Valenciana,VC,TRUE,levanteemv,Levante-El Mercantil Valenciano,FALSE,https://www.levante-emv.com/horta/?utm_campaign=cerca-v1,FALSE,
La Font de la Figuera,46128,VC0126,14/07/2025,Comunidad Valenciana,VC,FALSE,levanteemv,Levante-El Mercantil Valenciano,FALSE,https://www.levante-emv.com/costera/la-font-de-la-figuera/?utm_campaign=cerca-v1,FALSE,
La Jana,12070,VC0127,14/07/2025,Comunidad Valenciana,VC,FALSE,elperiodicomediterraneo,El Periódico del Mediterráneo,FALSE,https://www.elperiodicomediterraneo.com/castello/la-jana/?utm_campaign=cerca-v1,FALSE,
La Llosa,12074,VC0128,14/07/2025,Comunidad Valenciana,VC,FALSE,elperiodicomediterraneo,El Periódico del Mediterráneo,FALSE,https://www.elperiodicomediterraneo.com/castello/la-llosa/?utm_campaign=cerca-v1,FALSE,
La Llosa de Ranes,46157,VC0129,14/07/2025,Comunidad Valenciana,VC,FALSE,levanteemv,Levante-El Mercantil Valenciano,FALSE,https://www.levante-emv.com/costera/la-llosa-de-ranes/?utm_campaign=cerca-v1,FALSE,
La Mata,12075,VC0131,14/07/2025,Comunidad Valenciana,VC,FALSE,elperiodicomediterraneo,El Periódico del Mediterráneo,FALSE,https://www.elperiodicomediterraneo.com/castello/la-mata/?utm_campaign=cerca-v1,FALSE,
La Nucia,03094,VC0132,14/07/2025,Comunidad Valenciana,VC,FALSE,informacion,Información,FALSE,https://www.informacion.es/benidorm/la-nucia/?utm_campaign=cerca-v1,FALSE,
La Pobla de Benifassa,12093,VC0133,14/07/2025,Comunidad Valenciana,VC,FALSE,elperiodicomediterraneo,El Periódico del Mediterráneo,FALSE,https://www.elperiodicomediterraneo.com/castello/la-pobla-de-benifassa/?utm_campaign=cerca-v1,FALSE,
La Pobla Tornesa,12094,VC0134,14/07/2025,Comunidad Valenciana,VC,FALSE,elperiodicomediterraneo,El Periódico del Mediterráneo,FALSE,https://www.elperiodicomediterraneo.com/castello/la-pobla-tornesa/?utm_campaign=cerca-v1,FALSE,
La Ribera Alta,34_10_46_06,VC0135,14/07/2025,Comunidad Valenciana,VC,TRUE,levanteemv,Levante-El Mercantil Valenciano,FALSE,https://www.levante-emv.com/ribera/?utm_campaign=cerca-v1,FALSE,
La Safor,34_10_46_11,VC0136,14/07/2025,Comunidad Valenciana,VC,TRUE,levanteemv,Levante-El Mercantil Valenciano,FALSE,https://www.levante-emv.com/safor/?utm_campaign=cerca-v1,FALSE,
La Salzadella,12098,VC0137,14/07/2025,Comunidad Valenciana,VC,FALSE,elperiodicomediterraneo,El Periódico del Mediterráneo,FALSE,https://www.elperiodicomediterraneo.com/castello/la-salzadella/?utm_campaign=cerca-v1,FALSE,
La Serra d'en Galceran,12105,VC0138,14/07/2025,Comunidad Valenciana,VC,FALSE,elperiodicomediterraneo,El Periódico del Mediterráneo,FALSE,https://www.elperiodicomediterraneo.com/castello/la-serra-den-galceran/?utm_campaign=cerca-v1,FALSE,
La Todolella,12112,VC0139,14/07/2025,Comunidad Valenciana,VC,FALSE,elperiodicomediterraneo,El Periódico del Mediterráneo,FALSE,https://www.elperiodicomediterraneo.com/castello/la-todolella/?utm_campaign=cerca-v1,FALSE,
La Vall d'Uixó,12126,VC0140,14/07/2025,Comunidad Valenciana,VC,TRUE,elperiodicomediterraneo,El Periódico del Mediterráneo,TRUE,https://www.elperiodicomediterraneo.com/castello/la-vall-duixo/?utm_campaign=cerca-v1,FALSE,
La Vila Joiosa,03139,VC0141,14/07/2025,Comunidad Valenciana,VC,FALSE,informacion,Información,FALSE,https://www.informacion.es/benidorm/la-vila-joiosa/?utm_campaign=cerca-v1,FALSE,
La Vilavella,12136,VC0142,14/07/2025,Comunidad Valenciana,VC,FALSE,elperiodicomediterraneo,El Periódico del Mediterráneo,FALSE,https://www.elperiodicomediterraneo.com/castello/la-vilavella/?utm_campaign=cerca-v1,FALSE,
Les Alqueries,12901,VC0143,14/07/2025,Comunidad Valenciana,VC,FALSE,elperiodicomediterraneo,El Periódico del Mediterráneo,FALSE,https://www.elperiodicomediterraneo.com/castello/les-alqueries/?utm_campaign=cerca-v1,FALSE,
Les Coves de Vinroma,12050,VC0144,14/07/2025,Comunidad Valenciana,VC,FALSE,elperiodicomediterraneo,El Periódico del Mediterráneo,FALSE,https://www.elperiodicomediterraneo.com/castello/les-coves-de-vinroma/?utm_campaign=cerca-v1,FALSE,
Les Useres,12122,VC0145,14/07/2025,Comunidad Valenciana,VC,FALSE,elperiodicomediterraneo,El Periódico del Mediterráneo,FALSE,https://www.elperiodicomediterraneo.com/castello/les-useres/?utm_campaign=cerca-v1,FALSE,
Llíria,46147,VC0146,14/07/2025,Comunidad Valenciana,VC,FALSE,levanteemv,Levante-El Mercantil Valenciano,TRUE,https://www.levante-emv.com/comarcas/lliria/?utm_campaign=cerca-v1,FALSE,
Llucena,12072,VC0147,14/07/2025,Comunidad Valenciana,VC,FALSE,elperiodicomediterraneo,El Periódico del Mediterráneo,FALSE,https://www.elperiodicomediterraneo.com/castello/llucena/?utm_campaign=cerca-v1,FALSE,
Los Barrios de Alicante,03014_001,VC0148,14/07/2025,Comunidad Valenciana,VC,TRUE,informacion,Información,FALSE,https://www.informacion.es/la-cronica-barrios-alicante/?utm_campaign=cerca-v1,FALSE,
Ludiente,12073,VC0149,14/07/2025,Comunidad Valenciana,VC,FALSE,elperiodicomediterraneo,El Periódico del Mediterráneo,FALSE,https://www.elperiodicomediterraneo.com/castello/ludiente/?utm_campaign=cerca-v1,FALSE,
Manises,46159,VC0150,14/07/2025,Comunidad Valenciana,VC,FALSE,levanteemv,Levante-El Mercantil Valenciano,FALSE,https://www.levante-emv.com/horta/manises/?utm_campaign=cerca-v1,FALSE,
Marina Alta,34_10_03_01,VC0151,14/07/2025,Comunidad Valenciana,VC,FALSE,informacion,Información,FALSE,https://www.informacion.es/marina-alta/?utm_campaign=cerca-v1,FALSE,
Massamagrell,46164,VC0152,14/07/2025,Comunidad Valenciana,VC,FALSE,levanteemv,Levante-El Mercantil Valenciano,FALSE,https://www.levante-emv.com/horta/massamagrell/?utm_campaign=cerca-v1,FALSE,
Matet,12076,VC0153,14/07/2025,Comunidad Valenciana,VC,FALSE,elperiodicomediterraneo,El Periódico del Mediterráneo,FALSE,https://www.elperiodicomediterraneo.com/castello/matet/?utm_campaign=cerca-v1,FALSE,
Media Principal,,VC0154,14/07/2025,Comunidad Valenciana,VC,FALSE,elperiodicomediterraneo,El Periódico del Mediterráneo,TRUE,,TRUE,https://www.elperiodicomediterraneo.com/municipios.html
Media Principal,,VC0155,14/07/2025,Comunidad Valenciana,VC,FALSE,informacion,Información,TRUE,,TRUE,https://www.informacion.es/municipios.html
Media Principal,,VC0156,14/07/2025,Comunidad Valenciana,VC,FALSE,levanteemv,Levante-El Mercantil Valenciano,TRUE,,TRUE,https://www.levante-emv.com/municipios.html
Mislata,46169,VC0157,14/07/2025,Comunidad Valenciana,VC,FALSE,levanteemv,Levante-El Mercantil Valenciano,TRUE,https://www.levante-emv.com/horta/mislata/?utm_campaign=cerca-v1,FALSE,
Moixent,46170,VC0158,14/07/2025,Comunidad Valenciana,VC,FALSE,levanteemv,Levante-El Mercantil Valenciano,FALSE,https://www.levante-emv.com/costera/moixent/?utm_campaign=cerca-v1,FALSE,
Moncada,46171,VC0159,14/07/2025,Comunidad Valenciana,VC,FALSE,levanteemv,Levante-El Mercantil Valenciano,FALSE,https://www.levante-emv.com/horta/moncada/?utm_campaign=cerca-v1,FALSE,
Moncofa,12077,VC0160,14/07/2025,Comunidad Valenciana,VC,TRUE,elperiodicomediterraneo,El Periódico del Mediterráneo,FALSE,https://www.elperiodicomediterraneo.com/castello/moncofa/?utm_campaign=cerca-v1,FALSE,
Monforte del Cid,03088,VC0162,14/07/2025,Comunidad Valenciana,VC,FALSE,informacion,Información,FALSE,https://www.informacion.es/elda/monforte-del-cid/?utm_campaign=cerca-v1,FALSE,
Monóvar,03089,VC0163,14/07/2025,Comunidad Valenciana,VC,FALSE,informacion,Información,FALSE,https://www.informacion.es/elda/monovar/?utm_campaign=cerca-v1,FALSE,
Montán,12078,VC0164,14/07/2025,Comunidad Valenciana,VC,FALSE,elperiodicomediterraneo,El Periódico del Mediterráneo,FALSE,https://www.elperiodicomediterraneo.com/castello/montan/?utm_campaign=cerca-v1,FALSE,
Montanejos,12079,VC0165,14/07/2025,Comunidad Valenciana,VC,FALSE,elperiodicomediterraneo,El Periódico del Mediterráneo,FALSE,https://www.elperiodicomediterraneo.com/castello/montanejos/?utm_campaign=cerca-v1,FALSE,
Montesa,46174,VC0166,14/07/2025,Comunidad Valenciana,VC,FALSE,levanteemv,Levante-El Mercantil Valenciano,FALSE,https://www.levante-emv.com/costera/montesa/?utm_campaign=cerca-v1,FALSE,
Montserrat,46172,VC0167,14/07/2025,Comunidad Valenciana,VC,FALSE,levanteemv,Levante-El Mercantil Valenciano,FALSE,https://www.levante-emv.com/ribera/montserrat/?utm_campaign=cerca-v1,FALSE,
Morella,12080,VC0168,14/07/2025,Comunidad Valenciana,VC,FALSE,elperiodicomediterraneo,El Periódico del Mediterráneo,FALSE,https://www.elperiodicomediterraneo.com/castello/morella/?utm_campaign=cerca-v1,FALSE,
Mutxamel,03090,VC0169,14/07/2025,Comunidad Valenciana,VC,FALSE,informacion,Información,FALSE,https://www.informacion.es/alacanti/mutxamel/?utm_campaign=cerca-v1,FALSE,
Nàquera,46178,VC0170,14/07/2025,Comunidad Valenciana,VC,FALSE,levanteemv,Levante-El Mercantil Valenciano,FALSE,https://www.levante-emv.com/comarcas/naquera/?utm_campaign=cerca-v1,FALSE,
Navajas,12081,VC0171,14/07/2025,Comunidad Valenciana,VC,FALSE,elperiodicomediterraneo,El Periódico del Mediterráneo,FALSE,https://www.elperiodicomediterraneo.com/castello/navajas/?utm_campaign=cerca-v1,FALSE,
Navarrés,46179,VC0172,14/07/2025,Comunidad Valenciana,VC,FALSE,levanteemv,Levante-El Mercantil Valenciano,FALSE,https://www.levante-emv.com/costera/navarres/?utm_campaign=cerca-v1,FALSE,
Novelda,03093,VC0173,14/07/2025,Comunidad Valenciana,VC,FALSE,informacion,Información,FALSE,https://www.informacion.es/elda/novelda/?utm_campaign=cerca-v1,FALSE,
Nules,12082,VC0174,14/07/2025,Comunidad Valenciana,VC,TRUE,elperiodicomediterraneo,El Periódico del Mediterráneo,TRUE,https://www.elperiodicomediterraneo.com/castello/nules/?utm_campaign=cerca-v1,FALSE,
Olocau del Rey,12083,VC0175,14/07/2025,Comunidad Valenciana,VC,FALSE,elperiodicomediterraneo,El Periódico del Mediterráneo,FALSE,https://www.elperiodicomediterraneo.com/castello/olocau-del-rey/?utm_campaign=cerca-v1,FALSE,
Onda,12084,VC0176,14/07/2025,Comunidad Valenciana,VC,FALSE,elperiodicomediterraneo,El Periódico del Mediterráneo,TRUE,https://www.elperiodicomediterraneo.com/castello/onda/?utm_campaign=cerca-v1,FALSE,
Ondara,03095,VC0178,14/07/2025,Comunidad Valenciana,VC,FALSE,informacion,Información,FALSE,https://www.informacion.es/marina-alta/ondara/?utm_campaign=cerca-v1,FALSE,
Onil,03096,VC0180,14/07/2025,Comunidad Valenciana,VC,FALSE,informacion,Información,FALSE,https://www.informacion.es/alcoy/onil/?utm_campaign=cerca-v1,FALSE,
Ontinyent,46184,VC0181,14/07/2025,Comunidad Valenciana,VC,FALSE,levanteemv,Levante-El Mercantil Valenciano,TRUE,https://www.levante-emv.com/costera/ontinyent/?utm_campaign=cerca-v1,FALSE,
Orihuela,03099,VC0182,14/07/2025,Comunidad Valenciana,VC,FALSE,informacion,Información,TRUE,https://www.informacion.es/vega-baja/orihuela/?utm_campaign=cerca-v1,FALSE,
Oropesa,12085,VC0183,14/07/2025,Comunidad Valenciana,VC,FALSE,elperiodicomediterraneo,El Periódico del Mediterráneo,FALSE,https://www.elperiodicomediterraneo.com/castello/oropesa/?utm_campaign=cerca-v1,FALSE,
Orpesa,12085,VC0184,14/07/2025,Comunidad Valenciana,VC,FALSE,levanteemv,Levante-El Mercantil Valenciano,FALSE,https://www.levante-emv.com/castello/orpesa/?utm_campaign=cerca-v1,FALSE,
Paiporta,46186,VC0185,14/07/2025,Comunidad Valenciana,VC,FALSE,levanteemv,Levante-El Mercantil Valenciano,FALSE,https://www.levante-emv.com/horta/paiporta/?utm_campaign=cerca-v1,FALSE,
Palanques,12087,VC0186,14/07/2025,Comunidad Valenciana,VC,FALSE,elperiodicomediterraneo,El Periódico del Mediterráneo,FALSE,https://www.elperiodicomediterraneo.com/castello/palanques/?utm_campaign=cerca-v1,FALSE,
Paterna,46190,VC0187,14/07/2025,Comunidad Valenciana,VC,FALSE,levanteemv,Levante-El Mercantil Valenciano,TRUE,https://www.levante-emv.com/horta/paterna/?utm_campaign=cerca-v1,FALSE,
Pedralba,46191,VC0188,14/07/2025,Comunidad Valenciana,VC,FALSE,levanteemv,Levante-El Mercantil Valenciano,FALSE,https://www.levante-emv.com/comarcas/pedralba/?utm_campaign=cerca-v1,FALSE,
Pedreguer,03101,VC0189,14/07/2025,Comunidad Valenciana,VC,FALSE,levanteemv,Levante-El Mercantil Valenciano,FALSE,https://www.levante-emv.com/marina/pedreguer/?utm_campaign=cerca-v1,FALSE,
Pego,03102,VC0190,14/07/2025,Comunidad Valenciana,VC,FALSE,levanteemv,Levante-El Mercantil Valenciano,FALSE,https://www.levante-emv.com/marina/pego/?utm_campaign=cerca-v1,FALSE,
Peñíscola,12089,VC0191,14/07/2025,Comunidad Valenciana,VC,FALSE,elperiodicomediterraneo,El Periódico del Mediterráneo,TRUE,https://www.elperiodicomediterraneo.com/castello/penyiscola/?utm_campaign=cerca-v1,FALSE,
Petrer,03104,VC0193,14/07/2025,Comunidad Valenciana,VC,FALSE,informacion,Información,FALSE,https://www.informacion.es/elda/petrer/?utm_campaign=cerca-v1,FALSE,
Picanya,46193,VC0194,14/07/2025,Comunidad Valenciana,VC,FALSE,levanteemv,Levante-El Mercantil Valenciano,FALSE,https://www.levante-emv.com/horta/picanya/?utm_campaign=cerca-v1,FALSE,
Picassent,46194,VC0195,14/07/2025,Comunidad Valenciana,VC,FALSE,levanteemv,Levante-El Mercantil Valenciano,FALSE,https://www.levante-emv.com/horta/picassent/?utm_campaign=cerca-v1,FALSE,
Pilar De La Horadada,03902,VC0196,14/07/2025,Comunidad Valenciana,VC,FALSE,informacion,Información,FALSE,https://www.informacion.es/vega-baja/pilar-de-la-horadada/?utm_campaign=cerca-v1,FALSE,
Pinoso,03105,VC0197,14/07/2025,Comunidad Valenciana,VC,FALSE,informacion,Información,FALSE,https://www.informacion.es/elda/pinoso/?utm_campaign=cerca-v1,FALSE,
Portell,12091,VC0198,14/07/2025,Comunidad Valenciana,VC,FALSE,elperiodicomediterraneo,El Periódico del Mediterráneo,FALSE,https://www.elperiodicomediterraneo.com/castello/portell/?utm_campaign=cerca-v1,FALSE,
Puçol,46205,VC0199,14/07/2025,Comunidad Valenciana,VC,FALSE,levanteemv,Levante-El Mercantil Valenciano,FALSE,https://www.levante-emv.com/horta/pucol/?utm_campaign=cerca-v1,FALSE,
Quart de Poblet,46102,VC0200,14/07/2025,Comunidad Valenciana,VC,FALSE,levanteemv,Levante-El Mercantil Valenciano,FALSE,https://www.levante-emv.com/horta/quart-de-poblet/?utm_campaign=cerca-v1,FALSE,
Requena,46213,VC0201,14/07/2025,Comunidad Valenciana,VC,FALSE,levanteemv,Levante-El Mercantil Valenciano,TRUE,https://www.levante-emv.com/comarcas/requena/?utm_campaign=cerca-v1,FALSE,
Requena-Utiel,34_10_46_14,VC0202,14/07/2025,Comunidad Valenciana,VC,TRUE,levanteemv,Levante-El Mercantil Valenciano,FALSE,https://www.levante-emv.com/comunitat-valenciana/requena-utiel/?utm_campaign=cerca-v1,FALSE,
Riba-Roja de Túria,46214,VC0203,14/07/2025,Comunidad Valenciana,VC,FALSE,levanteemv,Levante-El Mercantil Valenciano,TRUE,https://www.levante-emv.com/comarcas/riba-roja-de-turia/?utm_campaign=cerca-v1,FALSE,
Ribesalbes,12095,VC0204,14/07/2025,Comunidad Valenciana,VC,FALSE,elperiodicomediterraneo,El Periódico del Mediterráneo,FALSE,https://www.elperiodicomediterraneo.com/castello/ribesalbes/?utm_campaign=cerca-v1,FALSE,
Rocafort,46216,VC0205,14/07/2025,Comunidad Valenciana,VC,FALSE,levanteemv,Levante-El Mercantil Valenciano,FALSE,https://www.levante-emv.com/horta/rocafort/?utm_campaign=cerca-v1,FALSE,
Rojales,03113,VC0206,14/07/2025,Comunidad Valenciana,VC,FALSE,informacion,Información,FALSE,https://www.informacion.es/vega-baja/rojales/?utm_campaign=cerca-v1,FALSE,
Rossell,12096,VC0207,14/07/2025,Comunidad Valenciana,VC,FALSE,elperiodicomediterraneo,El Periódico del Mediterráneo,FALSE,https://www.elperiodicomediterraneo.com/castello/rossell/?utm_campaign=cerca-v1,FALSE,
Sagunt,46220,VC0208,14/07/2025,Comunidad Valenciana,VC,FALSE,levanteemv,Levante-El Mercantil Valenciano,TRUE,https://www.levante-emv.com/morvedre/sagunt/?utm_campaign=cerca-v1,FALSE,
San Antonio de Benagéber,46903,VC0209,14/07/2025,Comunidad Valenciana,VC,FALSE,levanteemv,Levante-El Mercantil Valenciano,FALSE,https://www.levante-emv.com/comarcas/san-antonio-de-benageber/?utm_campaign=cerca-v1,FALSE,
Sant Joan d’Alacant,03119,VC0212,14/07/2025,Comunidad Valenciana,VC,FALSE,informacion,Información,TRUE,https://www.informacion.es/alacanti/sant-joan-d-alacant/?utm_campaign=cerca-v1,FALSE,
Sant Joan de Moró,12902,VC0213,14/07/2025,Comunidad Valenciana,VC,FALSE,elperiodicomediterraneo,El Periódico del Mediterráneo,FALSE,https://www.elperiodicomediterraneo.com/castello/sant-joan-de-moro/?utm_campaign=cerca-v1,FALSE,
Sant Mateu,12100,VC0214,14/07/2025,Comunidad Valenciana,VC,FALSE,elperiodicomediterraneo,El Periódico del Mediterráneo,FALSE,https://www.elperiodicomediterraneo.com/castello/sant-mateu/?utm_campaign=cerca-v1,FALSE,
Sant Rafael,12101,VC0215,14/07/2025,Comunidad Valenciana,VC,FALSE,elperiodicomediterraneo,El Periódico del Mediterráneo,FALSE,https://www.elperiodicomediterraneo.com/castello/sant-rafael/?utm_campaign=cerca-v1,FALSE,
Santa Magdalena,12102,VC0216,14/07/2025,Comunidad Valenciana,VC,FALSE,elperiodicomediterraneo,El Periódico del Mediterráneo,FALSE,https://www.elperiodicomediterraneo.com/castello/santa-magdalena/?utm_campaign=cerca-v1,FALSE,
Santa Pola,03121,VC0217,14/07/2025,Comunidad Valenciana,VC,FALSE,informacion,Información,FALSE,https://www.informacion.es/baix-vinalopo/santa-pola/?utm_campaign=cerca-v1,FALSE,
Sax,03123,VC0218,14/07/2025,Comunidad Valenciana,VC,FALSE,informacion,Información,FALSE,https://www.informacion.es/elda/sax/?utm_campaign=cerca-v1,FALSE,
Sedavi,46223,VC0219,14/07/2025,Comunidad Valenciana,VC,FALSE,levanteemv,Levante-El Mercantil Valenciano,FALSE,https://www.levante-emv.com/horta/sedavi/?utm_campaign=cerca-v1,FALSE,
Segorbe,12104,VC0220,14/07/2025,Comunidad Valenciana,VC,FALSE,elperiodicomediterraneo,El Periódico del Mediterráneo,TRUE,https://www.elperiodicomediterraneo.com/castello/segorbe/?utm_campaign=cerca-v1,FALSE,
Silla,46230,VC0221,14/07/2025,Comunidad Valenciana,VC,FALSE,levanteemv,Levante-El Mercantil Valenciano,FALSE,https://www.levante-emv.com/horta/silla/?utm_campaign=cerca-v1,FALSE,
Sollana,46233,VC0222,14/07/2025,Comunidad Valenciana,VC,FALSE,levanteemv,Levante-El Mercantil Valenciano,FALSE,https://www.levante-emv.com/ribera/sollana/?utm_campaign=cerca-v1,FALSE,
Soneja,12106,VC0223,14/07/2025,Comunidad Valenciana,VC,FALSE,elperiodicomediterraneo,El Periódico del Mediterráneo,FALSE,https://www.elperiodicomediterraneo.com/castello/soneja/?utm_campaign=cerca-v1,FALSE,
Sorita,12141,VC0224,14/07/2025,Comunidad Valenciana,VC,FALSE,elperiodicomediterraneo,El Periódico del Mediterráneo,FALSE,https://www.elperiodicomediterraneo.com/castello/sorita/?utm_campaign=cerca-v1,FALSE,
Sueca,46235,VC0225,14/07/2025,Comunidad Valenciana,VC,FALSE,levanteemv,Levante-El Mercantil Valenciano,FALSE,https://www.levante-emv.com/ribera/sueca/?utm_campaign=cerca-v1,FALSE,
Suera,12108,VC0226,14/07/2025,Comunidad Valenciana,VC,FALSE,elperiodicomediterraneo,El Periódico del Mediterráneo,FALSE,https://www.elperiodicomediterraneo.com/castello/suera/?utm_campaign=cerca-v1,FALSE,
Tales,12109,VC0227,14/07/2025,Comunidad Valenciana,VC,FALSE,elperiodicomediterraneo,El Periódico del Mediterráneo,FALSE,https://www.elperiodicomediterraneo.com/castello/tales/?utm_campaign=cerca-v1,FALSE,
Tavernes de la Valldigna,46238,VC0228,14/07/2025,Comunidad Valenciana,VC,FALSE,levanteemv,Levante-El Mercantil Valenciano,FALSE,https://www.levante-emv.com/safor/tavernes-de-la-valldigna/?utm_campaign=cerca-v1,FALSE,
Teresa,12110,VC0229,14/07/2025,Comunidad Valenciana,VC,FALSE,elperiodicomediterraneo,El Periódico del Mediterráneo,FALSE,https://www.elperiodicomediterraneo.com/castello/teresa/?utm_campaign=cerca-v1,FALSE,
Teulada,03128,VC0230,14/07/2025,Comunidad Valenciana,VC,FALSE,informacion,Información,FALSE,https://www.informacion.es/marina-alta/teulada-moraira/?utm_campaign=cerca-v1,FALSE,
Tírig,12111,VC0232,14/07/2025,Comunidad Valenciana,VC,FALSE,elperiodicomediterraneo,El Periódico del Mediterráneo,FALSE,https://www.elperiodicomediterraneo.com/castello/tirig/?utm_campaign=cerca-v1,FALSE,
Torás,12114,VC0233,14/07/2025,Comunidad Valenciana,VC,FALSE,elperiodicomediterraneo,El Periódico del Mediterráneo,FALSE,https://www.elperiodicomediterraneo.com/castello/toras/?utm_campaign=cerca-v1,FALSE,
Torreblanca,12117,VC0234,14/07/2025,Comunidad Valenciana,VC,FALSE,elperiodicomediterraneo,El Periódico del Mediterráneo,TRUE,https://www.elperiodicomediterraneo.com/castello/torreblanca/?utm_campaign=cerca-v1,FALSE,
Torrent,46244,VC0236,14/07/2025,Comunidad Valenciana,VC,FALSE,levanteemv,Levante-El Mercantil Valenciano,TRUE,https://www.levante-emv.com/horta/torrent/?utm_campaign=cerca-v1,FALSE,
Torrevieja,03133,VC0237,14/07/2025,Comunidad Valenciana,VC,FALSE,informacion,Información,TRUE,https://www.informacion.es/vega-baja/torrevieja/?utm_campaign=cerca-v1,FALSE,
Traiguera,12121,VC0238,14/07/2025,Comunidad Valenciana,VC,FALSE,elperiodicomediterraneo,El Periódico del Mediterráneo,FALSE,https://www.elperiodicomediterraneo.com/castello/traiguera/?utm_campaign=cerca-v1,FALSE,
Turís,46248,VC0239,14/07/2025,Comunidad Valenciana,VC,FALSE,levanteemv,Levante-El Mercantil Valenciano,FALSE,https://www.levante-emv.com/ribera/turis/?utm_campaign=cerca-v1,FALSE,
Utiel,46249,VC0240,14/07/2025,Comunidad Valenciana,VC,FALSE,levanteemv,Levante-El Mercantil Valenciano,FALSE,https://www.levante-emv.com/comarcas/utiel/?utm_campaign=cerca-v1,FALSE,
València,46250,VC0241,14/07/2025,Comunidad Valenciana,VC,FALSE,levanteemv,Levante-El Mercantil Valenciano,TRUE,https://www.levante-emv.com/valencia/?utm_campaign=cerca-v1,FALSE,
Vall d'Alba,12124,VC0242,14/07/2025,Comunidad Valenciana,VC,FALSE,elperiodicomediterraneo,El Periódico del Mediterráneo,FALSE,https://www.elperiodicomediterraneo.com/castello/vall-dalba/?utm_campaign=cerca-v1,FALSE,
Vallat,12123,VC0243,14/07/2025,Comunidad Valenciana,VC,FALSE,elperiodicomediterraneo,El Periódico del Mediterráneo,FALSE,https://www.elperiodicomediterraneo.com/castello/vallat/?utm_campaign=cerca-v1,FALSE,
Vega Baja,34_10_03_09,VC0244,14/07/2025,Comunidad Valenciana,VC,FALSE,informacion,Información,FALSE,https://www.informacion.es/vega-baja/?utm_campaign=cerca-v1,FALSE,
Vilafamés,12128,VC0246,14/07/2025,Comunidad Valenciana,VC,FALSE,elperiodicomediterraneo,El Periódico del Mediterráneo,FALSE,https://www.elperiodicomediterraneo.com/castello/vilafames/?utm_campaign=cerca-v1,FALSE,
Vilafranca,12129,VC0247,14/07/2025,Comunidad Valenciana,VC,FALSE,elperiodicomediterraneo,El Periódico del Mediterráneo,FALSE,https://www.elperiodicomediterraneo.com/castello/vilafranca/?utm_campaign=cerca-v1,FALSE,
Vilamarxant,46256,VC0248,14/07/2025,Comunidad Valenciana,VC,FALSE,levanteemv,Levante-El Mercantil Valenciano,FALSE,https://www.levante-emv.com/comarcas/vilamarxant/?utm_campaign=cerca-v1,FALSE,
Villahermosa del Río,12130,VC0249,14/07/2025,Comunidad Valenciana,VC,FALSE,elperiodicomediterraneo,El Periódico del Mediterráneo,FALSE,https://www.elperiodicomediterraneo.com/castello/villahermosa-del-rio/?utm_campaign=cerca-v1,FALSE,
Villamalur,12131,VC0250,14/07/2025,Comunidad Valenciana,VC,FALSE,elperiodicomediterraneo,El Periódico del Mediterráneo,FALSE,https://www.elperiodicomediterraneo.com/castello/villamalur/?utm_campaign=cerca-v1,FALSE,
Villanueva de Viver,12133,VC0251,14/07/2025,Comunidad Valenciana,VC,FALSE,elperiodicomediterraneo,El Periódico del Mediterráneo,FALSE,https://www.elperiodicomediterraneo.com/castello/villanueva-de-viver/?utm_campaign=cerca-v1,FALSE,
Villar del Arzobispo,46258,VC0252,14/07/2025,Comunidad Valenciana,VC,FALSE,levanteemv,Levante-El Mercantil Valenciano,FALSE,https://www.levante-emv.com/comarcas/villar-del-arzobispo/?utm_campaign=cerca-v1,FALSE,
Villena,03140,VC0253,14/07/2025,Comunidad Valenciana,VC,FALSE,informacion,Información,FALSE,https://www.informacion.es/elda/villena/?utm_campaign=cerca-v1,FALSE,
Villores,12137,VC0254,14/07/2025,Comunidad Valenciana,VC,FALSE,elperiodicomediterraneo,El Periódico del Mediterráneo,FALSE,https://www.elperiodicomediterraneo.com/castello/villores/?utm_campaign=cerca-v1,FALSE,
Vinaròs,12138,VC0255,14/07/2025,Comunidad Valenciana,VC,FALSE,elperiodicomediterraneo,El Periódico del Mediterráneo,TRUE,https://www.elperiodicomediterraneo.com/castello/vinaros/?utm_campaign=cerca-v1,FALSE,
Vistabella del Maestrat,12139,VC0257,14/07/2025,Comunidad Valenciana,VC,FALSE,elperiodicomediterraneo,El Periódico del Mediterráneo,FALSE,https://www.elperiodicomediterraneo.com/castello/vistabella-del-maestrat/?utm_campaign=cerca-v1,FALSE,
Viver,12140,VC0258,14/07/2025,Comunidad Valenciana,VC,FALSE,elperiodicomediterraneo,El Periódico del Mediterráneo,FALSE,https://www.elperiodicomediterraneo.com/castello/viver/?utm_campaign=cerca-v1,FALSE,
Xàbia,03082,VC0259,14/07/2025,Comunidad Valenciana,VC,FALSE,levanteemv,Levante-El Mercantil Valenciano,FALSE,https://www.levante-emv.com/marina/xabia/?utm_campaign=cerca-v1,FALSE,
Xàtiva,46145,VC0260,14/07/2025,Comunidad Valenciana,VC,FALSE,levanteemv,Levante-El Mercantil Valenciano,TRUE,https://www.levante-emv.com/costera/xativa/?utm_campaign=cerca-v1,FALSE,
Xert,12052,VC0261,14/07/2025,Comunidad Valenciana,VC,FALSE,elperiodicomediterraneo,El Periódico del Mediterráneo,FALSE,https://www.elperiodicomediterraneo.com/castello/xert/?utm_campaign=cerca-v1,FALSE,
Xilxes,12053,VC0262,14/07/2025,Comunidad Valenciana,VC,FALSE,elperiodicomediterraneo,El Periódico del Mediterráneo,FALSE,https://www.elperiodicomediterraneo.com/castello/xilxes/?utm_campaign=cerca-v1,FALSE,
Xirivella,46110,VC0263,14/07/2025,Comunidad Valenciana,VC,FALSE,levanteemv,Levante-El Mercantil Valenciano,FALSE,https://www.levante-emv.com/horta/xirivella/?utm_campaign=cerca-v1,FALSE,
Xixona,03083,VC0264,14/07/2025,Comunidad Valenciana,VC,FALSE,informacion,Información,FALSE,https://www.informacion.es/alacanti/xixona/?utm_campaign=cerca-v1,FALSE,
Xodos,12055,VC0265,14/07/2025,Comunidad Valenciana,VC,FALSE,elperiodicomediterraneo,El Periódico del Mediterráneo,FALSE,https://www.elperiodicomediterraneo.com/castello/xodos/?utm_campaign=cerca-v1,FALSE,
Zarra,46263,VC0266,14/07/2025,Comunidad Valenciana,VC,FALSE,levanteemv,Levante-El Mercantil Valenciano,FALSE,https://www.levante-emv.com/comarcas/zarra/?utm_campaign=cerca-v1,FALSE,
Almaraz,10019,EX0001,14/07/2025,Extremadura,EX,FALSE,elperiodicoextremadura,El Periódico de Extremadura,FALSE,https://www.elperiodicoextremadura.com/caceres/almaraz/?utm_campaign=cerca-v1,FALSE,
Arroyo de la Luz,10021,EX0003,14/07/2025,Extremadura,EX,FALSE,elperiodicoextremadura,El Periódico de Extremadura,FALSE,https://www.elperiodicoextremadura.com/caceres/arroyo-de-la-luz/?utm_campaign=cerca-v1,FALSE,
Badajoz,06015,EX0005,14/07/2025,Extremadura,EX,FALSE,lacronicabadajoz,La Crónica de Badajoz,TRUE,https://www.lacronicabadajoz.com/badajoz/?utm_campaign=cerca-v1,FALSE,
Cabezuela del Valle,10035,EX0006,14/07/2025,Extremadura,EX,FALSE,elperiodicoextremadura,El Periódico de Extremadura,FALSE,https://www.elperiodicoextremadura.com/caceres/cabezuela-del-valle/?utm_campaign=cerca-v1,FALSE,
Campo de Arañuelo,34_11_10_12,EX0008,14/07/2025,Extremadura,EX,FALSE,elperiodicoextremadura,El Periódico de Extremadura,FALSE,https://www.elperiodicoextremadura.com/extremadura/campo-de-aranuelo/?utm_campaign=cerca-v1,FALSE,
Casar de Cáceres,10049,EX0009,14/07/2025,Extremadura,EX,FALSE,elperiodicoextremadura,El Periódico de Extremadura,FALSE,https://www.elperiodicoextremadura.com/caceres/casar-de-caceres/?utm_campaign=cerca-v1,FALSE,
Coria,10067,EX0010,14/07/2025,Extremadura,EX,FALSE,elperiodicoextremadura,El Periódico de Extremadura,TRUE,https://www.elperiodicoextremadura.com/caceres/coria/?utm_campaign=cerca-v1,FALSE,
Cuacos de Yuste,10068,EX0011,14/07/2025,Extremadura,EX,FALSE,elperiodicoextremadura,El Periódico de Extremadura,FALSE,https://www.elperiodicoextremadura.com/caceres/cuacos-de-yuste/?utm_campaign=cerca-v1,FALSE,
Don Benito,06044,EX0012,14/07/2025,Extremadura,EX,FALSE,lacronicabadajoz,La Crónica de Badajoz,TRUE,https://www.lacronicabadajoz.com/tags/don-benito/?utm_campaign=cerca-v1,FALSE,
Garrovillas de Alconétar,10082,EX0014,14/07/2025,Extremadura,EX,FALSE,elperiodicoextremadura,El Periódico de Extremadura,FALSE,https://www.elperiodicoextremadura.com/caceres/garrovillas-de-alconetar/?utm_campaign=cerca-v1,FALSE,
Gata,10084,EX0015,14/07/2025,Extremadura,EX,FALSE,elperiodicoextremadura,El Periódico de Extremadura,FALSE,https://www.elperiodicoextremadura.com/caceres/gata/?utm_campaign=cerca-v1,FALSE,
Guadalupe,10087,EX0016,14/07/2025,Extremadura,EX,FALSE,elperiodicoextremadura,El Periódico de Extremadura,FALSE,https://www.elperiodicoextremadura.com/caceres/guadalupe/?utm_campaign=cerca-v1,FALSE,
Hervás,10096,EX0017,14/07/2025,Extremadura,EX,FALSE,elperiodicoextremadura,El Periódico de Extremadura,FALSE,https://www.elperiodicoextremadura.com/caceres/hervas/?utm_campaign=cerca-v1,FALSE,
Jaraíz de la Vera,10104,EX0018,14/07/2025,Extremadura,EX,FALSE,elperiodicoextremadura,El Periódico de Extremadura,FALSE,https://www.elperiodicoextremadura.com/caceres/jaraiz-de-la-vera/?utm_campaign=cerca-v1,FALSE,
Jarandilla de la Vera,10105,EX0019,14/07/2025,Extremadura,EX,FALSE,elperiodicoextremadura,El Periódico de Extremadura,FALSE,https://www.elperiodicoextremadura.com/caceres/jarandilla-de-la-vera/?utm_campaign=cerca-v1,FALSE,
Jerez de los Caballeros,06070,EX0020,14/07/2025,Extremadura,EX,FALSE,lacronicabadajoz,La Crónica de Badajoz,FALSE,https://www.lacronicabadajoz.com/tags/jerez-de-los-caballeros/?utm_campaign=cerca-v1,FALSE,
Jerte,10107,EX0021,14/07/2025,Extremadura,EX,FALSE,elperiodicoextremadura,El Periódico de Extremadura,FALSE,https://www.elperiodicoextremadura.com/caceres/jerte/?utm_campaign=cerca-v1,FALSE,
Logrosán,10109,EX0022,14/07/2025,Extremadura,EX,FALSE,elperiodicoextremadura,El Periódico de Extremadura,FALSE,https://www.elperiodicoextremadura.com/caceres/logrosan/?utm_campaign=cerca-v1,FALSE,
Malpartida de Cáceres,10115,EX0023,14/07/2025,Extremadura,EX,TRUE,elperiodicoextremadura,El Periódico de Extremadura,FALSE,https://www.elperiodicoextremadura.com/caceres/malpartida-de-caceres/?utm_campaign=cerca-v1,FALSE,
Media Principal,,EX0024,14/07/2025,Extremadura,EX,FALSE,elperiodicoextremadura,El Periódico de Extremadura,TRUE,,TRUE,https://www.elperiodicoextremadura.com/municipios.html
Media Principal,,EX0025,14/07/2025,Extremadura,EX,FALSE,lacronicabadajoz,La Crónica de Badajoz,TRUE,,TRUE,https://www.lacronicabadajoz.com/municipios/
Mérida,06083,EX0027,14/07/2025,Extremadura,EX,FALSE,lacronicabadajoz,La Crónica de Badajoz,TRUE,https://www.lacronicabadajoz.com/merida/?utm_campaign=cerca-v1,FALSE,
Miajadas,10121,EX0028,14/07/2025,Extremadura,EX,FALSE,elperiodicoextremadura,El Periódico de Extremadura,FALSE,https://www.elperiodicoextremadura.com/caceres/miajadas/?utm_campaign=cerca-v1,FALSE,
Monesterio,06085,EX0029,14/07/2025,Extremadura,EX,FALSE,lacronicabadajoz,La Crónica de Badajoz,TRUE,https://www.lacronicabadajoz.com/tags/monesterio/?utm_campaign=cerca-v1,FALSE,
Monfragüe,34_11_10_15,EX0030,14/07/2025,Extremadura,EX,FALSE,elperiodicoextremadura,El Periódico de Extremadura,FALSE,https://www.elperiodicoextremadura.com/extremadura/monfrague/?utm_campaign=cerca-v1,FALSE,
Montánchez,10126,EX0031,14/07/2025,Extremadura,EX,FALSE,elperiodicoextremadura,El Periódico de Extremadura,FALSE,https://www.elperiodicoextremadura.com/caceres/montanchez/?utm_campaign=cerca-v1,FALSE,
Moraleja,10128,EX0032,14/07/2025,Extremadura,EX,FALSE,elperiodicoextremadura,El Periódico de Extremadura,FALSE,https://www.elperiodicoextremadura.com/caceres/moraleja/?utm_campaign=cerca-v1,FALSE,
Navalmoral de la Mata,10131,EX0033,14/07/2025,Extremadura,EX,FALSE,elperiodicoextremadura,El Periódico de Extremadura,TRUE,https://www.elperiodicoextremadura.com/caceres/navalmoral-de-la-mata/?utm_campaign=cerca-v1,FALSE,
Pinofranqueado,10146,EX0034,14/07/2025,Extremadura,EX,FALSE,elperiodicoextremadura,El Periódico de Extremadura,FALSE,https://www.elperiodicoextremadura.com/caceres/pinofranqueado/?utm_campaign=cerca-v1,FALSE,
Piornal,10147,EX0035,14/07/2025,Extremadura,EX,FALSE,elperiodicoextremadura,El Periódico de Extremadura,FALSE,https://www.elperiodicoextremadura.com/caceres/piornal/?utm_campaign=cerca-v1,FALSE,
Talayuela,10180,EX0037,14/07/2025,Extremadura,EX,FALSE,elperiodicoextremadura,El Periódico de Extremadura,FALSE,https://www.elperiodicoextremadura.com/caceres/talayuela/?utm_campaign=cerca-v1,FALSE,
Trujillo,10195,EX0038,14/07/2025,Extremadura,EX,FALSE,elperiodicoextremadura,El Periódico de Extremadura,TRUE,https://www.elperiodicoextremadura.com/caceres/trujillo/?utm_campaign=cerca-v1,FALSE,
Villafranca de los Barros,06149,EX0039,14/07/2025,Extremadura,EX,TRUE,lacronicabadajoz,La Crónica de Badajoz,TRUE,https://www.lacronicabadajoz.com/badajoz/villafranca-de-los-barros/?utm_campaign=cerca-v1,FALSE,
Villanueva de la Serena,06153,EX0040,14/07/2025,Extremadura,EX,FALSE,lacronicabadajoz,La Crónica de Badajoz,TRUE,https://www.lacronicabadajoz.com/tags/villanueva-de-la-serena/?utm_campaign=cerca-v1,FALSE,
Zafra,06158,EX0041,14/07/2025,Extremadura,EX,FALSE,lacronicabadajoz,La Crónica de Badajoz,TRUE,https://www.lacronicabadajoz.com/tags/zafra/?utm_campaign=cerca-v1,FALSE,
A Cañiza,36009,GAL0001,14/07/2025,Galicia,GAL,FALSE,farodevigo,Faro de Vigo,FALSE,https://www.farodevigo.es/comarcas/a-caniza/?utm_campaign=cerca-v1,FALSE,
A Estrada,36017,GAL0003,14/07/2025,Galicia,GAL,FALSE,farodevigo,Faro de Vigo,FALSE,https://www.farodevigo.es/deza-tabeiros-montes/a-estrada/?utm_campaign=cerca-v1,FALSE,
A Guarda,36023,GAL0004,14/07/2025,Galicia,GAL,FALSE,farodevigo,Faro de Vigo,TRUE,https://www.farodevigo.es/comarcas/a-guarda/?utm_campaign=cerca-v1,FALSE,
A Illa de Arousa,36901,GAL0005,14/07/2025,Galicia,GAL,FALSE,farodevigo,Faro de Vigo,FALSE,https://www.farodevigo.es/arousa/a-illa-de-arousa/?utm_campaign=cerca-v1,FALSE,
A Lama,36025,GAL0006,14/07/2025,Galicia,GAL,FALSE,farodevigo,Faro de Vigo,FALSE,https://www.farodevigo.es/pontevedra/a-lama/?utm_campaign=cerca-v1,FALSE,
A Pobla do Caramiñal,15067,GAL0009,14/07/2025,Galicia,GAL,FALSE,elcorreogallego,El Correo Gallego,FALSE,https://www.elcorreogallego.es/barbanza/a-pobla-do-caraminal/?utm_campaign=cerca-v1,FALSE,
Agolada,36020,GAL0011,14/07/2025,Galicia,GAL,FALSE,farodevigo,Faro de Vigo,FALSE,https://www.farodevigo.es/deza-tabeiros-montes/agolada/?utm_campaign=cerca-v1,FALSE,
Allariz,32001,GAL0012,14/07/2025,Galicia,GAL,FALSE,farodevigo,Faro de Vigo,FALSE,https://www.farodevigo.es/ourense/allariz/?utm_campaign=cerca-v1,FALSE,
Ames,15002,GAL0013,14/07/2025,Galicia,GAL,FALSE,elcorreogallego,El Correo Gallego,TRUE,https://www.elcorreogallego.es/compostela/ames/?utm_campaign=cerca-v1,FALSE,
Arbo,36001,GAL0015,14/07/2025,Galicia,GAL,FALSE,farodevigo,Faro de Vigo,FALSE,https://www.farodevigo.es/comarcas/arbo/?utm_campaign=cerca-v1,FALSE,
Arzúa,15006,GAL0017,14/07/2025,Galicia,GAL,FALSE,elcorreogallego,El Correo Gallego,FALSE,https://www.elcorreogallego.es/ordes-arzua/arzua/?utm_campaign=cerca-v1,FALSE,
As Neves,36034,GAL0018,14/07/2025,Galicia,GAL,FALSE,farodevigo,Faro de Vigo,FALSE,https://www.farodevigo.es/comarcas/as-neves/?utm_campaign=cerca-v1,FALSE,
Baiona,36003,GAL0019,14/07/2025,Galicia,GAL,FALSE,farodevigo,Faro de Vigo,TRUE,https://www.farodevigo.es/comarcas/baiona/?utm_campaign=cerca-v1,FALSE,
Barro,36002,GAL0020,14/07/2025,Galicia,GAL,FALSE,farodevigo,Faro de Vigo,FALSE,https://www.farodevigo.es/pontevedra/barro/?utm_campaign=cerca-v1,FALSE,
Boiro,15011,GAL0023,14/07/2025,Galicia,GAL,FALSE,elcorreogallego,El Correo Gallego,FALSE,https://www.elcorreogallego.es/barbanza/boiro/?utm_campaign=cerca-v1,FALSE,
Boqueixón,15012,GAL0024,14/07/2025,Galicia,GAL,FALSE,elcorreogallego,El Correo Gallego,FALSE,https://www.elcorreogallego.es/compostela/boqueixon/?utm_campaign=cerca-v1,FALSE,
Brión,15013,GAL0025,14/07/2025,Galicia,GAL,FALSE,elcorreogallego,El Correo Gallego,TRUE,https://www.elcorreogallego.es/compostela/brion/?utm_campaign=cerca-v1,FALSE,
Bueu,36004,GAL0026,14/07/2025,Galicia,GAL,FALSE,farodevigo,Faro de Vigo,FALSE,https://www.farodevigo.es/o-morrazo/bueu/?utm_campaign=cerca-v1,FALSE,
Cabana de Bergantiños,15014,GAL0027,14/07/2025,Galicia,GAL,FALSE,elcorreogallego,El Correo Gallego,FALSE,https://www.elcorreogallego.es/bergantinos/cabana-de-bergantinos/?utm_campaign=cerca-v1,FALSE,
Caldas de Reis,36005,GAL0028,14/07/2025,Galicia,GAL,FALSE,farodevigo,Faro de Vigo,FALSE,https://www.farodevigo.es/pontevedra/caldas-de-reis/?utm_campaign=cerca-v1,FALSE,
Cambados,36006,GAL0029,14/07/2025,Galicia,GAL,FALSE,farodevigo,Faro de Vigo,FALSE,https://www.farodevigo.es/arousa/cambados/?utm_campaign=cerca-v1,FALSE,
Campo Lameiro,36007,GAL0031,14/07/2025,Galicia,GAL,FALSE,farodevigo,Faro de Vigo,FALSE,https://www.farodevigo.es/pontevedra/campo-lameiro/?utm_campaign=cerca-v1,FALSE,
Cangas,36008,GAL0032,14/07/2025,Galicia,GAL,FALSE,farodevigo,Faro de Vigo,FALSE,https://www.farodevigo.es/o-morrazo/cangas/?utm_campaign=cerca-v1,FALSE,
Carballo,15019,GAL0033,14/07/2025,Galicia,GAL,FALSE,elcorreogallego,El Correo Gallego,FALSE,https://www.elcorreogallego.es/bergantinos/carballo/?utm_campaign=cerca-v1,FALSE,
Carnota,15020,GAL0034,14/07/2025,Galicia,GAL,FALSE,elcorreogallego,El Correo Gallego,FALSE,https://www.elcorreogallego.es/a-costa-da-morte/carnota/?utm_campaign=cerca-v1,FALSE,
Catoira,36010,GAL0036,14/07/2025,Galicia,GAL,FALSE,farodevigo,Faro de Vigo,FALSE,https://www.farodevigo.es/arousa/catoira/?utm_campaign=cerca-v1,FALSE,
Celanova,32024,GAL0037,14/07/2025,Galicia,GAL,FALSE,farodevigo,Faro de Vigo,FALSE,https://www.farodevigo.es/ourense/celanova/?utm_campaign=cerca-v1,FALSE,
Comarca da Limia,34_12_32_04,GAL0040,14/07/2025,Galicia,GAL,FALSE,farodevigo,Faro de Vigo,FALSE,https://www.farodevigo.es/ourense/comarca-da-limia/?utm_campaign=cerca-v1,FALSE,
Comarca de Allariz Maceda,34_12_32_01,GAL0041,14/07/2025,Galicia,GAL,FALSE,farodevigo,Faro de Vigo,FALSE,https://www.farodevigo.es/ourense/comarca-de-allariz-maceda/?utm_campaign=cerca-v1,FALSE,
Comarca de Terra de Trives,34_12_32_09,GAL0042,14/07/2025,Galicia,GAL,FALSE,farodevigo,Faro de Vigo,FALSE,https://www.farodevigo.es/ourense/comarca-de-terra-de-trives/?utm_campaign=cerca-v1,FALSE,
Comarca de Valdeorras,34_12_32_10,GAL0043,14/07/2025,Galicia,GAL,FALSE,farodevigo,Faro de Vigo,FALSE,https://www.farodevigo.es/ourense/comarca-de-valdeorras/?utm_campaign=cerca-v1,FALSE,
Comarca de Verín,34_12_32_11,GAL0044,14/07/2025,Galicia,GAL,FALSE,farodevigo,Faro de Vigo,FALSE,https://www.farodevigo.es/ourense/comarca-de-verin/?utm_campaign=cerca-v1,FALSE,
Comarca do Carballino,34_12_32_03,GAL0045,14/07/2025,Galicia,GAL,FALSE,farodevigo,Faro de Vigo,FALSE,https://www.farodevigo.es/comarca-do-carballino/?utm_campaign=cerca-v1,FALSE,
Comarca do Ribeiro,34_12_32_06,GAL0046,14/07/2025,Galicia,GAL,FALSE,farodevigo,Faro de Vigo,FALSE,https://www.farodevigo.es/ourense/comarca-do-ribeiro/?utm_campaign=cerca-v1,FALSE,
Comarca Terra De Celanova,34_12_32_08,GAL0047,14/07/2025,Galicia,GAL,FALSE,farodevigo,Faro de Vigo,FALSE,https://www.farodevigo.es/ourense/comarca-terra-de-celanova/?utm_campaign=cerca-v1,FALSE,
Corcubión,15028,GAL0048,14/07/2025,Galicia,GAL,FALSE,elcorreogallego,El Correo Gallego,FALSE,https://www.elcorreogallego.es/a-costa-da-morte/corcubion/?utm_campaign=cerca-v1,FALSE,
Coristanco,15029,GAL0049,14/07/2025,Galicia,GAL,FALSE,elcorreogallego,El Correo Gallego,FALSE,https://www.elcorreogallego.es/bergantinos/coristanco/?utm_campaign=cerca-v1,FALSE,
Covelo,36013,GAL0050,14/07/2025,Galicia,GAL,FALSE,farodevigo,Faro de Vigo,FALSE,https://www.farodevigo.es/comarcas/covelo/?utm_campaign=cerca-v1,FALSE,
Crecente,36014,GAL0051,14/07/2025,Galicia,GAL,FALSE,farodevigo,Faro de Vigo,FALSE,https://www.farodevigo.es/comarcas/crecente/?utm_campaign=cerca-v1,FALSE,
Cuntis,36015,GAL0053,14/07/2025,Galicia,GAL,FALSE,farodevigo,Faro de Vigo,FALSE,https://www.farodevigo.es/pontevedra/cuntis/?utm_campaign=cerca-v1,FALSE,
Dozón,36016,GAL0055,14/07/2025,Galicia,GAL,FALSE,farodevigo,Faro de Vigo,FALSE,https://www.farodevigo.es/deza-tabeiros-montes/dozon/?utm_campaign=cerca-v1,FALSE,
Dumbría,15034,GAL0056,14/07/2025,Galicia,GAL,FALSE,elcorreogallego,El Correo Gallego,FALSE,https://www.elcorreogallego.es/a-costa-da-morte/dumbria/?utm_campaign=cerca-v1,FALSE,
Forcarei,36018,GAL0057,14/07/2025,Galicia,GAL,FALSE,farodevigo,Faro de Vigo,FALSE,https://www.farodevigo.es/deza-tabeiros-montes/forcarei/?utm_campaign=cerca-v1,FALSE,
Fornelos de Montes,36019,GAL0058,14/07/2025,Galicia,GAL,FALSE,farodevigo,Faro de Vigo,FALSE,https://www.farodevigo.es/comarcas/fornelos-de-montes/?utm_campaign=cerca-v1,FALSE,
Frades,15038,GAL0059,14/07/2025,Galicia,GAL,FALSE,elcorreogallego,El Correo Gallego,FALSE,https://www.elcorreogallego.es/ordes-arzua/frades/?utm_campaign=cerca-v1,FALSE,
Gondomar,36021,GAL0060,14/07/2025,Galicia,GAL,FALSE,farodevigo,Faro de Vigo,TRUE,https://www.farodevigo.es/comarcas/gondomar/?utm_campaign=cerca-v1,FALSE,
Lalín,36024,GAL0062,14/07/2025,Galicia,GAL,FALSE,farodevigo,Faro de Vigo,FALSE,https://www.farodevigo.es/deza-tabeiros-montes/lalin/?utm_campaign=cerca-v1,FALSE,
Laxe,15040,GAL0063,14/07/2025,Galicia,GAL,FALSE,elcorreogallego,El Correo Gallego,FALSE,https://www.elcorreogallego.es/bergantinos/laxe/?utm_campaign=cerca-v1,FALSE,
Lousame,15042,GAL0064,14/07/2025,Galicia,GAL,FALSE,elcorreogallego,El Correo Gallego,FALSE,https://www.elcorreogallego.es/barbanza/lousame/?utm_campaign=cerca-v1,FALSE,
Malpica,15043,GAL0065,14/07/2025,Galicia,GAL,FALSE,elcorreogallego,El Correo Gallego,FALSE,https://www.elcorreogallego.es/bergantinos/malpica/?utm_campaign=cerca-v1,FALSE,
Marín,36026,GAL0066,14/07/2025,Galicia,GAL,FALSE,farodevigo,Faro de Vigo,FALSE,https://www.farodevigo.es/pontevedra/marin/?utm_campaign=cerca-v1,FALSE,
Mazaricos,15045,GAL0067,14/07/2025,Galicia,GAL,FALSE,elcorreogallego,El Correo Gallego,FALSE,https://www.elcorreogallego.es/a-costa-da-morte/mazaricos/?utm_campaign=cerca-v1,FALSE,
Meaño,36027,GAL0068,14/07/2025,Galicia,GAL,FALSE,farodevigo,Faro de Vigo,FALSE,https://www.farodevigo.es/arousa/meano/?utm_campaign=cerca-v1,FALSE,
Media Principal,,GAL0069,14/07/2025,Galicia,GAL,FALSE,elcorreogallego,El Correo Gallego,TRUE,,TRUE,https://www.elcorreogallego.es/municipios/
Media Principal,,GAL0070,14/07/2025,Galicia,GAL,FALSE,farodevigo,Faro de Vigo,TRUE,,TRUE,https://www.farodevigo.es/municipios.html
Media Principal,,GAL0071,14/07/2025,Galicia,GAL,FALSE,laopinioncoruna,La Opinión A Coruña,TRUE,,TRUE,https://www.laopinioncoruna.es/municipios.html
Meis,36028,GAL0072,14/07/2025,Galicia,GAL,FALSE,farodevigo,Faro de Vigo,FALSE,https://www.farodevigo.es/arousa/meis/?utm_campaign=cerca-v1,FALSE,
Melide,15046,GAL0073,14/07/2025,Galicia,GAL,FALSE,elcorreogallego,El Correo Gallego,FALSE,https://www.elcorreogallego.es/ordes-arzua/melide/?utm_campaign=cerca-v1,FALSE,
Moaña,36029,GAL0075,14/07/2025,Galicia,GAL,FALSE,farodevigo,Faro de Vigo,FALSE,https://www.farodevigo.es/o-morrazo/moana/?utm_campaign=cerca-v1,FALSE,
Mondariz,36030,GAL0076,14/07/2025,Galicia,GAL,FALSE,farodevigo,Faro de Vigo,FALSE,https://www.farodevigo.es/comarcas/mondariz/?utm_campaign=cerca-v1,FALSE,
Mondariz Balneario,36031,GAL0077,14/07/2025,Galicia,GAL,FALSE,farodevigo,Faro de Vigo,FALSE,https://www.farodevigo.es/comarcas/mondariz-balneario/?utm_campaign=cerca-v1,FALSE,
Moraña,36032,GAL0078,14/07/2025,Galicia,GAL,FALSE,farodevigo,Faro de Vigo,FALSE,https://www.farodevigo.es/pontevedra/morana/?utm_campaign=cerca-v1,FALSE,
Mos,36033,GAL0079,14/07/2025,Galicia,GAL,FALSE,farodevigo,Faro de Vigo,TRUE,https://www.farodevigo.es/comarcas/mos/?utm_campaign=cerca-v1,FALSE,
Muros,15053,GAL0080,14/07/2025,Galicia,GAL,FALSE,elcorreogallego,El Correo Gallego,FALSE,https://www.elcorreogallego.es/barbanza/muros/?utm_campaign=cerca-v1,FALSE,
Muxía,15052,GAL0081,14/07/2025,Galicia,GAL,FALSE,elcorreogallego,El Correo Gallego,FALSE,https://www.elcorreogallego.es/a-costa-da-morte/muxia/?utm_campaign=cerca-v1,FALSE,
Negreira,15056,GAL0082,14/07/2025,Galicia,GAL,FALSE,elcorreogallego,El Correo Gallego,FALSE,https://www.elcorreogallego.es/compostela/negreira/?utm_campaign=cerca-v1,FALSE,
Nigrán,36035,GAL0083,14/07/2025,Galicia,GAL,FALSE,farodevigo,Faro de Vigo,TRUE,https://www.farodevigo.es/comarcas/nigran/?utm_campaign=cerca-v1,FALSE,
Noia,15057,GAL0084,14/07/2025,Galicia,GAL,FALSE,elcorreogallego,El Correo Gallego,TRUE,https://www.elcorreogallego.es/barbanza/noia/?utm_campaign=cerca-v1,FALSE,
O Carballiño,32019,GAL0085,14/07/2025,Galicia,GAL,FALSE,farodevigo,Faro de Vigo,FALSE,https://www.farodevigo.es/ourense/o-carballino/?utm_campaign=cerca-v1,FALSE,
O Grove,36022,GAL0086,14/07/2025,Galicia,GAL,FALSE,farodevigo,Faro de Vigo,FALSE,https://www.farodevigo.es/arousa/o-grove/?utm_campaign=cerca-v1,FALSE,
O Pino,15066,GAL0087,14/07/2025,Galicia,GAL,FALSE,elcorreogallego,El Correo Gallego,FALSE,https://www.elcorreogallego.es/ordes-arzua/o-pino/?utm_campaign=cerca-v1,FALSE,
O Porriño,36039,GAL0088,14/07/2025,Galicia,GAL,FALSE,farodevigo,Faro de Vigo,TRUE,https://www.farodevigo.es/comarcas/o-porrino/?utm_campaign=cerca-v1,FALSE,
O Rosal,36048,GAL0089,14/07/2025,Galicia,GAL,FALSE,farodevigo,Faro de Vigo,FALSE,https://www.farodevigo.es/comarcas/o-rosal/?utm_campaign=cerca-v1,FALSE,
Oia,36036,GAL0090,14/07/2025,Galicia,GAL,FALSE,farodevigo,Faro de Vigo,FALSE,https://www.farodevigo.es/comarcas/oia/?utm_campaign=cerca-v1,FALSE,
Ordes,15059,GAL0092,14/07/2025,Galicia,GAL,FALSE,elcorreogallego,El Correo Gallego,FALSE,https://www.elcorreogallego.es/ordes-arzua/ordes/?utm_campaign=cerca-v1,FALSE,
Oroso,15060,GAL0093,14/07/2025,Galicia,GAL,FALSE,elcorreogallego,El Correo Gallego,TRUE,https://www.elcorreogallego.es/ordes-arzua/oroso/?utm_campaign=cerca-v1,FALSE,
Ourense,32054,GAL0094,14/07/2025,Galicia,GAL,FALSE,farodevigo,Faro de Vigo,FALSE,https://www.farodevigo.es/ourense/?utm_campaign=cerca-v1,FALSE,
Outes,15062,GAL0095,14/07/2025,Galicia,GAL,FALSE,elcorreogallego,El Correo Gallego,FALSE,https://www.elcorreogallego.es/barbanza/outes/?utm_campaign=cerca-v1,FALSE,
Padrón,15065,GAL0098,14/07/2025,Galicia,GAL,FALSE,elcorreogallego,El Correo Gallego,TRUE,https://www.elcorreogallego.es/compostela/padron/?utm_campaign=cerca-v1,FALSE,
Pazos de Borbén,36037,GAL0099,14/07/2025,Galicia,GAL,FALSE,farodevigo,Faro de Vigo,FALSE,https://www.farodevigo.es/comarcas/pazos-de-borben/?utm_campaign=cerca-v1,FALSE,
Poio,36041,GAL0100,14/07/2025,Galicia,GAL,FALSE,farodevigo,Faro de Vigo,FALSE,https://www.farodevigo.es/pontevedra/poio/?utm_campaign=cerca-v1,FALSE,
Ponte Caldelas,36043,GAL0101,14/07/2025,Galicia,GAL,FALSE,farodevigo,Faro de Vigo,FALSE,https://www.farodevigo.es/pontevedra/ponte-caldelas/?utm_campaign=cerca-v1,FALSE,
Ponteareas,36042,GAL0102,14/07/2025,Galicia,GAL,FALSE,farodevigo,Faro de Vigo,FALSE,https://www.farodevigo.es/comarcas/ponteareas/?utm_campaign=cerca-v1,FALSE,
Ponteceso,15068,GAL0103,14/07/2025,Galicia,GAL,FALSE,elcorreogallego,El Correo Gallego,FALSE,https://www.elcorreogallego.es/bergantinos/ponteceso/?utm_campaign=cerca-v1,FALSE,
Pontecesures,36044,GAL0104,14/07/2025,Galicia,GAL,FALSE,farodevigo,Faro de Vigo,FALSE,https://www.farodevigo.es/arousa/pontecesures/?utm_campaign=cerca-v1,FALSE,
Pontevedra,36038,GAL0105,14/07/2025,Galicia,GAL,FALSE,farodevigo,Faro de Vigo,FALSE,https://www.farodevigo.es/pontevedra/?utm_campaign=cerca-v1,FALSE,
Portas,36040,GAL0106,14/07/2025,Galicia,GAL,FALSE,farodevigo,Faro de Vigo,FALSE,https://www.farodevigo.es/pontevedra/portas/?utm_campaign=cerca-v1,FALSE,
Porto do Son,15071,GAL0107,14/07/2025,Galicia,GAL,FALSE,elcorreogallego,El Correo Gallego,FALSE,https://www.elcorreogallego.es/barbanza/porto-do-son/?utm_campaign=cerca-v1,FALSE,
Redondela,36045,GAL0108,14/07/2025,Galicia,GAL,FALSE,farodevigo,Faro de Vigo,TRUE,https://www.farodevigo.es/comarcas/redondela/?utm_campaign=cerca-v1,FALSE,
Rianxo,15072,GAL0109,14/07/2025,Galicia,GAL,FALSE,elcorreogallego,El Correo Gallego,FALSE,https://www.elcorreogallego.es/barbanza/rianxo/?utm_campaign=cerca-v1,FALSE,
Ribadumia,36046,GAL0110,14/07/2025,Galicia,GAL,FALSE,farodevigo,Faro de Vigo,FALSE,https://www.farodevigo.es/arousa/ribadumia/?utm_campaign=cerca-v1,FALSE,
Ribeira,15073,GAL0111,14/07/2025,Galicia,GAL,FALSE,elcorreogallego,El Correo Gallego,TRUE,https://www.elcorreogallego.es/barbanza/ribeira/?utm_campaign=cerca-v1,FALSE,
Rodeiro,36047,GAL0112,14/07/2025,Galicia,GAL,FALSE,farodevigo,Faro de Vigo,FALSE,https://www.farodevigo.es/deza-tabeiros-montes/rodeiro/?utm_campaign=cerca-v1,FALSE,
Rois,15074,GAL0113,14/07/2025,Galicia,GAL,FALSE,elcorreogallego,El Correo Gallego,FALSE,https://www.elcorreogallego.es/compostela/rois/?utm_campaign=cerca-v1,FALSE,
Salceda de Caselas,36049,GAL0115,14/07/2025,Galicia,GAL,FALSE,farodevigo,Faro de Vigo,FALSE,https://www.farodevigo.es/comarcas/salceda-de-caselas/?utm_campaign=cerca-v1,FALSE,
Salvaterra,36050,GAL0116,14/07/2025,Galicia,GAL,FALSE,farodevigo,Faro de Vigo,FALSE,https://www.farodevigo.es/comarcas/salvaterra/?utm_campaign=cerca-v1,FALSE,
Santa Comba,15077,GAL0117,14/07/2025,Galicia,GAL,FALSE,elcorreogallego,El Correo Gallego,FALSE,https://www.elcorreogallego.es/compostela/santa-coloma/?utm_campaign=cerca-v1,FALSE,
Santiago,15078,GAL0118,14/07/2025,Galicia,GAL,FALSE,elcorreogallego,El Correo Gallego,TRUE,https://www.elcorreogallego.es/santiago/?utm_campaign=cerca-v1,FALSE,
Sanxenxo,36051,GAL0119,14/07/2025,Galicia,GAL,FALSE,farodevigo,Faro de Vigo,FALSE,https://www.farodevigo.es/pontevedra/sanxenxo/?utm_campaign=cerca-v1,FALSE,
Silleda,36052,GAL0120,14/07/2025,Galicia,GAL,FALSE,farodevigo,Faro de Vigo,FALSE,https://www.farodevigo.es/deza-tabeiros-montes/silleda/?utm_campaign=cerca-v1,FALSE,
Soutomaior,36053,GAL0121,14/07/2025,Galicia,GAL,FALSE,farodevigo,Faro de Vigo,FALSE,https://www.farodevigo.es/comarcas/soutomaior/?utm_campaign=cerca-v1,FALSE,
Teo,15082,GAL0122,14/07/2025,Galicia,GAL,FALSE,elcorreogallego,El Correo Gallego,TRUE,https://www.elcorreogallego.es/compostela/teo/?utm_campaign=cerca-v1,FALSE,
Tomiño,36054,GAL0123,14/07/2025,Galicia,GAL,FALSE,farodevigo,Faro de Vigo,TRUE,https://www.farodevigo.es/comarcas/tomino/?utm_campaign=cerca-v1,FALSE,
Tordoia,15084,GAL0124,14/07/2025,Galicia,GAL,FALSE,elcorreogallego,El Correo Gallego,FALSE,https://www.elcorreogallego.es/ordes-arzua/tordoia/?utm_campaign=cerca-v1,FALSE,
Touro,15085,GAL0125,14/07/2025,Galicia,GAL,FALSE,elcorreogallego,El Correo Gallego,FALSE,https://www.elcorreogallego.es/ordes-arzua/touro/?utm_campaign=cerca-v1,FALSE,
Tui,36055,GAL0126,14/07/2025,Galicia,GAL,FALSE,farodevigo,Faro de Vigo,TRUE,https://www.farodevigo.es/comarcas/tui/?utm_campaign=cerca-v1,FALSE,
Val do Dubra,15088,GAL0127,14/07/2025,Galicia,GAL,FALSE,elcorreogallego,El Correo Gallego,FALSE,https://www.elcorreogallego.es/compostela/val-do-dubra/?utm_campaign=cerca-v1,FALSE,
Valga,36056,GAL0128,14/07/2025,Galicia,GAL,FALSE,farodevigo,Faro de Vigo,FALSE,https://www.farodevigo.es/arousa/valga/?utm_campaign=cerca-v1,FALSE,
Vedra,15089,GAL0129,14/07/2025,Galicia,GAL,FALSE,elcorreogallego,El Correo Gallego,FALSE,https://www.elcorreogallego.es/compostela/vedra/?utm_campaign=cerca-v1,FALSE,
Verín,32085,GAL0130,14/07/2025,Galicia,GAL,FALSE,farodevigo,Faro de Vigo,FALSE,https://www.farodevigo.es/ourense/verin/?utm_campaign=cerca-v1,FALSE,
Vila de Cruces,36059,GAL0132,14/07/2025,Galicia,GAL,FALSE,farodevigo,Faro de Vigo,FALSE,https://www.farodevigo.es/deza-tabeiros-montes/vila-de-cruces/?utm_campaign=cerca-v1,FALSE,
Vilaboa,36058,GAL0133,14/07/2025,Galicia,GAL,FALSE,farodevigo,Faro de Vigo,FALSE,https://www.farodevigo.es/pontevedra/vilaboa/?utm_campaign=cerca-v1,FALSE,
Vilagarcía de Arousa,36060,GAL0134,14/07/2025,Galicia,GAL,FALSE,farodevigo,Faro de Vigo,FALSE,https://www.farodevigo.es/arousa/vilagarcia-de-arousa/?utm_campaign=cerca-v1,FALSE,
Vilanova de Arousa,36061,GAL0135,14/07/2025,Galicia,GAL,FALSE,farodevigo,Faro de Vigo,FALSE,https://www.farodevigo.es/arousa/vilanova-de-arousa/?utm_campaign=cerca-v1,FALSE,
Vimianzo,15092,GAL0137,14/07/2025,Galicia,GAL,FALSE,elcorreogallego,El Correo Gallego,FALSE,https://www.elcorreogallego.es/a-costa-da-morte/vimianzo/?utm_campaign=cerca-v1,FALSE,
Xinzo de Limia,32032,GAL0138,14/07/2025,Galicia,GAL,FALSE,farodevigo,Faro de Vigo,FALSE,https://www.farodevigo.es/ourense/xinzo/?utm_campaign=cerca-v1,FALSE,
Algaida,07004,IB0002,14/07/2025,Islas Baleares,IB,FALSE,diariodemallorca,Diario de Mallorca,FALSE,https://www.diariodemallorca.es/mallorca/algaida/?utm_campaign=cerca-v1,FALSE,
Andratx,07005,IB0004,14/07/2025,Islas Baleares,IB,FALSE,diariodemallorca,Diario de Mallorca,FALSE,https://www.diariodemallorca.es/mallorca/andratx/?utm_campaign=cerca-v1,FALSE,
Ariany,07901,IB0005,14/07/2025,Islas Baleares,IB,FALSE,diariodemallorca,Diario de Mallorca,FALSE,https://www.diariodemallorca.es/mallorca/ariany/?utm_campaign=cerca-v1,FALSE,
Artà,07006,IB0006,14/07/2025,Islas Baleares,IB,FALSE,diariodemallorca,Diario de Mallorca,FALSE,https://www.diariodemallorca.es/mallorca/arta/?utm_campaign=cerca-v1,FALSE,
Banyalbufar,07007,IB0007,14/07/2025,Islas Baleares,IB,FALSE,diariodemallorca,Diario de Mallorca,FALSE,https://www.diariodemallorca.es/mallorca/banyalbufar/?utm_campaign=cerca-v1,FALSE,
Binissalem,07008,IB0008,14/07/2025,Islas Baleares,IB,FALSE,diariodemallorca,Diario de Mallorca,FALSE,https://www.diariodemallorca.es/mallorca/binissalem/?utm_campaign=cerca-v1,FALSE,
Búger,07009,IB0009,14/07/2025,Islas Baleares,IB,FALSE,diariodemallorca,Diario de Mallorca,FALSE,https://www.diariodemallorca.es/mallorca/buger/?utm_campaign=cerca-v1,FALSE,
Bunyola,07010,IB0010,14/07/2025,Islas Baleares,IB,FALSE,diariodemallorca,Diario de Mallorca,FALSE,https://www.diariodemallorca.es/mallorca/bunyola/?utm_campaign=cerca-v1,FALSE,
Calvià,07011,IB0011,14/07/2025,Islas Baleares,IB,FALSE,diariodemallorca,Diario de Mallorca,TRUE,https://www.diariodemallorca.es/mallorca/calvia/?utm_campaign=cerca-v1,FALSE,
Campos,07013,IB0012,14/07/2025,Islas Baleares,IB,FALSE,diariodemallorca,Diario de Mallorca,FALSE,https://www.diariodemallorca.es/mallorca/campos/?utm_campaign=cerca-v1,FALSE,
Capdepera,07014,IB0013,14/07/2025,Islas Baleares,IB,FALSE,diariodemallorca,Diario de Mallorca,FALSE,https://www.diariodemallorca.es/mallorca/capdepera/?utm_campaign=cerca-v1,FALSE,
Consell,07016,IB0014,14/07/2025,Islas Baleares,IB,FALSE,diariodemallorca,Diario de Mallorca,FALSE,https://www.diariodemallorca.es/mallorca/consell/?utm_campaign=cerca-v1,FALSE,
Costitx,07017,IB0015,14/07/2025,Islas Baleares,IB,FALSE,diariodemallorca,Diario de Mallorca,FALSE,https://www.diariodemallorca.es/mallorca/costitx/?utm_campaign=cerca-v1,FALSE,
Escorca,07019,IB0016,14/07/2025,Islas Baleares,IB,FALSE,diariodemallorca,Diario de Mallorca,FALSE,https://www.diariodemallorca.es/mallorca/escorca/?utm_campaign=cerca-v1,FALSE,
Esporles,07020,IB0017,14/07/2025,Islas Baleares,IB,FALSE,diariodemallorca,Diario de Mallorca,FALSE,https://www.diariodemallorca.es/mallorca/esporles/?utm_campaign=cerca-v1,FALSE,
Estellencs,07021,IB0018,14/07/2025,Islas Baleares,IB,FALSE,diariodemallorca,Diario de Mallorca,FALSE,https://www.diariodemallorca.es/mallorca/estellencs/?utm_campaign=cerca-v1,FALSE,
Felanitx,07022,IB0019,14/07/2025,Islas Baleares,IB,FALSE,diariodemallorca,Diario de Mallorca,FALSE,https://www.diariodemallorca.es/mallorca/felanitx/?utm_campaign=cerca-v1,FALSE,
Formentera,07024,IB0020,14/07/2025,Islas Baleares,IB,FALSE,diariodeibiza,Diario de Ibiza,TRUE,https://www.diariodeibiza.es/formentera/?utm_campaign=cerca-v1,FALSE,
Ibiza,07026,IB0021,14/07/2025,Islas Baleares,IB,FALSE,diariodeibiza,Diario de Ibiza,TRUE,https://www.diariodeibiza.es/ibiza/?utm_campaign=cerca-v1,FALSE,
Inca,07027,IB0022,14/07/2025,Islas Baleares,IB,FALSE,diariodemallorca,Diario de Mallorca,TRUE,https://www.diariodemallorca.es/mallorca/inca/?utm_campaign=cerca-v1,FALSE,
Lloret de Vistalegre,07028,IB0023,14/07/2025,Islas Baleares,IB,FALSE,diariodemallorca,Diario de Mallorca,FALSE,https://www.diariodemallorca.es/mallorca/lloret-de-vistalegre/?utm_campaign=cerca-v1,FALSE,
Lloseta,07029,IB0024,14/07/2025,Islas Baleares,IB,FALSE,diariodemallorca,Diario de Mallorca,FALSE,https://www.diariodemallorca.es/mallorca/lloseta/?utm_campaign=cerca-v1,FALSE,
Llubí,07030,IB0025,14/07/2025,Islas Baleares,IB,FALSE,diariodemallorca,Diario de Mallorca,FALSE,https://www.diariodemallorca.es/mallorca/llubi/?utm_campaign=cerca-v1,FALSE,
Llucmajor,07031,IB0026,14/07/2025,Islas Baleares,IB,FALSE,diariodemallorca,Diario de Mallorca,TRUE,https://www.diariodemallorca.es/mallorca/llucmajor/?utm_campaign=cerca-v1,FALSE,
Manacor,07033,IB0027,14/07/2025,Islas Baleares,IB,FALSE,diariodemallorca,Diario de Mallorca,TRUE,https://www.diariodemallorca.es/mallorca/manacor/?utm_campaign=cerca-v1,FALSE,
Mancor de la Vall,07034,IB0028,14/07/2025,Islas Baleares,IB,FALSE,diariodemallorca,Diario de Mallorca,FALSE,https://www.diariodemallorca.es/mallorca/mancor-de-la-vall/?utm_campaign=cerca-v1,FALSE,
Maria de la Salut,07035,IB0029,14/07/2025,Islas Baleares,IB,FALSE,diariodemallorca,Diario de Mallorca,FALSE,https://www.diariodemallorca.es/mallorca/maria-de-la-salut/?utm_campaign=cerca-v1,FALSE,
Marratxí­,07036,IB0030,14/07/2025,Islas Baleares,IB,FALSE,diariodemallorca,Diario de Mallorca,TRUE,https://www.diariodemallorca.es/mallorca/marratxi/?utm_campaign=cerca-v1,FALSE,
Media Principal,,IB0031,14/07/2025,Islas Baleares,IB,FALSE,diariodeibiza,Diario de Ibiza,FALSE,,FALSE,https://www.diariodeibiza.es/municipios.html
Media Principal,,IB0032,14/07/2025,Islas Baleares,IB,FALSE,diariodemallorca,Diario de Mallorca,TRUE,,TRUE,https://www.diariodemallorca.es/municipios.html
Montuïri,07038,IB0033,14/07/2025,Islas Baleares,IB,FALSE,diariodemallorca,Diario de Mallorca,FALSE,https://www.diariodemallorca.es/mallorca/montuiri/?utm_campaign=cerca-v1,FALSE,
Muro,07039,IB0034,14/07/2025,Islas Baleares,IB,FALSE,diariodemallorca,Diario de Mallorca,FALSE,https://www.diariodemallorca.es/mallorca/muro/?utm_campaign=cerca-v1,FALSE,
Petra,07041,IB0036,14/07/2025,Islas Baleares,IB,FALSE,diariodemallorca,Diario de Mallorca,FALSE,https://www.diariodemallorca.es/mallorca/petra/?utm_campaign=cerca-v1,FALSE,
Pollença,07042,IB0037,14/07/2025,Islas Baleares,IB,FALSE,diariodemallorca,Diario de Mallorca,TRUE,https://www.diariodemallorca.es/mallorca/pollenca/?utm_campaign=cerca-v1,FALSE,
Porreres,07043,IB0038,14/07/2025,Islas Baleares,IB,FALSE,diariodemallorca,Diario de Mallorca,FALSE,https://www.diariodemallorca.es/mallorca/porreres/?utm_campaign=cerca-v1,FALSE,
Puigpunyent,07045,IB0039,14/07/2025,Islas Baleares,IB,FALSE,diariodemallorca,Diario de Mallorca,FALSE,https://www.diariodemallorca.es/mallorca/puigpunyent/?utm_campaign=cerca-v1,FALSE,
Sa Pobla,07044,IB0040,14/07/2025,Islas Baleares,IB,FALSE,diariodemallorca,Diario de Mallorca,FALSE,https://www.diariodemallorca.es/mallorca/sa-pobla/?utm_campaign=cerca-v1,FALSE,
Sant Antoni de Portmany,07046,IB0041,14/07/2025,Islas Baleares,IB,FALSE,diariodeibiza,Diario de Ibiza,TRUE,https://www.diariodeibiza.es/pitiuses-balears/sant-antoni/?utm_campaign=cerca-v1,FALSE,
Sant Joan de Labritja,07050,IB0043,14/07/2025,Islas Baleares,IB,FALSE,diariodeibiza,Diario de Ibiza,TRUE,https://www.diariodeibiza.es/pitiuses-balears/sant-joan/?utm_campaign=cerca-v1,FALSE,
Sant Josep,07048,IB0044,14/07/2025,Islas Baleares,IB,FALSE,diariodeibiza,Diario de Ibiza,TRUE,https://www.diariodeibiza.es/pitiuses-balears/sant-josep/?utm_campaign=cerca-v1,FALSE,
Sant Llorenç des Cardassar,07051,IB0045,14/07/2025,Islas Baleares,IB,FALSE,diariodemallorca,Diario de Mallorca,FALSE,https://www.diariodemallorca.es/mallorca/sant-llorenc-des-cardassar/?utm_campaign=cerca-v1,FALSE,
Santa Eulària,07054,IB0046,14/07/2025,Islas Baleares,IB,TRUE,diariodeibiza,Diario de Ibiza,TRUE,https://www.diariodeibiza.es/pitiuses-balears/santa-eularia/?utm_campaign=cerca-v1,FALSE,
Santa Margalida,07055,IB0047,14/07/2025,Islas Baleares,IB,FALSE,diariodemallorca,Diario de Mallorca,FALSE,,FALSE,
Santa Maria del Camí,07056,IB0048,14/07/2025,Islas Baleares,IB,FALSE,diariodemallorca,Diario de Mallorca,FALSE,https://www.diariodemallorca.es/mallorca/santa-maria-del-cami/?utm_campaign=cerca-v1,FALSE,
Selva,07058,IB0049,14/07/2025,Islas Baleares,IB,FALSE,diariodemallorca,Diario de Mallorca,FALSE,https://www.diariodemallorca.es/mallorca/selva/?utm_campaign=cerca-v1,FALSE,
Sencelles,07047,IB0050,14/07/2025,Islas Baleares,IB,FALSE,diariodemallorca,Diario de Mallorca,FALSE,https://www.diariodemallorca.es/mallorca/sencelles/?utm_campaign=cerca-v1,FALSE,
Ses Salines,07059,IB0051,14/07/2025,Islas Baleares,IB,FALSE,diariodemallorca,Diario de Mallorca,FALSE,https://www.diariodemallorca.es/mallorca/ses-salines/?utm_campaign=cerca-v1,FALSE,
Sineu,07060,IB0052,14/07/2025,Islas Baleares,IB,FALSE,diariodemallorca,Diario de Mallorca,FALSE,https://www.diariodemallorca.es/mallorca/sineu/?utm_campaign=cerca-v1,FALSE,
Sóller,07061,IB0053,14/07/2025,Islas Baleares,IB,FALSE,diariodemallorca,Diario de Mallorca,FALSE,https://www.diariodemallorca.es/mallorca/soller/?utm_campaign=cerca-v1,FALSE,
Son Servera,07062,IB0054,14/07/2025,Islas Baleares,IB,FALSE,diariodemallorca,Diario de Mallorca,FALSE,https://www.diariodemallorca.es/mallorca/son-servera/?utm_campaign=cerca-v1,FALSE,
Valldemossa,07063,IB0055,14/07/2025,Islas Baleares,IB,FALSE,diariodemallorca,Diario de Mallorca,FALSE,https://www.diariodemallorca.es/mallorca/valldemossa/?utm_campaign=cerca-v1,FALSE,
Vilafranca de Bonany,07065,IB0056,14/07/2025,Islas Baleares,IB,FALSE,diariodemallorca,Diario de Mallorca,FALSE,https://www.diariodemallorca.es/mallorca/vilafranca-de-bonany/?utm_campaign=cerca-v1,FALSE,
Abarán,30002,MUR0001,14/07/2025,Región de Murcia,MUR,FALSE,laopiniondemurcia,La Opinión de Murcia,FALSE,https://www.laopiniondemurcia.es/municipios/abaran/?utm_campaign=cerca-v1,FALSE,
Águilas,30003,MUR0002,14/07/2025,Región de Murcia,MUR,FALSE,laopiniondemurcia,La Opinión de Murcia,TRUE,https://www.laopiniondemurcia.es/municipios/aguilas/?utm_campaign=cerca-v1,FALSE,
Albudeite,30004,MUR0003,14/07/2025,Región de Murcia,MUR,FALSE,laopiniondemurcia,La Opinión de Murcia,FALSE,https://www.laopiniondemurcia.es/municipios/albudeite/?utm_campaign=cerca-v1,FALSE,
Alcantarilla,30005,MUR0004,14/07/2025,Región de Murcia,MUR,FALSE,laopiniondemurcia,La Opinión de Murcia,TRUE,https://www.laopiniondemurcia.es/municipios/alcantarilla/?utm_campaign=cerca-v1,FALSE,
Aledo,30006,MUR0005,14/07/2025,Región de Murcia,MUR,FALSE,laopiniondemurcia,La Opinión de Murcia,FALSE,https://www.laopiniondemurcia.es/municipios/aledo/?utm_campaign=cerca-v1,FALSE,
Alguazas,30007,MUR0006,14/07/2025,Región de Murcia,MUR,FALSE,laopiniondemurcia,La Opinión de Murcia,FALSE,https://www.laopiniondemurcia.es/municipios/alguazas/?utm_campaign=cerca-v1,FALSE,
Alhama de Murcia,30008,MUR0007,14/07/2025,Región de Murcia,MUR,FALSE,laopiniondemurcia,La Opinión de Murcia,FALSE,https://www.laopiniondemurcia.es/municipios/alhama-de-murcia/?utm_campaign=cerca-v1,FALSE,
Beniel,30010,MUR0008,14/07/2025,Región de Murcia,MUR,FALSE,laopiniondemurcia,La Opinión de Murcia,FALSE,https://www.laopiniondemurcia.es/municipios/beniel/?utm_campaign=cerca-v1,FALSE,
Blanca,30011,MUR0009,14/07/2025,Región de Murcia,MUR,FALSE,laopiniondemurcia,La Opinión de Murcia,FALSE,https://www.laopiniondemurcia.es/municipios/blanca/?utm_campaign=cerca-v1,FALSE,
Bullas,30012,MUR0010,14/07/2025,Región de Murcia,MUR,FALSE,laopiniondemurcia,La Opinión de Murcia,FALSE,https://www.laopiniondemurcia.es/municipios/bullas/?utm_campaign=cerca-v1,FALSE,
Calasparra,30013,MUR0011,14/07/2025,Región de Murcia,MUR,FALSE,laopiniondemurcia,La Opinión de Murcia,FALSE,https://www.laopiniondemurcia.es/municipios/calasparra/?utm_campaign=cerca-v1,FALSE,
Caravaca de la Cruz,30015,MUR0012,14/07/2025,Región de Murcia,MUR,FALSE,laopiniondemurcia,La Opinión de Murcia,TRUE,https://www.laopiniondemurcia.es/municipios/caravaca-de-la-cruz/?utm_campaign=cerca-v1,FALSE,
Cehegín,30017,MUR0014,14/07/2025,Región de Murcia,MUR,FALSE,laopiniondemurcia,La Opinión de Murcia,FALSE,https://www.laopiniondemurcia.es/municipios/cehegin/?utm_campaign=cerca-v1,FALSE,
Cieza,39021,MUR0015,14/07/2025,Región de Murcia,MUR,FALSE,laopiniondemurcia,La Opinión de Murcia,TRUE,https://www.laopiniondemurcia.es/municipios/cieza/?utm_campaign=cerca-v1,FALSE,
Las Torres de Cotillas,30038,MUR0016,14/07/2025,Región de Murcia,MUR,FALSE,laopiniondemurcia,La Opinión de Murcia,FALSE,https://www.laopiniondemurcia.es/municipios/las-torres-de-cotillas/?utm_campaign=cerca-v1,FALSE,
Librilla,30023,MUR0017,14/07/2025,Región de Murcia,MUR,FALSE,laopiniondemurcia,La Opinión de Murcia,FALSE,https://www.laopiniondemurcia.es/municipios/librilla/?utm_campaign=cerca-v1,FALSE,
Lorca,30024,MUR0018,14/07/2025,Región de Murcia,MUR,FALSE,laopiniondemurcia,La Opinión de Murcia,TRUE,https://www.laopiniondemurcia.es/municipios/lorca/?utm_campaign=cerca-v1,FALSE,
Lorquí,30025,MUR0019,14/07/2025,Región de Murcia,MUR,FALSE,laopiniondemurcia,La Opinión de Murcia,FALSE,https://www.laopiniondemurcia.es/municipios/lorqui/?utm_campaign=cerca-v1,FALSE,
Los Alcázares,30902,MUR0020,14/07/2025,Región de Murcia,MUR,FALSE,laopiniondemurcia,La Opinión de Murcia,FALSE,https://www.laopiniondemurcia.es/municipios/los-alcazares/?utm_campaign=cerca-v1,FALSE,
Mazarrón,30026,MUR0021,14/07/2025,Región de Murcia,MUR,FALSE,laopiniondemurcia,La Opinión de Murcia,FALSE,https://www.laopiniondemurcia.es/municipios/mazarron/?utm_campaign=cerca-v1,FALSE,
Media Principal,,MUR0022,14/07/2025,Región de Murcia,MUR,FALSE,laopiniondemurcia,La Opinión de Murcia,TRUE,,TRUE,https://www.laopiniondemurcia.es/municipios.html
Molina de Segura,30027,MUR0023,14/07/2025,Región de Murcia,MUR,FALSE,laopiniondemurcia,La Opinión de Murcia,TRUE,https://www.laopiniondemurcia.es/municipios/molina-de-segura/?utm_campaign=cerca-v1,FALSE,
Mula,30029,MUR0024,14/07/2025,Región de Murcia,MUR,FALSE,laopiniondemurcia,La Opinión de Murcia,FALSE,https://www.laopiniondemurcia.es/municipios/mula/?utm_campaign=cerca-v1,FALSE,
Ojós,30031,MUR0026,14/07/2025,Región de Murcia,MUR,FALSE,laopiniondemurcia,La Opinión de Murcia,FALSE,https://www.laopiniondemurcia.es/municipios/ojos/?utm_campaign=cerca-v1,FALSE,
Pliego,30032,MUR0027,14/07/2025,Región de Murcia,MUR,FALSE,laopiniondemurcia,La Opinión de Murcia,FALSE,https://www.laopiniondemurcia.es/municipios/pliego/?utm_campaign=cerca-v1,FALSE,
Ricote,30034,MUR0028,14/07/2025,Región de Murcia,MUR,FALSE,laopiniondemurcia,La Opinión de Murcia,FALSE,https://www.laopiniondemurcia.es/municipios/ricote/?utm_campaign=cerca-v1,FALSE,
San Javier,30035,MUR0029,14/07/2025,Región de Murcia,MUR,FALSE,laopiniondemurcia,La Opinión de Murcia,TRUE,https://www.laopiniondemurcia.es/municipios/san-javier/?utm_campaign=cerca-v1,FALSE,
San Pedro del Pinatar,30036,MUR0030,14/07/2025,Región de Murcia,MUR,FALSE,laopiniondemurcia,La Opinión de Murcia,FALSE,https://www.laopiniondemurcia.es/municipios/san-pedro-del-pinatar/?utm_campaign=cerca-v1,FALSE,
Torre Pacheco,30037,MUR0031,14/07/2025,Región de Murcia,MUR,FALSE,laopiniondemurcia,La Opinión de Murcia,TRUE,https://www.laopiniondemurcia.es/municipios/torre-pacheco/?utm_campaign=cerca-v1,FALSE,
Totana,30039,MUR0032,14/07/2025,Región de Murcia,MUR,FALSE,laopiniondemurcia,La Opinión de Murcia,TRUE,https://www.laopiniondemurcia.es/municipios/totana/?utm_campaign=cerca-v1,FALSE,
Yecla,30043,MUR0033,14/07/2025,Región de Murcia,MUR,FALSE,laopiniondemurcia,La Opinión de Murcia,FALSE,https://www.laopiniondemurcia.es/municipios/yecla/?utm_campaign=cerca-v1,FALSE,
Castell-Platja d'Aro,17048,CA0020,15/07/2025,Cataluña,CA,FALSE,diaridegirona,Diari de Girona,TRUE,https://www.diaridegirona.cat/baix-emporda/castell-platja-daro/?utm_campaign=cerca-v1,FALSE,
Sabiñánigo,22199,AR0035,16/07/2025,Aragón,AR,FALSE,elperiodicodearagon,El Periódico de Aragón,TRUE,https://www.elperiodicodearagon.com/aragon/sabinanigo/?utm_campaign=cerca-v1,FALSE,
Cangas de Narcea,33011,AST0011,16/07/2025,Asturias,AST,FALSE,lanuevaespana,La Nueva España,TRUE,https://www.lne.es/cangas-del-narcea/?utm_campaign=cerca-v1,FALSE,
Cuencas,34_03_33_05,AST0022,16/07/2025,Asturias,AST,TRUE,lanuevaespana,La Nueva España,TRUE,https://www.lne.es/cuencas/?utm_campaign=cerca-v1,FALSE,
Gijón Oeste,33024_002,AST0026,16/07/2025,Asturias,AST,FALSE,lanuevaespana,La Nueva España,TRUE,https://www.lne.es/gijon/gijon-oeste/?utm_campaign=cerca-v1,FALSE,
Llanera,33035,AST0038,16/07/2025,Asturias,AST,TRUE,lanuevaespana,La Nueva España,TRUE,https://www.lne.es/llanera/?utm_campaign=cerca-v1,FALSE,
Occidente,34_03_33_06,AST0047,16/07/2025,Asturias,AST,FALSE,lanuevaespana,La Nueva España,TRUE,https://www.lne.es/occidente/?utm_campaign=cerca-v1,FALSE,
Oriente,34_03_33_07,AST0049,16/07/2025,Asturias,AST,FALSE,lanuevaespana,La Nueva España,TRUE,https://www.lne.es/oriente/?utm_campaign=cerca-v1,FALSE,
Moraleja del Vino,49125,CYL0020,16/07/2025,Castilla y León,CYL,FALSE,laopiniondezamora,La Opinión de Zamora,TRUE,https://www.laopiniondezamora.es/zamora/morajela-del-vino/?utm_campaign=cerca-v1,FALSE,
Masquefa,08119,CA0117,16/07/2025,Cataluña,CA,FALSE,regio7,Regio 7,TRUE,https://www.regio7.cat/tags/masquefa/?utm_campaign=cerca-v1,FALSE,
Òdena,08143,CA0118,16/07/2025,Cataluña,CA,FALSE,regio7,Regio 7,TRUE,https://www.regio7.cat/tags/odena/?utm_campaign=cerca-v1,FALSE,
Olesa de Montserrat,08147,CA0119,16/07/2025,Cataluña,CA,FALSE,regio7,Regio 7,TRUE,https://www.regio7.cat/tags/olesa-de-montserrat/?utm_campaign=cerca-v1,FALSE,
Madrid,28079,MAD0005,16/07/2025,Comunidad de Madrid,MAD,FALSE,elperiodicodeespana,El Periódico de España,TRUE,https://www.epe.es/es/madrid/?utm_campaign=cerca-v1,FALSE,
San Vicente del Raspeig,03122,VC0211,16/07/2025,Comunidad Valenciana,VC,FALSE,informacion,Información,TRUE,https://www.informacion.es/alacanti/san-vicente-del-raspeig/?utm_campaign=cerca-v1,FALSE,
Alcudia,07003,IB0001,16/07/2025,Islas Baleares,IB,FALSE,diariodemallorca,Diario de Mallorca,TRUE,https://www.diariodemallorca.es/mallorca/alcudia/?utm_campaign=cerca-v1,FALSE,
Port de la Selva,17140,CA0121,17/07/2025,Cataluña,CA,FALSE,emporda,Empordà,TRUE,https://www.emporda.info/tags/port-de-la-selva/?utm_campaign=cerca-v1,FALSE,
Navata,17111,CA0122,18/07/2025,Cataluña,CA,FALSE,emporda,Empordà,TRUE,https://www.emporda.info/tags/navata/?utm_campaign=cerca-v1,FALSE,
Peralada,17132,CA0123,18/07/2025,Cataluña,CA,FALSE,emporda,Empordà,TRUE,https://www.emporda.info/tags/peralada/?utm_campaign=cerca-v1,FALSE,
Vilamalla,17226,CA0124,18/07/2025,Cataluña,CA,FALSE,emporda,Empordà,TRUE,https://www.emporda.info/tags/vilamalla/?utm_campaign=cerca-v1,FALSE,
Torroella de Montgrí,17199,CA0109,19/07/2025,Cataluña,CA,FALSE,diaridegirona,Diari de Girona,TRUE,https://www.diaridegirona.cat/baix-emporda/torroella-de-montgri/?utm_campaign=cerca-v1,FALSE,
Calonge,17034,CA0015,21/07/2025,Cataluña,CA,FALSE,diaridegirona,Diari de Girona,TRUE,https://www.diaridegirona.cat/tags/calonge/?utm_campaign=cerca-v1,FALSE,
Empuriabrava,17047_001,CA0027,21/07/2025,Cataluña,CA,FALSE,diaridegirona,Diari de Girona,TRUE,https://www.diaridegirona.cat/tags/empuriabrava/?utm_campaign=cerca-v1,FALSE,
L'Estartit,17199_001,CA0041,21/07/2025,Cataluña,CA,FALSE,diaridegirona,Diari de Girona,TRUE,https://www.diaridegirona.cat/tags/l-estartit/?utm_campaign=cerca-v1,FALSE,
Sant Antoni,17034,CA0087,21/07/2025,Cataluña,CA,FALSE,diaridegirona,Diari de Girona,TRUE,https://www.diaridegirona.cat/tags/sant-antoni/?utm_campaign=cerca-v1,FALSE,
Tossa de Mar,17202,CA0111,21/07/2025,Cataluña,CA,FALSE,diaridegirona,Diari de Girona,TRUE,https://www.diaridegirona.cat/selva/tossa-de-mar/?utm_campaign=cerca-v1,FALSE,
Córdoba,14021,AND0027,23/07/2025,Andalucía,AND,FALSE,diariocordoba,Diario Córdoba,TRUE,https://www.diariocordoba.com/cordoba-ciudad/?utm_campaign=cerca-v1,FALSE,
Sevilla,41091,AND0088,23/07/2025,Andalucía,AND,FALSE,elcorreodeandalucia,El Correo de Andalucía,TRUE,https://www.elcorreoweb.es/sevilla/?utm_campaign=cerca-v1,FALSE,
Teruel,44216,AR0042,23/07/2025,Aragón,AR,FALSE,elperiodicodearagon,El Periódico de Aragón,TRUE,https://www.elperiodicodearagon.com/aragon/teruel/?utm_campaign=cerca-v1,FALSE,
Zaragoza,50297,AR0047,23/07/2025,Aragón,AR,FALSE,elperiodicodearagon,El Periódico de Aragón,TRUE,https://www.elperiodicodearagon.com/zaragoza/?utm_campaign=cerca-v1,FALSE,
Grado,33026,AST0028,23/07/2025,Asturias,AST,TRUE,lanuevaespana,La Nueva España,TRUE,https://www.lne.es/grado/?utm_campaign=cerca-v1,FALSE,
Laviana,33032,AST0035,23/07/2025,Asturias,AST,FALSE,lanuevaespana,La Nueva España,TRUE,https://www.lne.es/laviana/?utm_campaign=cerca-v1,FALSE,
Oviedo,33044,AST0050,23/07/2025,Asturias,AST,FALSE,lanuevaespana,La Nueva España,TRUE,https://www.lne.es/oviedo/?utm_campaign=cerca-v1,FALSE,
Salas,33059,AST0063,23/07/2025,Asturias,AST,TRUE,lanuevaespana,La Nueva España,TRUE,https://www.lne.es/salas/?utm_campaign=cerca-v1,FALSE,
Las Palmas de Gran Canaria,35016,CAN0041,23/07/2025,Canarias,CAN,FALSE,laprovincia,La Provincia,TRUE,https://www.laprovincia.es/las-palmas/?utm_campaign=cerca-v1,FALSE,
San Cristóbal de la Laguna,38023,CAN0055,23/07/2025,Canarias,CAN,FALSE,eldia,El Día,TRUE,https://www.eldia.es/la-laguna/?utm_campaign=cerca-v1,FALSE,
Santa Cruz de Tenerife,38038,CAN0061,23/07/2025,Canarias,CAN,FALSE,eldia,El Día,TRUE,https://www.eldia.es/santa-cruz-de-tenerife/?utm_campaign=cerca-v1,FALSE,
Telde,35026,CAN0071,23/07/2025,Canarias,CAN,FALSE,laprovincia,La Provincia,TRUE,https://www.laprovincia.es/telde/?utm_campaign=cerca-v1,FALSE,
Badalona,08015,CA0004,23/07/2025,Cataluña,CA,TRUE,elperiodicodecatalunya,El Periódico,TRUE,https://www.elperiodico.com/es/barcelona/badalona/?utm_campaign=cerca-v1,FALSE,
Castelldefels,08056,CA0022,23/07/2025,Cataluña,CA,FALSE,elperiodicodecatalunya,El Periódico,TRUE,https://www.elperiodico.com/es/barcelona/castelldefels/?utm_campaign=cerca-v1,FALSE,
Cornellà,08073,CA0025,23/07/2025,Cataluña,CA,TRUE,elperiodicodecatalunya,El Periódico,TRUE,https://www.elperiodico.com/es/barcelona/cornella/?utm_campaign=cerca-v1,FALSE,
Esplugues,08077,CA0029,23/07/2025,Cataluña,CA,TRUE,elperiodicodecatalunya,El Periódico,TRUE,https://www.elperiodico.com/es/barcelona/esplugues/?utm_campaign=cerca-v1,FALSE,
Figueres,17066,CA0031,23/07/2025,Cataluña,CA,FALSE,emporda,Empordà,TRUE,https://www.emporda.info/figueres/?utm_campaign=cerca-v1,FALSE,
Gavà,08089,CA0033,23/07/2025,Cataluña,CA,TRUE,elperiodicodecatalunya,El Periódico,TRUE,https://www.elperiodico.com/es/barcelona/gava/?utm_campaign=cerca-v1,FALSE,
Granollers,08096,CA0036,23/07/2025,Cataluña,CA,TRUE,elperiodicodecatalunya,El Periódico,TRUE,https://www.elperiodico.com/es/barcelona/granollers/?utm_campaign=cerca-v1,FALSE,
L'Hospitalet,08101,CA0042,23/07/2025,Cataluña,CA,TRUE,elperiodicodecatalunya,El Periódico,TRUE,https://www.elperiodico.com/es/barcelona/hospitalet/?utm_campaign=cerca-v1,FALSE,
Manresa,08113,CA0053,23/07/2025,Cataluña,CA,FALSE,regio7,Regio 7,TRUE,https://www.regio7.cat/manresa/?utm_campaign=cerca-v1,FALSE,
Martorell,08114,CA0054,23/07/2025,Cataluña,CA,FALSE,elperiodicodecatalunya,El Periódico,TRUE,https://www.elperiodico.com/es/barcelona/martorell/?utm_campaign=cerca-v1,FALSE,
Mataró,08121,CA0056,23/07/2025,Cataluña,CA,TRUE,elperiodicodecatalunya,El Periódico,TRUE,https://www.elperiodico.com/es/barcelona/mataro/?utm_campaign=cerca-v1,FALSE,
Mollet del Vallès,08124,CA0062,23/07/2025,Cataluña,CA,TRUE,elperiodicodecatalunya,El Periódico,TRUE,https://www.elperiodico.com/es/barcelona/mollet-del-valles/?utm_campaign=cerca-v1,FALSE,
Parets,08159,CA0070,23/07/2025,Cataluña,CA,TRUE,elperiodicodecatalunya,El Periódico,TRUE,https://www.elperiodico.com/es/barcelona/parets/?utm_campaign=cerca-v1,FALSE,
Rubí,08184,CA0082,23/07/2025,Cataluña,CA,TRUE,elperiodicodecatalunya,El Periódico,TRUE,https://www.elperiodico.com/es/barcelona/rubi/?utm_campaign=cerca-v1,FALSE,
Sabadell,08187,CA0083,23/07/2025,Cataluña,CA,TRUE,elperiodicodecatalunya,El Periódico,TRUE,https://www.elperiodico.com/es/barcelona/sabadell/?utm_campaign=cerca-v1,FALSE,
Sant Boi,08200,CA0086,23/07/2025,Cataluña,CA,TRUE,elperiodicodecatalunya,El Periódico,TRUE,https://www.elperiodico.com/es/barcelona/sant-boi/?utm_campaign=cerca-v1,FALSE,
Sant Cugat,08205,CA0088,23/07/2025,Cataluña,CA,TRUE,elperiodicodecatalunya,El Periódico,TRUE,https://www.elperiodico.com/es/barcelona/sant-cugat/?utm_campaign=cerca-v1,FALSE,
Santa Coloma,26134,CA0099,23/07/2025,Cataluña,CA,TRUE,elperiodicodecatalunya,El Periódico,TRUE,https://www.elperiodico.com/es/barcelona/santa-coloma/?utm_campaign=cerca-v1,FALSE,
Terrassa,08279,CA0107,23/07/2025,Cataluña,CA,TRUE,elperiodicodecatalunya,El Periódico,TRUE,https://www.elperiodico.com/es/barcelona/terrasa/?utm_campaign=cerca-v1,FALSE,
Viladecans,08301,CA0113,23/07/2025,Cataluña,CA,TRUE,elperiodicodecatalunya,El Periódico,TRUE,https://www.elperiodico.com/es/barcelona/viladecans/?utm_campaign=cerca-v1,FALSE,
Alicante/Alacant,03014,VC0004,23/07/2025,Comunidad Valenciana,VC,FALSE,informacion,Información,TRUE,https://www.informacion.es/alicante/?utm_campaign=cerca-v1,FALSE,
Alcoy/Alcoi,03009,VC0013,23/07/2025,Comunidad Valenciana,VC,FALSE,informacion,Información,TRUE,https://www.informacion.es/alcoy/?utm_campaign=cerca-v1,FALSE,
Benidorm,03031,VC0049,23/07/2025,Comunidad Valenciana,VC,FALSE,informacion,Información,TRUE,https://www.informacion.es/benidorm/?utm_campaign=cerca-v1,FALSE,
Elche/Elx,03065,VC0098,23/07/2025,Comunidad Valenciana,VC,FALSE,informacion,Información,TRUE,https://www.informacion.es/elche/?utm_campaign=cerca-v1,FALSE,
Elda,03066,VC0099,23/07/2025,Comunidad Valenciana,VC,FALSE,informacion,Información,TRUE,https://www.informacion.es/elda/?utm_campaign=cerca-v1,FALSE,
Vila-Real,12135,VC0245,23/07/2025,Comunidad Valenciana,VC,FALSE,elperiodicomediterraneo,El Periódico del Mediterráneo,TRUE,https://www.elperiodicomediterraneo.com/vilareal/?utm_campaign=cerca-v1,FALSE,
Almendralejo,06011,EX0002,23/07/2025,Extremadura,EX,TRUE,lacronicabadajoz,La Crónica de Badajoz,TRUE,https://www.lacronicabadajoz.com/almendralejo/?utm_campaign=cerca-v1,FALSE,
Cáceres,10037,EX0007,23/07/2025,Extremadura,EX,FALSE,elperiodicoextremadura,El Periódico de Extremadura,TRUE,https://www.elperiodicoextremadura.com/caceres/?utm_campaign=cerca-v1,FALSE,
Plasencia,10148,EX0036,23/07/2025,Extremadura,EX,FALSE,elperiodicoextremadura,El Periódico de Extremadura,TRUE,https://www.elperiodicoextremadura.com/plasencia/?utm_campaign=cerca-v1,FALSE,
A Coruña,15030,GAL0002,23/07/2025,Galicia,GAL,FALSE,laopinioncoruna,La Opinión A Coruña,TRUE,https://www.laopinioncoruna.es/coruna/?utm_campaign=cerca-v1,FALSE,
A Laracha,15041,GAL0008,23/07/2025,Galicia,GAL,FALSE,laopinioncoruna,La Opinión A Coruña,TRUE,https://www.laopinioncoruna.es/gran-coruna/a-laracha/?utm_campaign=cerca-v1,FALSE,
Abegondo,15001,GAL0010,23/07/2025,Galicia,GAL,FALSE,laopinioncoruna,La Opinión A Coruña,TRUE,https://www.laopinioncoruna.es/gran-coruna/abegondo/?utm_campaign=cerca-v1,FALSE,
Aranga,15003,GAL0014,23/07/2025,Galicia,GAL,FALSE,laopinioncoruna,La Opinión A Coruña,FALSE,https://www.laopinioncoruna.es/gran-coruna/aranga/?utm_campaign=cerca-v1,FALSE,
Arteixo,15005,GAL0016,23/07/2025,Galicia,GAL,FALSE,laopinioncoruna,La Opinión A Coruña,TRUE,https://www.laopinioncoruna.es/gran-coruna/arteixo/?utm_campaign=cerca-v1,FALSE,
Bergondo,15008,GAL0021,23/07/2025,Galicia,GAL,FALSE,laopinioncoruna,La Opinión A Coruña,TRUE,https://www.laopinioncoruna.es/gran-coruna/bergondo/?utm_campaign=cerca-v1,FALSE,
Betanzos,15009,GAL0022,23/07/2025,Galicia,GAL,FALSE,laopinioncoruna,La Opinión A Coruña,TRUE,https://www.laopinioncoruna.es/gran-coruna/betanzos/?utm_campaign=cerca-v1,FALSE,
Cambre,15017,GAL0030,23/07/2025,Galicia,GAL,FALSE,laopinioncoruna,La Opinión A Coruña,TRUE,https://www.laopinioncoruna.es/gran-coruna/cambre/?utm_campaign=cerca-v1,FALSE,
Carral,15021,GAL0035,23/07/2025,Galicia,GAL,FALSE,laopinioncoruna,La Opinión A Coruña,FALSE,https://www.laopinioncoruna.es/gran-coruna/carral/?utm_campaign=cerca-v1,FALSE,
Cerceda,15024,GAL0038,23/07/2025,Galicia,GAL,FALSE,laopinioncoruna,La Opinión A Coruña,TRUE,https://www.laopinioncoruna.es/gran-coruna/cerceda/?utm_campaign=cerca-v1,FALSE,
Coirós,15027,GAL0039,23/07/2025,Galicia,GAL,FALSE,laopinioncoruna,La Opinión A Coruña,FALSE,https://www.laopinioncoruna.es/gran-coruna/coiros/?utm_campaign=cerca-v1,FALSE,
Culleredo,15031,GAL0052,23/07/2025,Galicia,GAL,FALSE,laopinioncoruna,La Opinión A Coruña,TRUE,https://www.laopinioncoruna.es/gran-coruna/culleredo/?utm_campaign=cerca-v1,FALSE,
Curtis,15032,GAL0054,23/07/2025,Galicia,GAL,FALSE,laopinioncoruna,La Opinión A Coruña,TRUE,https://www.laopinioncoruna.es/gran-coruna/curtis/?utm_campaign=cerca-v1,FALSE,
Irixoa,15039,GAL0061,23/07/2025,Galicia,GAL,FALSE,laopinioncoruna,La Opinión A Coruña,FALSE,https://www.laopinioncoruna.es/gran-coruna/irixoa/?utm_campaign=cerca-v1,FALSE,
Miño,15048,GAL0074,23/07/2025,Galicia,GAL,FALSE,laopinioncoruna,La Opinión A Coruña,FALSE,https://www.laopinioncoruna.es/gran-coruna/mino/?utm_campaign=cerca-v1,FALSE,
Oleiros,15058,GAL0091,23/07/2025,Galicia,GAL,FALSE,laopinioncoruna,La Opinión A Coruña,TRUE,https://www.laopinioncoruna.es/gran-coruna/oleiros/?utm_campaign=cerca-v1,FALSE,
Oza-Cesuras,15902,GAL0096,23/07/2025,Galicia,GAL,FALSE,laopinioncoruna,La Opinión A Coruña,FALSE,https://www.laopinioncoruna.es/gran-coruna/oza-cesuras/?utm_campaign=cerca-v1,FALSE,
Paderne,15064,GAL0097,23/07/2025,Galicia,GAL,FALSE,laopinioncoruna,La Opinión A Coruña,FALSE,https://www.laopinioncoruna.es/gran-coruna/paderne/?utm_campaign=cerca-v1,FALSE,
Sada,31212,GAL0114,23/07/2025,Galicia,GAL,FALSE,laopinioncoruna,La Opinión A Coruña,TRUE,https://www.laopinioncoruna.es/gran-coruna/sada/?utm_campaign=cerca-v1,FALSE,
Vigo,36057,GAL0131,23/07/2025,Galicia,GAL,FALSE,farodevigo,Faro de Vigo,TRUE,https://www.farodevigo.es/gran-vigo/?utm_campaign=cerca-v1,FALSE,
Vilasantar,15090,GAL0136,23/07/2025,Galicia,GAL,FALSE,laopinioncoruna,La Opinión A Coruña,FALSE,https://www.laopinioncoruna.es/gran-coruna/vilasantar/?utm_campaign=cerca-v1,FALSE,
Palma de Mallorca,07040,IB0035,23/07/2025,Islas Baleares,IB,FALSE,diariodemallorca,Diario de Mallorca,TRUE,https://www.diariodemallorca.es/palma/?utm_campaign=cerca-v1,FALSE,
Cartagena,30016,MUR0013,23/07/2025,Región de Murcia,MUR,FALSE,laopiniondemurcia,La Opinión de Murcia,TRUE,https://www.laopiniondemurcia.es/cartagena/?utm_campaign=cerca-v1,FALSE,
Murcia,30030,MUR0025,23/07/2025,Región de Murcia,MUR,FALSE,laopiniondemurcia,La Opinión de Murcia,TRUE,https://www.laopiniondemurcia.es/murcia/?utm_campaign=cerca-v1,FALSE,
Sant Joan des Cardassar,07051,IB0042,5/08/2025,Islas Baleares,IB,FALSE,diariodemallorca,Diario de Mallorca,FALSE,https://www.diariodemallorca.es/mallorca/sant-joan/?utm_campaign=cerca-v1,FALSE,
Vilanova i la Geltrú,08307,CA0116,4/09/2025,Cataluña,CA,FALSE,elperiodicodecatalunya,El Periódico,TRUE,https://www.elperiodico.com/es/barcelona/vilanova-i-la-geltru/?utm_campaign=cerca-v1,FALSE,
Dos hermanas,41038,AND0105,2/12/2025,Andalucía,AND,FALSE,elcorreodeandalucia,El Correo de Andalucía,TRUE,https://www.elcorreoweb.es/tags/dos-hermanas/?utm_campaign=cerca-v1,FALSE,
Alcalá de Guadaíra,41004,AND0106,2/12/2025,Andalucía,AND,FALSE,elcorreodeandalucia,El Correo de Andalucía,TRUE,https://www.elcorreoweb.es/tags/alcala-de-guadaira/?utm_campaign=cerca-v1,FALSE,
Utrera,41095,AND0107,2/12/2025,Andalucía,AND,FALSE,elcorreodeandalucia,El Correo de Andalucía,TRUE,https://www.elcorreoweb.es/tags/utrera/?utm_campaign=cerca-v1,FALSE,
Carmona,41024,AND0108,2/12/2025,Andalucía,AND,FALSE,elcorreodeandalucia,El Correo de Andalucía,TRUE,https://www.elcorreoweb.es/tags/carmona/?utm_campaign=cerca-v1,FALSE,
La Rinconada,41081,AND0109,2/12/2025,Andalucía,AND,FALSE,elcorreodeandalucia,El Correo de Andalucía,TRUE,https://www.elcorreoweb.es/tags/la-rinconada/?utm_campaign=cerca-v1,FALSE,
Abanilla,30001,MUR0034,2/12/2025,Región de Murcia,MUR,FALSE,laopiniondemurcia,La Opinión de Murcia,FALSE,https://www.laopiniondemurcia.es/municipios/abanilla/?utm_campaign=cerca-v1,FALSE,
Fortuna,30020,MUR0035,2/12/2025,Región de Murcia,MUR,FALSE,laopiniondemurcia,La Opinión de Murcia,FALSE,https://www.laopiniondemurcia.es/municipios/fortuna/?utm_campaign=cerca-v1,FALSE,
Jumilla,30022,MUR0036,2/12/2025,Región de Murcia,MUR,FALSE,laopiniondemurcia,La Opinión de Murcia,FALSE,https://www.laopiniondemurcia.es/municipios/jumilla/?utm_campaign=cerca-v1,FALSE,
Puerto Lumbreras,30033,MUR0037,2/12/2025,Región de Murcia,MUR,FALSE,laopiniondemurcia,La Opinión de Murcia,FALSE,https://www.laopiniondemurcia.es/municipios/puerto-lumbreras/?utm_campaign=cerca-v1,FALSE,
Lleida,25120,CA0125,2/12/2025,Cataluña,CA,FALSE,elperiodicodecatalunya,El Periódico,FALSE,https://www.elperiodico.com/es/lugares/lleida-12891?utm_campaign=cerca-v1,FALSE,
Vic,08298,CA0126,2/12/2025,Cataluña,CA,FALSE,elperiodicodecatalunya,El Periódico,FALSE,https://www.elperiodico.com/es/lugares/vic-19433?utm_campaign=cerca-v1,FALSE,
Cambrils,43038,CA0127,2/12/2025,Cataluña,CA,FALSE,elperiodicodecatalunya,El Periódico,FALSE,https://www.elperiodico.com/es/lugares/cambrils-19572?utm_campaign=cerca-v1,FALSE,
Tortosa,43155,CA0128,2/12/2025,Cataluña,CA,FALSE,elperiodicodecatalunya,El Periódico,FALSE,https://www.elperiodico.com/es/lugares/tortosa-19571?utm_campaign=cerca-v1,FALSE,
Ribadavia,32069,GAL0139,2/12/2025,Galicia,GAL,FALSE,farodevigo,Faro de Vigo,FALSE,https://www.farodevigo.es/tags/ribadavia/?utm_campaign=cerca-v1,FALSE,
Móstoles,28092,MAD0009,2/12/2025,Comunidad de Madrid,MAD,FALSE,elperiodicodeespana,El Periódico de España,TRUE,https://www.epe.es/es/temas/mostoles-1846041?utm_campaign=cerca-v1,FALSE,
Leganés,28074,MAD0010,2/12/2025,Comunidad de Madrid,MAD,FALSE,elperiodicodeespana,El Periódico de España,TRUE,https://www.epe.es/es/lugares/leganes-2128108?utm_campaign=cerca-v1,FALSE,
Fuenlabrada,28058,MAD0011,2/12/2025,Comunidad de Madrid,MAD,FALSE,elperiodicodeespana,El Periódico de España,TRUE,https://www.epe.es/es/lugares/fuenlabrada-1843296?utm_campaign=cerca-v1,FALSE,
Getafe,28065,MAD0012,2/12/2025,Comunidad de Madrid,MAD,FALSE,elperiodicodeespana,El Periódico de España,TRUE,https://www.epe.es/es/temas/getafe-1837356?utm_campaign=cerca-v1,FALSE,
Alcorcón,28007,MAD0013,2/12/2025,Comunidad de Madrid,MAD,FALSE,elperiodicodeespana,El Periódico de España,TRUE,https://www.epe.es/es/temas/alcorcon-1935582?utm_campaign=cerca-v1,FALSE,
Torrejón de Ardoz,28148,MAD0014,2/12/2025,Comunidad de Madrid,MAD,FALSE,elperiodicodeespana,El Periódico de España,TRUE,https://www.epe.es/es/lugares/torrejon-ardoz-1904386?utm_campaign=cerca-v1,FALSE,
San Sebastián de los Reyes,28134,MAD0015,2/12/2025,Comunidad de Madrid,MAD,FALSE,elperiodicodeespana,El Periódico de España,FALSE,https://www.epe.es/es/temas/san-sebastian-reyes-1851716?utm_campaign=cerca-v1,FALSE,
L’Horta Sud,34_10_46_04,VC0267,4/12/2025,Comunidad Valenciana,VC,FALSE,levanteemv,Levante-El Mercantil Valenciano,FALSE,https://www.levante-emv.com/horta/?utm_campaign=cerca-v1,FALSE,
Marina Baixa,34_10_03_02,VC0268,4/12/2025,Comunidad Valenciana,VC,FALSE,informacion,Información,FALSE,https://www.informacion.es/tags/marina-baixa/?utm_campaign=cerca-v1,FALSE,
La Ribera Baixa,34_10_46_07,VC0269,4/12/2025,Comunidad Valenciana,VC,FALSE,levanteemv,Levante-El Mercantil Valenciano,FALSE,https://www.levante-emv.com/ribera/?utm_campaign=cerca-v1,FALSE,
El Llano,33024_003,AST0081,4/12/2025,Asturias,AST,FALSE,lanuevaespana,La Nueva España,FALSE,https://www.lne.es/gijon/el-llano/?utm_campaign=cerca-v1,FALSE,
El Natahoyo,33024_004,AST0082,4/12/2025,Asturias,AST,FALSE,lanuevaespana,La Nueva España,FALSE,https://www.lne.es/gijon/gijon-oeste/natahoyo/?utm_campaign=cerca-v1,FALSE,
Jove,33024_005,AST0083,4/12/2025,Asturias,AST,FALSE,lanuevaespana,La Nueva España,FALSE,https://www.lne.es/gijon/gijon-oeste/jove/?utm_campaign=cerca-v1,FALSE,
Bisbarras,34_12_36_11,GAL0140,4/12/2025,Galicia,GAL,TRUE,farodevigo,Faro de Vigo,FALSE,https://www.farodevigo.es/bisbarras/?utm_campaign=cerca-v1,FALSE,
O Morrazo,34_12_36_09,GAL0141,4/12/2025,Galicia,GAL,FALSE,farodevigo,Faro de Vigo,FALSE,https://www.farodevigo.es/o-morrazo/?utm_campaign=cerca-v1,FALSE,
 ,34_12_36_12,GAL0142,4/12/2025,Galicia,GAL,FALSE,farodevigo,Faro de Vigo,FALSE,https://www.farodevigo.es/arousa/?utm_campaign=cerca-v1,FALSE,
Los Serranos,34_10_46_12,VC0270,4/12/2025,Comunidad Valenciana,VC,FALSE,levanteemv,Levante-El Mercantil Valenciano,FALSE,https://www.levante-emv.com/los-serranos-rincon-de-ademuz/?utm_campaign=cerca-v1,FALSE,
Rincón de Ademuz,34_10_46_13,VC0271,4/12/2025,Comunidad Valenciana,VC,FALSE,levanteemv,Levante-El Mercantil Valenciano,FALSE,https://www.levante-emv.com/los-serranos-rincon-de-ademuz/?utm_campaign=cerca-v1,FALSE,
La Hoya de Buñol,34_10_46_15,VC0272,4/12/2025,Comunidad Valenciana,VC,FALSE,levanteemv,Levante-El Mercantil Valenciano,FALSE,https://www.levante-emv.com/hoya-de-bunol-valle-de-cofrentes/?utm_campaign=cerca-v1,FALSE,
El Valle de Cofrentes-Ayora,34_10_46_16,VC0273,4/12/2025,Comunidad Valenciana,VC,FALSE,levanteemv,Levante-El Mercantil Valenciano,FALSE,https://www.levante-emv.com/hoya-de-bunol-valle-de-cofrentes/?utm_campaign=cerca-v1,FALSE,
Algar de Palància,46028,VC0274,4/12/2025,Comunidad Valenciana,VC,FALSE,levanteemv,Levante-El Mercantil Valenciano,FALSE,https://www.levante-emv.com/tags/algar-de-palancia/?utm_campaign=cerca-v1,FALSE,
Algímia d'Alfara,46030,VC0275,4/12/2025,Comunidad Valenciana,VC,FALSE,levanteemv,Levante-El Mercantil Valenciano,FALSE,https://www.levante-emv.com/tags/algimia-de-alfara/?utm_campaign=cerca-v1,FALSE,
Torres Torres,46245,VC0276,4/12/2025,Comunidad Valenciana,VC,FALSE,levanteemv,Levante-El Mercantil Valenciano,FALSE,https://www.levante-emv.com/tags/torres-torres/?utm_campaign=cerca-v1,FALSE,
Quart de les Valls,46101,VC0277,4/12/2025,Comunidad Valenciana,VC,FALSE,levanteemv,Levante-El Mercantil Valenciano,FALSE,https://www.levante-emv.com/tags/quart-de-les-valls/?utm_campaign=cerca-v1,FALSE,
Albalat dels Tarongers,46010,VC0278,4/12/2025,Comunidad Valenciana,VC,FALSE,levanteemv,Levante-El Mercantil Valenciano,FALSE,https://www.levante-emv.com/tags/albalat-dels-tarongers/?utm_campaign=cerca-v1,FALSE,
Segart,46224,VC0279,4/12/2025,Comunidad Valenciana,VC,FALSE,levanteemv,Levante-El Mercantil Valenciano,FALSE,https://www.levante-emv.com/tags/segart/?utm_campaign=cerca-v1,FALSE,
Petrés,46192,VC0280,4/12/2025,Comunidad Valenciana,VC,FALSE,levanteemv,Levante-El Mercantil Valenciano,FALSE,https://www.levante-emv.com/tags/petres/?utm_campaign=cerca-v1,FALSE,
Benavites,46052,VC0281,4/12/2025,Comunidad Valenciana,VC,FALSE,levanteemv,Levante-El Mercantil Valenciano,FALSE,https://www.levante-emv.com/tags/benavites/?utm_campaign=cerca-v1,FALSE,
Quartell,46103,VC0282,4/12/2025,Comunidad Valenciana,VC,FALSE,levanteemv,Levante-El Mercantil Valenciano,FALSE,https://www.levante-emv.com/tags/quartell/?utm_campaign=cerca-v1,FALSE,
Benifairó de les Valls,46058,VC0283,4/12/2025,Comunidad Valenciana,VC,FALSE,levanteemv,Levante-El Mercantil Valenciano,FALSE,https://www.levante-emv.com/tags/benifairo-de-les-valls/?utm_campaign=cerca-v1,FALSE,
Alto Palancia,34_10_12_06,VC0284,4/12/2025,Comunidad Valenciana,VC,FALSE,elperiodicomediterraneo,El Periódico del Mediterráneo,FALSE,https://www.elperiodicomediterraneo.com/alto-palancia/?utm_campaign=cerca-v1,FALSE,
Plana Baixa,34_10_12_08,VC0285,4/12/2025,Comunidad Valenciana,VC,FALSE,elperiodicomediterraneo,El Periódico del Mediterráneo,FALSE,https://www.elperiodicomediterraneo.com/castello/la-plana-baixa/?utm_campaign=cerca-v1,FALSE,
Plana Alta,34_10_12_07,VC0286,4/12/2025,Comunidad Valenciana,VC,FALSE,elperiodicomediterraneo,El Periódico del Mediterráneo,FALSE,https://www.elperiodicomediterraneo.com/castello/la-plana-alta/?utm_campaign=cerca-v1,FALSE,
Alto Mijares,34_10_12_05,VC0287,4/12/2025,Comunidad Valenciana,VC,FALSE,elperiodicomediterraneo,El Periódico del Mediterráneo,FALSE,https://www.elperiodicomediterraneo.com/castello/alto-mijares/?utm_campaign=cerca-v1,FALSE,
L'Alcalatén,34_10_12_02,VC0288,4/12/2025,Comunidad Valenciana,VC,FALSE,elperiodicomediterraneo,El Periódico del Mediterráneo,FALSE,https://www.elperiodicomediterraneo.com/castello/lalcalaten/?utm_campaign=cerca-v1,FALSE,
Els Ports,34_10_12_04,VC0289,4/12/2025,Comunidad Valenciana,VC,FALSE,elperiodicomediterraneo,El Periódico del Mediterráneo,FALSE,https://www.elperiodicomediterraneo.com/castello/els-ports/?utm_campaign=cerca-v1,FALSE,
Baix Maestrat,34_10_12_03,VC0290,4/12/2025,Comunidad Valenciana,VC,FALSE,elperiodicomediterraneo,El Periódico del Mediterráneo,FALSE,https://www.elperiodicomediterraneo.com/castello/baix-maestrat/?utm_campaign=cerca-v1,FALSE,
Alt Maestrat,34_10_12_01,VC0291,4/12/2025,Comunidad Valenciana,VC,FALSE,elperiodicomediterraneo,El Periódico del Mediterráneo,FALSE,https://www.elperiodicomediterraneo.com/castello/alt-maestrat/?utm_campaign=cerca-v1,FALSE,
Gran Coruña,34_12_15_19,GAL0143,4/12/2025,Galicia,GAL,FALSE,laopinioncoruna,La Opinión A Coruña,FALSE,https://www.laopinioncoruna.es/gran-coruna/?utm_campaign=cerca-v1,FALSE,
Almudévar,22021,AR0049,5/12/2025,Aragón,AR,FALSE,elperiodicodearagon,El Periódico de Aragón,FALSE,https://www.elperiodicodearagon.com/tags/almudevar/?utm_campaign=cerca-v1,FALSE,
Ayerbe,22039,AR0050,5/12/2025,Aragón,AR,FALSE,elperiodicodearagon,El Periódico de Aragón,FALSE,https://www.elperiodicodearagon.com/tags/ayerbe/?utm_campaign=cerca-v1,FALSE,
Pinseque,50209,AR0051,5/12/2025,Aragón,AR,FALSE,elperiodicodearagon,El Periódico de Aragón,FALSE,https://www.elperiodicodearagon.com/tags/pinseque/?utm_campaign=cerca-v1,FALSE,
Luceni,50147,AR0052,5/12/2025,Aragón,AR,FALSE,elperiodicodearagon,El Periódico de Aragón,FALSE,https://www.elperiodicodearagon.com/tags/luceni/?utm_campaign=cerca-v1,FALSE,
Remolinos,50223,AR0053,5/12/2025,Aragón,AR,FALSE,elperiodicodearagon,El Periódico de Aragón,FALSE,https://www.elperiodicodearagon.com/tags/remolinos/?utm_campaign=cerca-v1,FALSE,
El Burgo de Ebro,50062,AR0054,5/12/2025,Aragón,AR,FALSE,elperiodicodearagon,El Periódico de Aragón,FALSE,https://www.elperiodicodearagon.com/tags/el-burgo-de-ebro/?utm_campaign=cerca-v1,FALSE,
Magallón,50153,AR0055,5/12/2025,Aragón,AR,FALSE,elperiodicodearagon,El Periódico de Aragón,FALSE,https://www.elperiodicodearagon.com/tags/magallon/?utm_campaign=cerca-v1,FALSE,
Alfamén,50018,AR0056,5/12/2025,Aragón,AR,FALSE,elperiodicodearagon,El Periódico de Aragón,FALSE,https://www.elperiodicodearagon.com/tags/alfamen/?utm_campaign=cerca-v1,FALSE,
Muel,50181,AR0057,5/12/2025,Aragón,AR,FALSE,elperiodicodearagon,El Periódico de Aragón,FALSE,https://www.elperiodicodearagon.com/tags/muel/?utm_campaign=cerca-v1,FALSE,
Calatorao,50068,AR0058,5/12/2025,Aragón,AR,FALSE,elperiodicodearagon,El Periódico de Aragón,FALSE,https://www.elperiodicodearagon.com/tags/calatorao/?utm_campaign=cerca-v1,FALSE,
Azuara,50039,AR0059,5/12/2025,Aragón,AR,FALSE,elperiodicodearagon,El Periódico de Aragón,FALSE,https://www.elperiodicodearagon.com/tags/azuara/?utm_campaign=cerca-v1,FALSE,
Lécera,50136,AR0060,5/12/2025,Aragón,AR,FALSE,elperiodicodearagon,El Periódico de Aragón,FALSE,https://www.elperiodicodearagon.com/tags/lecera/?utm_campaign=cerca-v1,FALSE,
Ricla,50225,AR0061,5/12/2025,Aragón,AR,FALSE,elperiodicodearagon,El Periódico de Aragón,FALSE,https://www.elperiodicodearagon.com/tags/ricla/?utm_campaign=cerca-v1,FALSE,
Villanueva de Gállego,50288,AR0062,5/12/2025,Aragón,AR,FALSE,elperiodicodearagon,El Periódico de Aragón,FALSE,https://www.elperiodicodearagon.com/tags/villanueva-de-gallego/?utm_campaign=cerca-v1,FALSE,
Valderrobres,44246,AR0063,5/12/2025,Aragón,AR,FALSE,elperiodicodearagon,El Periódico de Aragón,FALSE,https://www.elperiodicodearagon.com/tags/valderrobres/?utm_campaign=cerca-v1,FALSE,
Bages,34_09_08_03,CA0129,5/12/2025,Cataluña,CA,FALSE,regio7,Regio 7,FALSE,https://www.regio7.cat/bages/?utm_campaign=cerca-v1,FALSE,
Berguedà,34_09_08_06,CA0130,5/12/2025,Cataluña,CA,FALSE,regio7,Regio 7,FALSE,https://www.regio7.cat/bergueda/?utm_campaign=cerca-v1,FALSE,
Anoia,34_09_08_02,CA0131,5/12/2025,Cataluña,CA,TRUE,regio7,Regio 7,FALSE,https://www.regio7.cat/anoia/?utm_campaign=cerca-v1,FALSE,
Cerdanya,34_09_25_01,CA0132,5/12/2025,Cataluña,CA,FALSE,regio7,Regio 7,FALSE,https://www.regio7.cat/cerdanya/?utm_campaign=cerca-v1,FALSE,
Solsonès,34_09_25_11,CA0133,5/12/2025,Cataluña,CA,FALSE,regio7,Regio 7,FALSE,https://www.regio7.cat/solsones/?utm_campaign=cerca-v1,FALSE,
Moianès,34_09_08_09,CA0134,5/12/2025,Cataluña,CA,FALSE,regio7,Regio 7,FALSE,https://www.regio7.cat/moianes/?utm_campaign=cerca-v1,FALSE,
Alt Urgell,34_09_25_03,CA0135,5/12/2025,Cataluña,CA,FALSE,regio7,Regio 7,FALSE,https://www.regio7.cat/catalunya-central/alt-urgell/?utm_campaign=cerca-v1,FALSE,
Baix Llobregat,34_09_08_04,CA0136,5/12/2025,Cataluña,CA,FALSE,regio7,Regio 7,FALSE,https://www.regio7.cat/catalunya-central/baix-llobregat/?utm_campaign=cerca-v1,FALSE,
Lluçanès,34_09_08_13,CA0137,5/12/2025,Cataluña,CA,FALSE,regio7,Regio 7,FALSE,https://www.regio7.cat/catalunya-central/llucanes/?utm_campaign=cerca-v1,FALSE,
La Crónica de L'Alacantí,03014_002,VC0125,9/12/2025,Comunidad Valenciana,VC,TRUE,informacion,Información,FALSE,https://www.informacion.es/la-cronica-de-alacanti/?utm_campaign=cerca-v1,FALSE,
Parla,28106,MAD0016,9/12/2025,Comunidad de Madrid,MAD,FALSE,elperiodicodeespana,El Periódico de España,FALSE,https://www.epe.es/es/lugares/parla-1825011?utm_campaign=cerca-v1,FALSE,
Las Rozas de Madrid,28127,MAD0017,9/12/2025,Comunidad de Madrid,MAD,FALSE,elperiodicodeespana,El Periódico de España,FALSE,https://www.epe.es/es/lugares/rozas-2165573?utm_campaign=cerca-v1,FALSE,
Alcobendas,28006,MAD0018,9/12/2025,Comunidad de Madrid,MAD,FALSE,elperiodicodeespana,El Periódico de España,FALSE,https://www.epe.es/es/lugares/alcobendas-2151533?utm_campaign=cerca-v1,FALSE,
Rivas-Vaciamadrid,28123,MAD0019,9/12/2025,Comunidad de Madrid,MAD,FALSE,elperiodicodeespana,El Periódico de España,FALSE,https://www.epe.es/es/lugares/rivas-vaciamadrid-2109154?utm_campaign=cerca-v1,FALSE,
Aguilar de Segarra,08002,CA0138,9/12/2025,Cataluña,CA,FALSE,regio7,Regio 7,FALSE,https://www.regio7.cat/tags/aguilar-de-segarra/?utm_campaign=cerca-v1,FALSE,
Avinyó,08012,CA0139,9/12/2025,Cataluña,CA,FALSE,regio7,Regio 7,FALSE,https://www.regio7.cat/tags/avinyo/=utm?cerca,FALSE,
Callús,08038,CA0140,9/12/2025,Cataluña,CA,FALSE,regio7,Regio 7,FALSE,https://www.regio7.cat/tags/callus/?utm_campaign=cerca-v1,FALSE,
Castellfollit del Boix,08059,CA0141,9/12/2025,Cataluña,CA,FALSE,regio7,Regio 7,FALSE,https://www.regio7.cat/tags/castellfollit-del-boix/?utm_campaign=cerca-v1,FALSE,
Castellgalí,08061,CA0142,9/12/2025,Cataluña,CA,FALSE,regio7,Regio 7,FALSE,https://www.regio7.cat/tags/castellgali/?utm_campaign=cerca-v1,FALSE,
Castellnou de Bages,08062,CA0143,9/12/2025,Cataluña,CA,FALSE,regio7,Regio 7,FALSE,https://www.regio7.cat/tags/castellnou-de-bages/?utm_campaign=cerca-v1,FALSE,
Fonollosa,08084,CA0144,9/12/2025,Cataluña,CA,FALSE,regio7,Regio 7,FALSE,https://www.regio7.cat/tags/fonollosa/?utm_campaign=cerca-v1,FALSE,
Marganell,08242,CA0145,9/12/2025,Cataluña,CA,FALSE,regio7,Regio 7,FALSE,https://www.regio7.cat/tags/marganell/?utm_campaign=cerca-v1,FALSE,
Monistrol de Montserrat,08127,CA0146,9/12/2025,Cataluña,CA,FALSE,regio7,Regio 7,FALSE,https://www.regio7.cat/tags/monistrol-de-montserrat/?utm_campaign=cerca-v1,FALSE,
Mura,08139,CA0147,9/12/2025,Cataluña,CA,FALSE,regio7,Regio 7,FALSE,https://www.regio7.cat/tags/mura/?utm_campaign=cerca-v1,FALSE,
El Pont de Vilomara i Rocafort,08182,CA0148,9/12/2025,Cataluña,CA,FALSE,regio7,Regio 7,FALSE,https://www.regio7.cat/tags/pont-de-vilomara/?utm_campaign=cerca-v1,FALSE,
Rajadell,08178,CA0149,9/12/2025,Cataluña,CA,FALSE,regio7,Regio 7,FALSE,https://www.regio7.cat/tags/rajadell/?utm_campaign=cerca-v1,FALSE,
Sant Feliu Sasserra,08212,CA0150,9/12/2025,Cataluña,CA,FALSE,regio7,Regio 7,FALSE,https://www.regio7.cat/tags/sant-feliu-sasserra/?utm_campaign=cerca-v1,FALSE,
Sant Salvador de Guardiola,08098,CA0151,9/12/2025,Cataluña,CA,FALSE,regio7,Regio 7,FALSE,https://www.regio7.cat/tags/sant-salvador-de-guardiola/?utm_campaign=cerca-v1,FALSE,
Talamanca,08277,CA0152,9/12/2025,Cataluña,CA,FALSE,regio7,Regio 7,FALSE,https://www.regio7.cat/tags/talamanca/?utm_campaign=cerca-v1,FALSE,
Borredà,08024,CA0153,9/12/2025,Cataluña,CA,FALSE,regio7,Regio 7,FALSE,https://www.regio7.cat/tags/borreda/?utm_campaign=cerca-v1,FALSE,
Casserres,08049,CA0154,9/12/2025,Cataluña,CA,FALSE,regio7,Regio 7,FALSE,https://www.regio7.cat/tags/casserres/?utm_campaign=cerca-v1,FALSE,
Castellar de n'Hug,08052,CA0155,9/12/2025,Cataluña,CA,FALSE,regio7,Regio 7,FALSE,https://www.regio7.cat/tags/castellar-de-n-hug/?utm_campaign=cerca-v1,FALSE,
Cercs,08268,CA0156,9/12/2025,Cataluña,CA,FALSE,regio7,Regio 7,FALSE,https://www.regio7.cat/tags/cercs/?utm_campaign=cerca-v1,FALSE,
Gisclareny,08093,CA0157,9/12/2025,Cataluña,CA,FALSE,regio7,Regio 7,FALSE,https://www.regio7.cat/tags/gisclareny/?utm_campaign=cerca-v1,FALSE,
Gósol,25100,CA0158,9/12/2025,Cataluña,CA,FALSE,regio7,Regio 7,FALSE,https://www.regio7.cat/tags/gosol/?utm_campaign=cerca-v1,FALSE,
Guardiola de Berguedà,08099,CA0159,9/12/2025,Cataluña,CA,FALSE,regio7,Regio 7,FALSE,https://www.regio7.cat/tags/guardiola-de-bergueda/?utm_campaign=cerca-v1,FALSE,
Olvan,08144,CA0160,9/12/2025,Cataluña,CA,FALSE,regio7,Regio 7,FALSE,https://www.regio7.cat/tags/olvan/?utm_campaign=cerca-v1,FALSE,
La Pobla de Lillet,08166,CA0161,9/12/2025,Cataluña,CA,FALSE,regio7,Regio 7,FALSE,https://www.regio7.cat/tags/la-pobla-de-lillet/?utm_campaign=cerca-v1,FALSE,
Saldes,08190,CA0162,9/12/2025,Cataluña,CA,FALSE,regio7,Regio 7,FALSE,https://www.regio7.cat/tags/saldes/?utm_campaign=cerca-v1,FALSE,
Sant Jaume de Frontanyà,08216,CA0163,9/12/2025,Cataluña,CA,FALSE,regio7,Regio 7,FALSE,https://www.regio7.cat/tags/sant-jaume-de-frontanya/?utm_campaign=cerca-v1,FALSE,
Calaf,08031,CA0164,9/12/2025,Cataluña,CA,FALSE,regio7,Regio 7,FALSE,https://www.regio7.cat/tags/calaf/?utm_campaign=cerca-v1,FALSE,
Capellades,08044,CA0165,9/12/2025,Cataluña,CA,FALSE,regio7,Regio 7,FALSE,https://www.regio7.cat/tags/capellades/?utm_campaign=cerca-v1,FALSE,
Castellolí,08063, CA0166,9/12/2025,Cataluña,CA,FALSE,regio7,Regio 7,FALSE,https://www.regio7.cat/tags/castelloli/?utm_campaign=cerca-v1,FALSE,
Els Hostalets de Pierola,08162,CA0167,9/12/2025,Cataluña,CA,FALSE,regio7,Regio 7,FALSE,https://www.regio7.cat/tags/hostalets-de-pierola/?utm_campaign=cerca-v1,FALSE,
Jorba,08103,CA0168,9/12/2025,Cataluña,CA,FALSE,regio7,Regio 7,FALSE,https://www.regio7.cat/tags/jorba/?utm_campaign=cerca-v1,FALSE,
Abrera,08001,CA0169,9/12/2025,Cataluña,CA,FALSE,regio7,Regio 7,FALSE,https://www.regio7.cat/tags/abrera/?utm_campaign=cerca-v1,FALSE,
Collbató,08069,CA0170,9/12/2025,Cataluña,CA,FALSE,regio7,Regio 7,FALSE,https://www.regio7.cat/tags/collbato/?utm_campaign=cerca-v1,FALSE,
Sant Esteve Sesrovires,08208,CA0171,9/12/2025,Cataluña,CA,FALSE,regio7,Regio 7,FALSE,https://www.regio7.cat/tags/sant-esteve-sesrovires/?utm_campaign=cerca-v1,FALSE,
Biosca,25055,CA0172,9/12/2025,Cataluña,CA,FALSE,regio7,Regio 7,FALSE,https://www.regio7.cat/tags/biosca/?utm_campaign=cerca-v1,FALSE,
Guixers,25111,CA0173,9/12/2025,Cataluña,CA,FALSE,regio7,Regio 7,FALSE,https://www.regio7.cat/tags/guixers/?utm_campaign=cerca-v1,FALSE,
Navès,25146,CA0174,9/12/2025,Cataluña,CA,FALSE,regio7,Regio 7,FALSE,https://www.regio7.cat/tags/naves/?utm_campaign=cerca-v1,FALSE,
Olius,25151,CA0175,9/12/2025,Cataluña,CA,FALSE,regio7,Regio 7,FALSE,https://www.regio7.cat/tags/olius/?utm_campaign=cerca-v1,FALSE,
Riner,25186,CA0176,9/12/2025,Cataluña,CA,FALSE,regio7,Regio 7,FALSE,https://www.regio7.cat/tags/riner/?utm_campaign=cerca-v1,FALSE,
Calders,08034,CA0177,9/12/2025,Cataluña,CA,FALSE,regio7,Regio 7,FALSE,https://www.regio7.cat/tags/calders/?utm_campaign=cerca-v1,FALSE,
Castellterçol,08064,CA0178,9/12/2025,Cataluña,CA,FALSE,regio7,Regio 7,FALSE,https://www.regio7.cat/tags/castelltercol/?utm_campaign=cerca-v1,FALSE,
L'Estany,08079,CA0179,9/12/2025,Cataluña,CA,FALSE,regio7,Regio 7,FALSE,https://www.regio7.cat/tags/estany/?utm_campaign=cerca-v1,FALSE,
Monistrol de Calders,08128,CA0180,9/12/2025,Cataluña,CA,FALSE,regio7,Regio 7,FALSE,https://www.regio7.cat/tags/monistrol-de-calders/?utm_campaign=cerca-v1,FALSE,
Santa Maria d'Oló,08258,CA0181,9/12/2025,Cataluña,CA,FALSE,regio7,Regio 7,FALSE,https://www.regio7.cat/tags/santa-maria-d-olo/?utm_campaign=cerca-v1,FALSE,
Bolvir,17024,CA0182,9/12/2025,Cataluña,CA,FALSE,regio7,Regio 7,FALSE,https://www.regio7.cat/tags/bolvir/?utm_campaign=cerca-v1,FALSE,
Das,17061,CA0183,9/12/2025,Cataluña,CA,FALSE,regio7,Regio 7,FALSE,https://www.regio7.cat/tags/das/?utm_campaign=cerca-v1,FALSE,
Coll de Nargó,25077,CA0184,9/12/2025,Cataluña,CA,FALSE,regio7,Regio 7,FALSE,https://www.regio7.cat/tags/coll-de-nargo/?utm_campaign=cerca-v1,FALSE,
Oliana,25149,CA0185,9/12/2025,Cataluña,CA,FALSE,regio7,Regio 7,FALSE,https://www.regio7.cat/tags/oliana/?utm_campaign=cerca-v1,FALSE,
Organyà,25155,CA0186,9/12/2025,Cataluña,CA,FALSE,regio7,Regio 7,FALSE,https://www.regio7.cat/tags/organya/?utm_campaign=cerca-v1,FALSE,
Aigües,03004,VC0292,9/12/2025,Comunidad Valenciana,VC,FALSE,informacion,Información,FALSE,https://www.informacion.es/tags/aigues/?utm_campaign=cerca-v1,FALSE,
Banyeres de Mariola,03021,VC0293,9/12/2025,Comunidad Valenciana,VC,FALSE,informacion,Información,FALSE,https://www.informacion.es/tags/banyeres-de-mariola/?utm_campaign=cerca-v1,FALSE,
Tibi,03129,VC0294,9/12/2025,Comunidad Valenciana,VC,FALSE,informacion,Información,FALSE,https://www.informacion.es/tags/tibi/?utm_campaign=cerca-v1,FALSE,
Callosa d'en Sarrià,03048,VC0295,9/12/2025,Comunidad Valenciana,VC,FALSE,informacion,Información,FALSE,https://www.informacion.es/tags/callosa-d-en-sarria/?utm_campaign=cerca-v1,FALSE,
el Castell de Guadalest,03075,VC0296,9/12/2025,Comunidad Valenciana,VC,FALSE,informacion,Información,FALSE,https://www.informacion.es/tags/castell-de-guadalest/?utm_campaign=cerca-v1,FALSE,
Beneixama,03023,VC0297,9/12/2025,Comunidad Valenciana,VC,FALSE,informacion,Información,FALSE,https://www.informacion.es/tags/beneixama/?utm_campaign=cerca-v1,FALSE,
San Fulgencio,03118,VC0298,9/12/2025,Comunidad Valenciana,VC,FALSE,informacion,Información,FALSE,https://www.informacion.es/tags/san-fulgencio/?utm_campaign=cerca-v1,FALSE,
Los Montesinos ,03903,VC0299,9/12/2025,Comunidad Valenciana,VC,FALSE,informacion,Información,FALSE,https://www.informacion.es/tags/los-montesinos/?utm_campaign=cerca-v1,FALSE,
San Miguel de Salinas,03120,VC0300,9/12/2025,Comunidad Valenciana,VC,FALSE,informacion,Información,FALSE,https://www.informacion.es/tags/san-miguel-de-salinas/?utm_campaign=cerca-v1,FALSE,
Dolores,03064,VC0301,9/12/2025,Comunidad Valenciana,VC,FALSE,informacion,Información,FALSE,https://www.informacion.es/tags/dolores/?utm_campaign=cerca-v1,FALSE,
Redován,03111,VC0302,9/12/2025,Comunidad Valenciana,VC,FALSE,informacion,Información,FALSE,https://www.informacion.es/tags/redovan/?utm_campaign=cerca-v1,FALSE,
Gran Canaria,34_05_35_01,CAN0082,11/12/2025,Canarias,CAN,FALSE,laprovincia,La Provincia,FALSE,https://www.laprovincia.es/gran-canaria/?utm_campaign=cerca-v1,FALSE,
Lanzarote,34_05_35_03,CAN0083,11/12/2025,Canarias,CAN,FALSE,laprovincia,La Provincia,FALSE,https://www.laprovincia.es/lanzarote/?utm_campaign=cerca-v1,FALSE,
Fuerteventura,34_05_35_02,CAN0084,11/12/2025,Canarias,CAN,FALSE,laprovincia,La Provincia,FALSE,https://www.laprovincia.es/fuerteventura/?utm_campaign=cerca-v1,FALSE,
La Graciosa,34_05_35_04,CAN0085,11/12/2025,Canarias,CAN,FALSE,laprovincia,La Provincia,FALSE,https://www.laprovincia.es/tags/la-graciosa/?utm_campaign=cerca-v1,FALSE,