item,item_id,item_update,region_name,region_code,is_cronicas,media_associated,media_associated_name,is_featured,url,is_municipios_link,url_municipios
Adamuz,AND0001,14/07/2025,Andalucía,AND,FALSE,diariocordoba,Diario Córdoba,FALSE,https://www.diariocordoba.com/alto-guadalquivir/adamuz/,FALSE,
Aguilar de la Frontera,AND0002,14/07/2025,Andalucía,AND,FALSE,diariocordoba,Diario Córdoba,FALSE,https://www.diariocordoba.com/cordoba/aguilar/,FALSE,
Alcaracejos,AND0003,14/07/2025,Andalucía,AND,FALSE,diariocordoba,Diario Córdoba,FALSE,https://www.diariocordoba.com/cordoba/alcaracejos/,FALSE,
Alhaurín De La Torre,AND0004,14/07/2025,Andalucía,AND,FALSE,laopiniondemalaga,La Opinión de Málaga,TRUE,https://www.laopiniondemalaga.es/malaga/alhaurin-de-la-torre/,FALSE,
Alhaurín El Grande,AND0005,14/07/2025,Andalucía,AND,FALSE,laopiniondemalaga,La Opinión de Málaga,FALSE,https://www.laopiniondemalaga.es/malaga/alhaurin-el-grande/,FALSE,
Almedinilla,AND0006,14/07/2025,Andalucía,AND,FALSE,diariocordoba,Diario Córdoba,FALSE,https://www.diariocordoba.com/cordoba/almedinilla/,FALSE,
Almodóvar del Río,AND0007,14/07/2025,Andalucía,AND,FALSE,diariocordoba,Diario Córdoba,FALSE,https://www.diariocordoba.com/cordoba/almodovar/,FALSE,
Antequera,AND0008,14/07/2025,Andalucía,AND,FALSE,laopiniondemalaga,La Opinión de Málaga,TRUE,https://www.laopiniondemalaga.es/malaga/antequera/,FALSE,
Añora,AND0009,14/07/2025,Andalucía,AND,FALSE,diariocordoba,Diario Córdoba,FALSE,https://www.diariocordoba.com/cordoba/anora/,FALSE,
Archidona,AND0010,14/07/2025,Andalucía,AND,FALSE,laopiniondemalaga,La Opinión de Málaga,FALSE,https://www.laopiniondemalaga.es/malaga/archidona/,FALSE,
Baena,AND0011,14/07/2025,Andalucía,AND,FALSE,diariocordoba,Diario Córdoba,TRUE,https://www.diariocordoba.com/cordoba/baena/,FALSE,
Belalcázar,AND0012,14/07/2025,Andalucía,AND,FALSE,diariocordoba,Diario Córdoba,FALSE,https://www.diariocordoba.com/cordoba/belalcazar/,FALSE,
Belmez,AND0013,14/07/2025,Andalucía,AND,FALSE,diariocordoba,Diario Córdoba,FALSE,https://www.diariocordoba.com/cordoba/belmez/,FALSE,
Benalmádena,AND0014,14/07/2025,Andalucía,AND,FALSE,laopiniondemalaga,La Opinión de Málaga,TRUE,https://www.laopiniondemalaga.es/costa-sol-occidental/benalmadena/,FALSE,
Benamejí,AND0015,14/07/2025,Andalucía,AND,FALSE,diariocordoba,Diario Córdoba,FALSE,https://www.diariocordoba.com/cordoba/benameji/,FALSE,
Bujalance,AND0016,14/07/2025,Andalucía,AND,FALSE,diariocordoba,Diario Córdoba,FALSE,https://www.diariocordoba.com/alto-guadalquivir/bujalance/,FALSE,
Cabra,AND0017,14/07/2025,Andalucía,AND,TRUE,diariocordoba,Diario Córdoba,TRUE,https://www.diariocordoba.com/cordoba/cabra/,FALSE,
Campillos,AND0018,14/07/2025,Andalucía,AND,FALSE,laopiniondemalaga,La Opinión de Málaga,FALSE,https://www.laopiniondemalaga.es/malaga/campillos/,FALSE,
Cañete de las Torres,AND0019,14/07/2025,Andalucía,AND,FALSE,diariocordoba,Diario Córdoba,FALSE,https://www.diariocordoba.com/alto-guadalquivir/canete/,FALSE,
Carcabuey,AND0020,14/07/2025,Andalucía,AND,FALSE,diariocordoba,Diario Córdoba,FALSE,https://www.diariocordoba.com/cordoba/carcabuey/,FALSE,
Cardeña,AND0021,14/07/2025,Andalucía,AND,FALSE,diariocordoba,Diario Córdoba,FALSE,https://www.diariocordoba.com/cordoba/cardena/,FALSE,
Cártama,AND0022,14/07/2025,Andalucía,AND,TRUE,laopiniondemalaga,La Opinión de Málaga,TRUE,https://www.laopiniondemalaga.es/malaga/cartama/,FALSE,
Castro del Río,AND0023,14/07/2025,Andalucía,AND,FALSE,diariocordoba,Diario Córdoba,FALSE,https://www.diariocordoba.com/cordoba/castro-rio/,FALSE,
Coín,AND0024,14/07/2025,Andalucía,AND,FALSE,laopiniondemalaga,La Opinión de Málaga,FALSE,https://www.laopiniondemalaga.es/malaga/coin/,FALSE,
Comarca de Antequera,AND0025,14/07/2025,Andalucía,AND,FALSE,laopiniondemalaga,La Opinión de Málaga,FALSE,https://www.laopiniondemalaga.es/malaga/comarca-antequera/,FALSE,
Conquista,AND0026,14/07/2025,Andalucía,AND,FALSE,diariocordoba,Diario Córdoba,FALSE,https://www.diariocordoba.com/cordoba/conquista/,FALSE,
Córdoba,AND0027,23/07/2025,Andalucía,AND,FALSE,diariocordoba,Diario Córdoba,TRUE,https://www.diariocordoba.com/cordoba-ciudad/,FALSE,
Costa del Sol Occidental,AND0028,14/07/2025,Andalucía,AND,FALSE,laopiniondemalaga,La Opinión de Málaga,FALSE,https://www.laopiniondemalaga.es/costa-sol-occidental/,FALSE,
Crónica del Centro,AND0029,14/07/2025,Andalucía,AND,TRUE,diariocordoba,Diario Córdoba,FALSE,https://www.diariocordoba.com/cronica-del-centro/,FALSE,
Doña Mencía,AND0030,14/07/2025,Andalucía,AND,FALSE,diariocordoba,Diario Córdoba,FALSE,https://www.diariocordoba.com/cordoba/dona-mencia/,FALSE,
Dos Torres,AND0031,14/07/2025,Andalucía,AND,FALSE,diariocordoba,Diario Córdoba,FALSE,https://www.diariocordoba.com/cordoba/dos-torres/,FALSE,
El Carpio,AND0032,14/07/2025,Andalucía,AND,FALSE,diariocordoba,Diario Córdoba,FALSE,https://www.diariocordoba.com/alto-guadalquivir/carpio/,FALSE,
El Guijo,AND0033,14/07/2025,Andalucía,AND,FALSE,diariocordoba,Diario Córdoba,FALSE,https://www.diariocordoba.com/cordoba/guijo/,FALSE,
El Viso de los Pedroches,AND0034,14/07/2025,Andalucía,AND,FALSE,diariocordoba,Diario Córdoba,FALSE,https://www.diariocordoba.com/cordoba/viso/,FALSE,
Encinas Reales,AND0035,14/07/2025,Andalucía,AND,FALSE,diariocordoba,Diario Córdoba,FALSE,https://www.diariocordoba.com/cordoba/encinas-reales/,FALSE,
Espejo,AND0036,14/07/2025,Andalucía,AND,FALSE,diariocordoba,Diario Córdoba,FALSE,https://www.diariocordoba.com/cordoba/espejo/,FALSE,
Espiel,AND0037,14/07/2025,Andalucía,AND,FALSE,diariocordoba,Diario Córdoba,FALSE,https://www.diariocordoba.com/cordoba/espiel/,FALSE,
Estepona,AND0038,14/07/2025,Andalucía,AND,FALSE,laopiniondemalaga,La Opinión de Málaga,TRUE,https://www.laopiniondemalaga.es/costa-sol-occidental/estepona/,FALSE,
Fernán Núñez,AND0039,14/07/2025,Andalucía,AND,FALSE,diariocordoba,Diario Córdoba,FALSE,https://www.diariocordoba.com/cordoba/fernan-nunez/,FALSE,
Fuengirola,AND0040,14/07/2025,Andalucía,AND,FALSE,laopiniondemalaga,La Opinión de Málaga,TRUE,https://www.laopiniondemalaga.es/costa-sol-occidental/fuengirola/,FALSE,
Fuente Carreteros,AND0041,14/07/2025,Andalucía,AND,FALSE,diariocordoba,Diario Córdoba,FALSE,https://www.diariocordoba.com/cordoba/fuente-carreteros/,FALSE,
Fuente Obejuna,AND0042,14/07/2025,Andalucía,AND,FALSE,diariocordoba,Diario Córdoba,FALSE,https://www.diariocordoba.com/cordoba/fuente-obejuna/,FALSE,
Fuente Palmera,AND0043,14/07/2025,Andalucía,AND,FALSE,diariocordoba,Diario Córdoba,FALSE,https://www.diariocordoba.com/cordoba/fuente-palmera/,FALSE,
Fuente Tójar,AND0044,14/07/2025,Andalucía,AND,FALSE,diariocordoba,Diario Córdoba,FALSE,https://www.diariocordoba.com/cordoba/fuente-tojar/,FALSE,
Guadalcázar,AND0045,14/07/2025,Andalucía,AND,FALSE,diariocordoba,Diario Córdoba,FALSE,https://www.diariocordoba.com/cordoba/guadalcazar/,FALSE,
Guadalteba,AND0046,14/07/2025,Andalucía,AND,FALSE,laopiniondemalaga,La Opinión de Málaga,FALSE,https://www.laopiniondemalaga.es/malaga/guadalteba/,FALSE,
Hinojosa del Duque,AND0047,14/07/2025,Andalucía,AND,FALSE,diariocordoba,Diario Córdoba,FALSE,https://www.diariocordoba.com/cordoba/hinojosa-duque/,FALSE,
Hornachuelos,AND0048,14/07/2025,Andalucía,AND,FALSE,diariocordoba,Diario Córdoba,FALSE,https://www.diariocordoba.com/cordoba/hornachuelos/,FALSE,
Iznájar,AND0049,14/07/2025,Andalucía,AND,FALSE,diariocordoba,Diario Córdoba,FALSE,https://www.diariocordoba.com/cordoba/iznajar/,FALSE,
La Axarquía,AND0050,14/07/2025,Andalucía,AND,FALSE,laopiniondemalaga,La Opinión de Málaga,FALSE,https://www.laopiniondemalaga.es/axarquia/,FALSE,
La Carlota,AND0051,14/07/2025,Andalucía,AND,FALSE,diariocordoba,Diario Córdoba,FALSE,https://www.diariocordoba.com/cordoba/carlota/,FALSE,
La Granjuela,AND0052,14/07/2025,Andalucía,AND,FALSE,diariocordoba,Diario Córdoba,FALSE,https://www.diariocordoba.com/cordoba/granjuela/,FALSE,
La Guijarrosa,AND0053,14/07/2025,Andalucía,AND,FALSE,diariocordoba,Diario Córdoba,FALSE,https://www.diariocordoba.com/cordoba/guijarrosa/,FALSE,
La Rambla,AND0054,14/07/2025,Andalucía,AND,FALSE,diariocordoba,Diario Córdoba,FALSE,https://www.diariocordoba.com/cordoba/rambla/,FALSE,
La Victoria,AND0055,14/07/2025,Andalucía,AND,FALSE,diariocordoba,Diario Córdoba,FALSE,https://www.diariocordoba.com/cordoba/victoria/,FALSE,
Los Blázquez,AND0056,14/07/2025,Andalucía,AND,FALSE,diariocordoba,Diario Córdoba,FALSE,https://www.diariocordoba.com/cordoba/blazquez/,FALSE,
Lucena,AND0057,14/07/2025,Andalucía,AND,TRUE,diariocordoba,Diario Córdoba,TRUE,https://www.diariocordoba.com/cordoba/lucena/,FALSE,
Málaga,AND0058,14/07/2025,Andalucía,AND,FALSE,laopiniondemalaga,La Opinión de Málaga,TRUE,https://www.laopiniondemalaga.es/malaga/,FALSE,
Marbella,AND0059,14/07/2025,Andalucía,AND,FALSE,laopiniondemalaga,La Opinión de Málaga,TRUE,https://www.laopiniondemalaga.es/marbella/,FALSE,
Media Principal,AND0060,14/07/2025,Andalucía,AND,FALSE,diariocordoba,Diario Córdoba,TRUE,,TRUE,https://www.diariocordoba.com/municipios.html
Media Principal,AND0061,14/07/2025,Andalucía,AND,FALSE,elcorreodeandalucia,El Correo de Andalucía,FALSE,,FALSE,
Media Principal,AND0062,14/07/2025,Andalucía,AND,FALSE,laopiniondemalaga,La Opinión de Málaga,TRUE,,TRUE,https://www.laopiniondemalaga.es/municipios.html
Mijas,AND0063,14/07/2025,Andalucía,AND,FALSE,laopiniondemalaga,La Opinión de Málaga,TRUE,https://www.laopiniondemalaga.es/costa-sol-occidental/mijas/,FALSE,
Montemayor,AND0064,14/07/2025,Andalucía,AND,FALSE,diariocordoba,Diario Córdoba,FALSE,https://www.diariocordoba.com/cordoba/montemayor/,FALSE,
Montilla,AND0065,14/07/2025,Andalucía,AND,TRUE,diariocordoba,Diario Córdoba,TRUE,https://www.diariocordoba.com/cordoba/montilla/,FALSE,
Montoro,AND0066,14/07/2025,Andalucía,AND,TRUE,diariocordoba,Diario Córdoba,FALSE,https://www.diariocordoba.com/alto-guadalquivir/montoro/,FALSE,
Monturque,AND0067,14/07/2025,Andalucía,AND,FALSE,diariocordoba,Diario Córdoba,FALSE,https://www.diariocordoba.com/cordoba/monturque/,FALSE,
Nerja,AND0068,14/07/2025,Andalucía,AND,FALSE,laopiniondemalaga,La Opinión de Málaga,FALSE,https://www.laopiniondemalaga.es/axarquia/nerja/,FALSE,
Nororma,AND0069,14/07/2025,Andalucía,AND,FALSE,laopiniondemalaga,La Opinión de Málaga,FALSE,https://www.laopiniondemalaga.es/malaga/comarca-nororma/,FALSE,
Nueva Carteya,AND0070,14/07/2025,Andalucía,AND,FALSE,diariocordoba,Diario Córdoba,FALSE,https://www.diariocordoba.com/cordoba/nueva-carteya/,FALSE,
Obejo,AND0071,14/07/2025,Andalucía,AND,FALSE,diariocordoba,Diario Córdoba,FALSE,https://www.diariocordoba.com/cordoba/obejo/,FALSE,
Palenciana,AND0072,14/07/2025,Andalucía,AND,FALSE,diariocordoba,Diario Córdoba,FALSE,https://www.diariocordoba.com/cordoba/palenciana/,FALSE,
Palma del Río,AND0073,14/07/2025,Andalucía,AND,TRUE,diariocordoba,Diario Córdoba,TRUE,https://www.diariocordoba.com/cordoba/palma-rio/,FALSE,
Pedroche,AND0074,14/07/2025,Andalucía,AND,FALSE,diariocordoba,Diario Córdoba,FALSE,https://www.diariocordoba.com/cordoba/pedroche/,FALSE,
Peñarroya-Pueblonuevo,AND0075,14/07/2025,Andalucía,AND,FALSE,diariocordoba,Diario Córdoba,FALSE,https://www.diariocordoba.com/cordoba/penarroya-pueblonuevo/,FALSE,
Posadas,AND0076,14/07/2025,Andalucía,AND,FALSE,diariocordoba,Diario Córdoba,FALSE,https://www.diariocordoba.com/cordoba/posadas/,FALSE,
Pozoblanco,AND0077,14/07/2025,Andalucía,AND,TRUE,diariocordoba,Diario Córdoba,TRUE,https://www.diariocordoba.com/cordoba/pozoblanco/,FALSE,
Priego,AND0078,14/07/2025,Andalucía,AND,FALSE,diariocordoba,Diario Córdoba,TRUE,https://www.diariocordoba.com/cordoba/priego/,FALSE,
Puente Genil,AND0079,14/07/2025,Andalucía,AND,FALSE,diariocordoba,Diario Córdoba,TRUE,https://www.diariocordoba.com/cordoba/puente-genil/,FALSE,
Rincón de La Victoria,AND0080,14/07/2025,Andalucía,AND,FALSE,laopiniondemalaga,La Opinión de Málaga,TRUE,https://www.laopiniondemalaga.es/axarquia/rincon-de-la-victoria/,FALSE,
Ronda,AND0081,14/07/2025,Andalucía,AND,FALSE,laopiniondemalaga,La Opinión de Málaga,FALSE,https://www.laopiniondemalaga.es/malaga/ronda/,FALSE,
Rute,AND0082,14/07/2025,Andalucía,AND,FALSE,diariocordoba,Diario Córdoba,FALSE,https://www.diariocordoba.com/cordoba/rute/,FALSE,
S.S. de los Ballesteros,AND0083,14/07/2025,Andalucía,AND,FALSE,diariocordoba,Diario Córdoba,FALSE,https://www.diariocordoba.com/cordoba/san-sebastian-ballesteros/,FALSE,
Santa Eufemia,AND0084,14/07/2025,Andalucía,AND,FALSE,diariocordoba,Diario Córdoba,FALSE,https://www.diariocordoba.com/cordoba/santa-eufemia/,FALSE,
Santaella,AND0085,14/07/2025,Andalucía,AND,FALSE,diariocordoba,Diario Córdoba,FALSE,https://www.diariocordoba.com/cordoba/santaella/,FALSE,
Serrania de Las Nieves,AND0086,14/07/2025,Andalucía,AND,FALSE,laopiniondemalaga,La Opinión de Málaga,FALSE,https://www.laopiniondemalaga.es/malaga/serrania-nieves/,FALSE,
Serrania de Ronda,AND0087,14/07/2025,Andalucía,AND,FALSE,laopiniondemalaga,La Opinión de Málaga,FALSE,https://www.laopiniondemalaga.es/malaga/serrania-ronda/,FALSE,
Sevilla,AND0088,23/07/2025,Andalucía,AND,FALSE,elcorreodeandalucia,El Correo de Andalucía,TRUE,https://www.elcorreoweb.es/sevilla/,FALSE,
Torrecampo,AND0090,14/07/2025,Andalucía,AND,FALSE,diariocordoba,Diario Córdoba,FALSE,https://www.diariocordoba.com/cordoba/torrecampo/,FALSE,
Torremolinos,AND0091,14/07/2025,Andalucía,AND,TRUE,laopiniondemalaga,La Opinión de Málaga,TRUE,https://www.laopiniondemalaga.es/costa-sol-occidental/torremolinos/,FALSE,
Torrox,AND0092,14/07/2025,Andalucía,AND,FALSE,laopiniondemalaga,La Opinión de Málaga,FALSE,https://www.laopiniondemalaga.es/axarquia/torrox/,FALSE,
Valenzuela,AND0093,14/07/2025,Andalucía,AND,FALSE,diariocordoba,Diario Córdoba,FALSE,https://www.diariocordoba.com/cordoba/valenzuela/,FALSE,
Valle Guadalhorce,AND0094,14/07/2025,Andalucía,AND,FALSE,laopiniondemalaga,La Opinión de Málaga,FALSE,https://www.laopiniondemalaga.es/malaga/comarca-valle-guadalhorce/,FALSE,
Valsequillo,AND0095,14/07/2025,Andalucía,AND,FALSE,diariocordoba,Diario Córdoba,FALSE,https://www.diariocordoba.com/cordoba/valsequillo/,FALSE,
Vélez-Málaga,AND0096,14/07/2025,Andalucía,AND,FALSE,laopiniondemalaga,La Opinión de Málaga,TRUE,https://www.laopiniondemalaga.es/axarquia/velez-malaga/,FALSE,
Villa del Río,AND0097,14/07/2025,Andalucía,AND,FALSE,diariocordoba,Diario Córdoba,FALSE,https://www.diariocordoba.com/alto-guadalquivir/villa-rio/,FALSE,
Villaharta,AND0098,14/07/2025,Andalucía,AND,FALSE,diariocordoba,Diario Córdoba,FALSE,https://www.diariocordoba.com/cordoba/villaharta/,FALSE,
Villanueva de Córdoba,AND0099,14/07/2025,Andalucía,AND,FALSE,diariocordoba,Diario Córdoba,FALSE,https://www.diariocordoba.com/cordoba/villanueva-cordoba/,FALSE,
Villanueva del Duque,AND0100,14/07/2025,Andalucía,AND,FALSE,diariocordoba,Diario Córdoba,FALSE,https://www.diariocordoba.com/cordoba/villanueva-duque/,FALSE,
Villanueva del Rey,AND0101,14/07/2025,Andalucía,AND,FALSE,diariocordoba,Diario Córdoba,FALSE,https://www.diariocordoba.com/cordoba/villanueva-rey/,FALSE,
Villaralto,AND0102,14/07/2025,Andalucía,AND,FALSE,diariocordoba,Diario Córdoba,FALSE,https://www.diariocordoba.com/cordoba/villaralto/,FALSE,
Villaviciosa,AND0103,14/07/2025,Andalucía,AND,FALSE,diariocordoba,Diario Córdoba,FALSE,https://www.diariocordoba.com/cordoba/villaviciosa-cordoba/,FALSE,
Zuheros,AND0104,14/07/2025,Andalucía,AND,FALSE,diariocordoba,Diario Córdoba,FALSE,https://www.diariocordoba.com/cordoba/zuheros/,FALSE,
Alagón,AR0001,14/07/2025,Aragón,AR,FALSE,elperiodicodearagon,El Periódico de Aragón,FALSE,https://www.elperiodicodearagon.com/aragon/alagon/,FALSE,
Albalate del Arzobispo,AR0002,14/07/2025,Aragón,AR,FALSE,elperiodicodearagon,El Periódico de Aragón,FALSE,https://www.elperiodicodearagon.com/aragon/albalate-del-arzobispo/,FALSE,
Albarracín,AR0003,14/07/2025,Aragón,AR,FALSE,elperiodicodearagon,El Periódico de Aragón,FALSE,https://www.elperiodicodearagon.com/aragon/albarracin/,FALSE,
Alcañiz,AR0004,14/07/2025,Aragón,AR,FALSE,elperiodicodearagon,El Periódico de Aragón,TRUE,https://www.elperiodicodearagon.com/aragon/alcaniz/,FALSE,
Alcorisa,AR0005,14/07/2025,Aragón,AR,FALSE,elperiodicodearagon,El Periódico de Aragón,FALSE,https://www.elperiodicodearagon.com/aragon/alcorisa/,FALSE,
Andorra,AR0006,14/07/2025,Aragón,AR,FALSE,elperiodicodearagon,El Periódico de Aragón,TRUE,https://www.elperiodicodearagon.com/aragon/andorra/,FALSE,
Barbastro,AR0007,14/07/2025,Aragón,AR,FALSE,elperiodicodearagon,El Periódico de Aragón,TRUE,https://www.elperiodicodearagon.com/aragon/barbastro/,FALSE,
Binéfar,AR0008,14/07/2025,Aragón,AR,FALSE,elperiodicodearagon,El Periódico de Aragón,TRUE,https://www.elperiodicodearagon.com/aragon/binefar/,FALSE,
Cadrete,AR0009,14/07/2025,Aragón,AR,FALSE,elperiodicodearagon,El Periódico de Aragón,FALSE,https://www.elperiodicodearagon.com/aragon/cadrete/,FALSE,
Calamocha,AR0010,14/07/2025,Aragón,AR,FALSE,elperiodicodearagon,El Periódico de Aragón,TRUE,https://www.elperiodicodearagon.com/aragon/calamocha/,FALSE,
Calatayud,AR0011,14/07/2025,Aragón,AR,FALSE,elperiodicodearagon,El Periódico de Aragón,TRUE,https://www.elperiodicodearagon.com/aragon/calatayud/,FALSE,
Campo de Belchite,AR0012,14/07/2025,Aragón,AR,TRUE,elperiodicodearagon,El Periódico de Aragón,FALSE,https://www.elperiodicodearagon.com/zaragoza/campo-de-belchite/,FALSE,
Campo de Borja,AR0013,14/07/2025,Aragón,AR,TRUE,elperiodicodearagon,El Periódico de Aragón,FALSE,https://www.elperiodicodearagon.com/aragon/campo-de-borja/,FALSE,
Campo de Cariñena,AR0014,14/07/2025,Aragón,AR,TRUE,elperiodicodearagon,El Periódico de Aragón,FALSE,https://www.elperiodicodearagon.com/aragon/campo-de-carinena/,FALSE,
Canfranc,AR0015,14/07/2025,Aragón,AR,FALSE,elperiodicodearagon,El Periódico de Aragón,FALSE,https://www.elperiodicodearagon.com/aragon/canfranc/,FALSE,
Caspe,AR0016,14/07/2025,Aragón,AR,FALSE,elperiodicodearagon,El Periódico de Aragón,TRUE,https://www.elperiodicodearagon.com/aragon/caspe/,FALSE,
Cella,AR0017,14/07/2025,Aragón,AR,FALSE,elperiodicodearagon,El Periódico de Aragón,FALSE,https://www.elperiodicodearagon.com/aragon/cella/,FALSE,
Cuarte de Huerva,AR0018,14/07/2025,Aragón,AR,FALSE,elperiodicodearagon,El Periódico de Aragón,TRUE,https://www.elperiodicodearagon.com/aragon/cuarte-de-huerva/,FALSE,
Cuencas Mineras,AR0019,14/07/2025,Aragón,AR,TRUE,elperiodicodearagon,El Periódico de Aragón,TRUE,https://www.elperiodicodearagon.com/aragon/cuencas-mineras/,FALSE,
Daroca,AR0020,14/07/2025,Aragón,AR,FALSE,elperiodicodearagon,El Periódico de Aragón,FALSE,https://www.elperiodicodearagon.com/aragon/daroca/,FALSE,
Ejea y sus Pueblos,AR0021,14/07/2025,Aragón,AR,TRUE,elperiodicodearagon,El Periódico de Aragón,TRUE,https://www.elperiodicodearagon.com/aragon/ejea-pueblos/,FALSE,
Épila,AR0022,14/07/2025,Aragón,AR,FALSE,elperiodicodearagon,El Periódico de Aragón,FALSE,https://www.elperiodicodearagon.com/aragon/epila/,FALSE,
Figueruelas,AR0023,14/07/2025,Aragón,AR,FALSE,elperiodicodearagon,El Periódico de Aragón,FALSE,https://www.elperiodicodearagon.com/aragon/figueruelas/,FALSE,
Fraga,AR0024,14/07/2025,Aragón,AR,FALSE,elperiodicodearagon,El Periódico de Aragón,TRUE,https://www.elperiodicodearagon.com/aragon/fraga/,FALSE,
Fuendetodos,AR0025,14/07/2025,Aragón,AR,FALSE,elperiodicodearagon,El Periódico de Aragón,FALSE,https://www.elperiodicodearagon.com/aragon/fuendetodos/,FALSE,
Gallur,AR0026,14/07/2025,Aragón,AR,FALSE,elperiodicodearagon,El Periódico de Aragón,FALSE,https://www.elperiodicodearagon.com/aragon/gallur/,FALSE,
Híjar,AR0027,14/07/2025,Aragón,AR,FALSE,elperiodicodearagon,El Periódico de Aragón,FALSE,https://www.elperiodicodearagon.com/aragon/hijar/,FALSE,
Huesca,AR0028,14/07/2025,Aragón,AR,TRUE,elperiodicodearagon,El Periódico de Aragón,TRUE,https://www.elperiodicodearagon.com/aragon/huesca/,FALSE,
Jaca,AR0029,14/07/2025,Aragón,AR,FALSE,elperiodicodearagon,El Periódico de Aragón,TRUE,https://www.elperiodicodearagon.com/aragon/jaca/,FALSE,
La Muela,AR0030,14/07/2025,Aragón,AR,FALSE,elperiodicodearagon,El Periódico de Aragón,FALSE,https://www.elperiodicodearagon.com/aragon/la-muela/,FALSE,
María de Huerva,AR0031,14/07/2025,Aragón,AR,FALSE,elperiodicodearagon,El Periódico de Aragón,FALSE,https://www.elperiodicodearagon.com/aragon/maria-de-huerva/,FALSE,
Media Principal,AR0032,14/07/2025,Aragón,AR,FALSE,elperiodicodearagon,El Periódico de Aragón,TRUE,,TRUE,https://www.elperiodicodearagon.com/municipios.html
Monzón,AR0033,14/07/2025,Aragón,AR,FALSE,elperiodicodearagon,El Periódico de Aragón,TRUE,https://www.elperiodicodearagon.com/aragon/monzon/,FALSE,
Ribera Alta del Ebro,AR0034,14/07/2025,Aragón,AR,TRUE,elperiodicodearagon,El Periódico de Aragón,FALSE,https://www.elperiodicodearagon.com/zaragoza/ribera-alta-del-ebro/,FALSE,
Sallent de Gállego,AR0036,14/07/2025,Aragón,AR,FALSE,elperiodicodearagon,El Periódico de Aragón,FALSE,https://www.elperiodicodearagon.com/aragon/sallent-de-gallego/,FALSE,
San Mateo,AR0037,14/07/2025,Aragón,AR,FALSE,elperiodicodearagon,El Periódico de Aragón,FALSE,https://www.elperiodicodearagon.com/aragon/san-mateo/,FALSE,
Sariñena,AR0038,14/07/2025,Aragón,AR,FALSE,elperiodicodearagon,El Periódico de Aragón,FALSE,https://www.elperiodicodearagon.com/aragon/sarinena/,FALSE,
Tamarite,AR0039,14/07/2025,Aragón,AR,FALSE,elperiodicodearagon,El Periódico de Aragón,FALSE,https://www.elperiodicodearagon.com/aragon/tamarite/,FALSE,
Tarazona,AR0040,14/07/2025,Aragón,AR,FALSE,elperiodicodearagon,El Periódico de Aragón,TRUE,https://www.elperiodicodearagon.com/aragon/tarazona/,FALSE,
Tauste,AR0041,14/07/2025,Aragón,AR,FALSE,elperiodicodearagon,El Periódico de Aragón,FALSE,https://www.elperiodicodearagon.com/aragon/tauste/,FALSE,
Teruel,AR0042,23/07/2025,Aragón,AR,FALSE,elperiodicodearagon,El Periódico de Aragón,TRUE,https://www.elperiodicodearagon.com/aragon/teruel/,FALSE,
Utebo,AR0043,14/07/2025,Aragón,AR,FALSE,elperiodicodearagon,El Periódico de Aragón,TRUE,https://www.elperiodicodearagon.com/aragon/utebo/,FALSE,
Utrillas,AR0044,14/07/2025,Aragón,AR,FALSE,elperiodicodearagon,El Periódico de Aragón,FALSE,https://www.elperiodicodearagon.com/aragon/utrillas/,FALSE,
Valdejalón,AR0045,14/07/2025,Aragón,AR,TRUE,elperiodicodearagon,El Periódico de Aragón,FALSE,https://www.elperiodicodearagon.com/zaragoza/valdejalon/,FALSE,
Villanueva de Sigena,AR0046,14/07/2025,Aragón,AR,FALSE,elperiodicodearagon,El Periódico de Aragón,FALSE,https://www.elperiodicodearagon.com/aragon/villanueva-de-sigena/,FALSE,
Zaragoza,AR0047,23/07/2025,Aragón,AR,FALSE,elperiodicodearagon,El Periódico de Aragón,TRUE,https://www.elperiodicodearagon.com/zaragoza/,FALSE,
Zuera,AR0048,14/07/2025,Aragón,AR,FALSE,elperiodicodearagon,El Periódico de Aragón,TRUE,https://www.elperiodicodearagon.com/aragon/zuera/,FALSE,
Allande,AST0001,14/07/2025,Asturias,AST,FALSE,lanuevaespana,La Nueva España,FALSE,https://www.lne.es/occidente/allande/,FALSE,
Aller,AST0002,14/07/2025,Asturias,AST,FALSE,lanuevaespana,La Nueva España,FALSE,https://www.lne.es/cuencas/aller/,FALSE,
Amieva,AST0003,14/07/2025,Asturias,AST,FALSE,lanuevaespana,La Nueva España,FALSE,https://www.lne.es/oriente/amieva/,FALSE,
Avilés,AST0004,14/07/2025,Asturias,AST,FALSE,lanuevaespana,La Nueva España,TRUE,https://www.lne.es/aviles/,FALSE,
Belmonte de Miranda,AST0005,14/07/2025,Asturias,AST,FALSE,lanuevaespana,La Nueva España,FALSE,https://www.lne.es/occidente/belmonte-de-miranda/,FALSE,
Bimenes,AST0006,14/07/2025,Asturias,AST,FALSE,lanuevaespana,La Nueva España,FALSE,https://www.lne.es/centro/bimenes/,FALSE,
Boal,AST0007,14/07/2025,Asturias,AST,FALSE,lanuevaespana,La Nueva España,FALSE,https://www.lne.es/occidente/boal/,FALSE,
Cabrales,AST0008,14/07/2025,Asturias,AST,FALSE,lanuevaespana,La Nueva España,FALSE,https://www.lne.es/oriente/cabrales/,FALSE,
Cabranes,AST0009,14/07/2025,Asturias,AST,FALSE,lanuevaespana,La Nueva España,FALSE,https://www.lne.es/centro/cabranes/,FALSE,
Candamo,AST0010,14/07/2025,Asturias,AST,FALSE,lanuevaespana,La Nueva España,FALSE,https://www.lne.es/centro/candamo/,FALSE,
Cangas de Onís,AST0012,14/07/2025,Asturias,AST,FALSE,lanuevaespana,La Nueva España,FALSE,https://www.lne.es/oriente/cangas-de-onis/,FALSE,
Cangas del Narcea Occidente,AST0013,14/07/2025,Asturias,AST,TRUE,lanuevaespana,La Nueva España,FALSE,https://www.lne.es/occidente/cangas-del-narcea/,FALSE,
Carreño,AST0014,14/07/2025,Asturias,AST,FALSE,lanuevaespana,La Nueva España,FALSE,https://www.lne.es/carreno/,FALSE,
Caso,AST0015,14/07/2025,Asturias,AST,FALSE,lanuevaespana,La Nueva España,FALSE,https://www.lne.es/cuencas/caso/,FALSE,
Castrillón,AST0016,14/07/2025,Asturias,AST,FALSE,lanuevaespana,La Nueva España,FALSE,https://www.lne.es/aviles/castrillon/,FALSE,
Castropol,AST0017,14/07/2025,Asturias,AST,FALSE,lanuevaespana,La Nueva España,FALSE,https://www.lne.es/occidente/castropol/,FALSE,
Coaña,AST0018,14/07/2025,Asturias,AST,FALSE,lanuevaespana,La Nueva España,FALSE,https://www.lne.es/occidente/coana/,FALSE,
Colunga,AST0019,14/07/2025,Asturias,AST,FALSE,lanuevaespana,La Nueva España,FALSE,https://www.lne.es/oriente/colunga/,FALSE,
Corvera,AST0020,14/07/2025,Asturias,AST,FALSE,lanuevaespana,La Nueva España,TRUE,https://www.lne.es/aviles/corvera-de-asturias/,FALSE,
Cudillero,AST0021,14/07/2025,Asturias,AST,FALSE,lanuevaespana,La Nueva España,FALSE,https://www.lne.es/occidente/cudillero/,FALSE,
Degaña,AST0023,14/07/2025,Asturias,AST,FALSE,lanuevaespana,La Nueva España,FALSE,https://www.lne.es/occidente/degana/,FALSE,
El Franco,AST0024,14/07/2025,Asturias,AST,FALSE,lanuevaespana,La Nueva España,FALSE,https://www.lne.es/occidente/el-franco/,FALSE,
Gijón,AST0025,14/07/2025,Asturias,AST,FALSE,lanuevaespana,La Nueva España,TRUE,https://www.lne.es/gijon/,FALSE,
Gozón,AST0027,14/07/2025,Asturias,AST,FALSE,lanuevaespana,La Nueva España,FALSE,https://www.lne.es/aviles/gozon/,FALSE,
Grado,AST0028,23/07/2025,Asturias,AST,TRUE,lanuevaespana,La Nueva España,TRUE,https://www.lne.es/grado/,FALSE,
Grandas de Salime,AST0029,14/07/2025,Asturias,AST,FALSE,lanuevaespana,La Nueva España,FALSE,https://www.lne.es/occidente/grandas-de-salime/,FALSE,
Ibias,AST0030,14/07/2025,Asturias,AST,FALSE,lanuevaespana,La Nueva España,FALSE,https://www.lne.es/occidente/ibias/,FALSE,
Illas,AST0031,14/07/2025,Asturias,AST,FALSE,lanuevaespana,La Nueva España,FALSE,https://www.lne.es/aviles/illas/,FALSE,
La Calzada,AST0032,14/07/2025,Asturias,AST,TRUE,lanuevaespana,La Nueva España,FALSE,https://www.lne.es/gijon/gijon-oeste/la-calzada/,FALSE,
La Corredoria,AST0033,14/07/2025,Asturias,AST,TRUE,lanuevaespana,La Nueva España,TRUE,https://www.lne.es/oviedo/la-corredoria/,FALSE,
Langreo,AST0034,14/07/2025,Asturias,AST,FALSE,lanuevaespana,La Nueva España,FALSE,https://www.lne.es/cuencas/langreo/,FALSE,
Laviana,AST0035,23/07/2025,Asturias,AST,FALSE,lanuevaespana,La Nueva España,TRUE,https://www.lne.es/laviana/,FALSE,
Lena,AST0036,14/07/2025,Asturias,AST,FALSE,lanuevaespana,La Nueva España,FALSE,https://www.lne.es/cuencas/lena/,FALSE,
Llanes,AST0039,14/07/2025,Asturias,AST,FALSE,lanuevaespana,La Nueva España,FALSE,https://www.lne.es/oriente/llanes/,FALSE,
Media Principal,AST0040,14/07/2025,Asturias,AST,FALSE,lanuevaespana,La Nueva España,TRUE,,TRUE,https://www.lne.es/municipios.html
Mieres,AST0041,14/07/2025,Asturias,AST,FALSE,lanuevaespana,La Nueva España,FALSE,https://www.lne.es/cuencas/mieres/,FALSE,
Morcín,AST0042,14/07/2025,Asturias,AST,FALSE,lanuevaespana,La Nueva España,FALSE,https://www.lne.es/cuencas/morcin/,FALSE,
Muros de Nalón,AST0043,14/07/2025,Asturias,AST,FALSE,lanuevaespana,La Nueva España,FALSE,https://www.lne.es/centro/muros-de-nalon/,FALSE,
Nava,AST0044,14/07/2025,Asturias,AST,FALSE,lanuevaespana,La Nueva España,FALSE,https://www.lne.es/centro/nava/,FALSE,
Navia,AST0045,14/07/2025,Asturias,AST,FALSE,lanuevaespana,La Nueva España,FALSE,https://www.lne.es/occidente/navia/,FALSE,
Noreña,AST0046,14/07/2025,Asturias,AST,FALSE,lanuevaespana,La Nueva España,FALSE,https://www.lne.es/centro/norena/,FALSE,
Onís,AST0048,14/07/2025,Asturias,AST,FALSE,lanuevaespana,La Nueva España,FALSE,https://www.lne.es/oriente/onis/,FALSE,
Oviedo,AST0050,23/07/2025,Asturias,AST,FALSE,lanuevaespana,La Nueva España,TRUE,https://www.lne.es/oviedo/,FALSE,
Parres,AST0051,14/07/2025,Asturias,AST,FALSE,lanuevaespana,La Nueva España,FALSE,https://www.lne.es/oriente/parres/,FALSE,
Peñamera Alta,AST0052,14/07/2025,Asturias,AST,FALSE,lanuevaespana,La Nueva España,FALSE,https://www.lne.es/oriente/penamera-alta/,FALSE,
Peñamera Baja,AST0053,14/07/2025,Asturias,AST,FALSE,lanuevaespana,La Nueva España,FALSE,https://www.lne.es/oriente/penamera-baja/,FALSE,
Piloña,AST0054,14/07/2025,Asturias,AST,FALSE,lanuevaespana,La Nueva España,FALSE,https://www.lne.es/oriente/pilona/,FALSE,
Ponga,AST0055,14/07/2025,Asturias,AST,FALSE,lanuevaespana,La Nueva España,FALSE,https://www.lne.es/oriente/ponga/,FALSE,
Pravia,AST0056,14/07/2025,Asturias,AST,FALSE,lanuevaespana,La Nueva España,FALSE,https://www.lne.es/centro/pravia/,FALSE,
Proaza,AST0057,14/07/2025,Asturias,AST,FALSE,lanuevaespana,La Nueva España,FALSE,https://www.lne.es/centro/proaza/,FALSE,
Quirós,AST0058,14/07/2025,Asturias,AST,FALSE,lanuevaespana,La Nueva España,FALSE,https://www.lne.es/centro/quiros/,FALSE,
Ribadedeva,AST0059,14/07/2025,Asturias,AST,FALSE,lanuevaespana,La Nueva España,FALSE,https://www.lne.es/oriente/ribadedeva/,FALSE,
Ribadesella,AST0060,14/07/2025,Asturias,AST,FALSE,lanuevaespana,La Nueva España,FALSE,https://www.lne.es/oriente/ribadesella/,FALSE,
Ribera de Arriba,AST0061,14/07/2025,Asturias,AST,TRUE,lanuevaespana,La Nueva España,TRUE,https://www.lne.es/ribera-de-arriba/,FALSE,
Riosa,AST0062,14/07/2025,Asturias,AST,FALSE,lanuevaespana,La Nueva España,FALSE,https://www.lne.es/cuencas/riosa/,FALSE,
Salas,AST0063,23/07/2025,Asturias,AST,TRUE,lanuevaespana,La Nueva España,TRUE,https://www.lne.es/salas/,FALSE,
San Martín del Rey Aurelio,AST0064,14/07/2025,Asturias,AST,FALSE,lanuevaespana,La Nueva España,FALSE,https://www.lne.es/cuencas/san-martin-del-rey-aurelio/,FALSE,
San Tirso de Abres,AST0065,14/07/2025,Asturias,AST,FALSE,lanuevaespana,La Nueva España,FALSE,https://www.lne.es/occidente/san-tirso-de-abres/,FALSE,
Santa Eulalia de Oscos,AST0066,14/07/2025,Asturias,AST,FALSE,lanuevaespana,La Nueva España,FALSE,https://www.lne.es/occidente/santa-eulalia-de-oscos/,FALSE,
Sariego,AST0067,14/07/2025,Asturias,AST,FALSE,lanuevaespana,La Nueva España,FALSE,https://www.lne.es/centro/sariego/,FALSE,
Siero,AST0068,14/07/2025,Asturias,AST,TRUE,lanuevaespana,La Nueva España,TRUE,https://www.lne.es/siero/,FALSE,
Sobrescobio,AST0069,14/07/2025,Asturias,AST,FALSE,lanuevaespana,La Nueva España,FALSE,https://www.lne.es/cuencas/sobrescobio/,FALSE,
Somiedo,AST0070,14/07/2025,Asturias,AST,FALSE,lanuevaespana,La Nueva España,FALSE,https://www.lne.es/occidente/somiedo/,FALSE,
Soto del Barco,AST0071,14/07/2025,Asturias,AST,FALSE,lanuevaespana,La Nueva España,FALSE,https://www.lne.es/aviles/soto-del-barco/,FALSE,
Tapia de Casariego,AST0072,14/07/2025,Asturias,AST,FALSE,lanuevaespana,La Nueva España,FALSE,https://www.lne.es/occidente/tapia-de-casariego/,FALSE,
Taramundi,AST0073,14/07/2025,Asturias,AST,FALSE,lanuevaespana,La Nueva España,FALSE,https://www.lne.es/occidente/taramundi/,FALSE,
Teverga,AST0074,14/07/2025,Asturias,AST,FALSE,lanuevaespana,La Nueva España,FALSE,https://www.lne.es/centro/teverga/,FALSE,
Tineo,AST0075,14/07/2025,Asturias,AST,FALSE,lanuevaespana,La Nueva España,FALSE,https://www.lne.es/occidente/tineo/,FALSE,
Valdés,AST0076,14/07/2025,Asturias,AST,FALSE,lanuevaespana,La Nueva España,FALSE,https://www.lne.es/occidente/valdes/,FALSE,
Vegadeo,AST0077,14/07/2025,Asturias,AST,FALSE,lanuevaespana,La Nueva España,FALSE,https://www.lne.es/occidente/vegadeo/,FALSE,
Villaviciosa,AST0078,14/07/2025,Asturias,AST,TRUE,lanuevaespana,La Nueva España,TRUE,https://www.lne.es/villaviciosa/,FALSE,
Villayón,AST0079,14/07/2025,Asturias,AST,FALSE,lanuevaespana,La Nueva España,FALSE,https://www.lne.es/occidente/villayon/,FALSE,
Yernes y Tameza,AST0080,14/07/2025,Asturias,AST,FALSE,lanuevaespana,La Nueva España,FALSE,https://www.lne.es/centro/yernes-y-tameza/,FALSE,
Adeje,CAN0001,14/07/2025,Canarias,CAN,FALSE,eldia,El Día,TRUE,https://www.eldia.es/tenerife/adeje/,FALSE,
Agaete,CAN0002,14/07/2025,Canarias,CAN,FALSE,laprovincia,La Provincia,FALSE,https://www.laprovincia.es/gran-canaria/agaete/,FALSE,
Agüimes,CAN0003,14/07/2025,Canarias,CAN,FALSE,laprovincia,La Provincia,TRUE,https://www.laprovincia.es/gran-canaria/aguimes/,FALSE,
Alajeró,CAN0004,14/07/2025,Canarias,CAN,FALSE,eldia,El Día,FALSE,https://www.eldia.es/la-gomera/alajero/,FALSE,
Antigua,CAN0005,14/07/2025,Canarias,CAN,FALSE,laprovincia,La Provincia,FALSE,https://www.laprovincia.es/fuerteventura/antigua/,FALSE,
Arafo,CAN0006,14/07/2025,Canarias,CAN,FALSE,eldia,El Día,FALSE,https://www.eldia.es/tenerife/arafo/,FALSE,
Arico,CAN0007,14/07/2025,Canarias,CAN,FALSE,eldia,El Día,FALSE,https://www.eldia.es/tenerife/arico/,FALSE,
Arona,CAN0008,14/07/2025,Canarias,CAN,FALSE,eldia,El Día,TRUE,https://www.eldia.es/tenerife/arona/,FALSE,
Arrecife,CAN0009,14/07/2025,Canarias,CAN,FALSE,laprovincia,La Provincia,TRUE,https://www.laprovincia.es/lanzarote/arrecife/,FALSE,
Artenara,CAN0010,14/07/2025,Canarias,CAN,FALSE,laprovincia,La Provincia,FALSE,https://www.laprovincia.es/gran-canaria/artenara/,FALSE,
Arucas,CAN0011,14/07/2025,Canarias,CAN,FALSE,laprovincia,La Provincia,TRUE,https://www.laprovincia.es/gran-canaria/arucas/,FALSE,
Barlovento,CAN0012,14/07/2025,Canarias,CAN,FALSE,eldia,El Día,FALSE,https://www.eldia.es/la-palma/barlovento/,FALSE,
Breña Alta,CAN0013,14/07/2025,Canarias,CAN,FALSE,eldia,El Día,FALSE,https://www.eldia.es/la-palma/brena-alta/,FALSE,
Breña Baja,CAN0014,14/07/2025,Canarias,CAN,FALSE,eldia,El Día,FALSE,https://www.eldia.es/la-palma/brena-baja/,FALSE,
Buenavista del Norte,CAN0015,14/07/2025,Canarias,CAN,FALSE,eldia,El Día,FALSE,https://www.eldia.es/tenerife/buenavista-del-norte/,FALSE,
Candelaria,CAN0016,14/07/2025,Canarias,CAN,FALSE,eldia,El Día,TRUE,https://www.eldia.es/tenerife/candelaria/,FALSE,
El Pinar,CAN0017,14/07/2025,Canarias,CAN,FALSE,eldia,El Día,FALSE,https://www.eldia.es/el-hierro/el-pinar/,FALSE,
El Rosario,CAN0018,14/07/2025,Canarias,CAN,FALSE,eldia,El Día,FALSE,https://www.eldia.es/tenerife/el-rosario/,FALSE,
El Sauzal,CAN0019,14/07/2025,Canarias,CAN,FALSE,eldia,El Día,FALSE,https://www.eldia.es/tenerife/el-sauzal/,FALSE,
El Tanque,CAN0020,14/07/2025,Canarias,CAN,FALSE,eldia,El Día,FALSE,https://www.eldia.es/tenerife/el-tanque/,FALSE,
Fasnia,CAN0021,14/07/2025,Canarias,CAN,FALSE,eldia,El Día,FALSE,https://www.eldia.es/tenerife/fasnia/,FALSE,
Firgas,CAN0022,14/07/2025,Canarias,CAN,FALSE,laprovincia,La Provincia,FALSE,https://www.laprovincia.es/gran-canaria/firgas/,FALSE,
Fuencaliente,CAN0023,14/07/2025,Canarias,CAN,FALSE,eldia,El Día,FALSE,https://www.eldia.es/la-palma/fuencaliente/,FALSE,
Gáldar,CAN0024,14/07/2025,Canarias,CAN,FALSE,laprovincia,La Provincia,TRUE,https://www.laprovincia.es/gran-canaria/galdar/,FALSE,
Garachico,CAN0025,14/07/2025,Canarias,CAN,FALSE,eldia,El Día,FALSE,https://www.eldia.es/tenerife/garachico/,FALSE,
Garafía,CAN0026,14/07/2025,Canarias,CAN,FALSE,eldia,El Día,FALSE,https://www.eldia.es/la-palma/garafia/,FALSE,
Granadilla de Abona,CAN0027,14/07/2025,Canarias,CAN,FALSE,eldia,El Día,TRUE,https://www.eldia.es/tenerife/granadilla-de-abona/,FALSE,
Guía de Isora,CAN0028,14/07/2025,Canarias,CAN,FALSE,eldia,El Día,FALSE,https://www.eldia.es/tenerife/guia-de-isora/,FALSE,
Güímar,CAN0029,14/07/2025,Canarias,CAN,FALSE,eldia,El Día,FALSE,https://www.eldia.es/tenerife/guimar/,FALSE,
Haría,CAN0030,14/07/2025,Canarias,CAN,FALSE,laprovincia,La Provincia,FALSE,https://www.laprovincia.es/lanzarote/haria/,FALSE,
Hermigua,CAN0031,14/07/2025,Canarias,CAN,FALSE,eldia,El Día,FALSE,https://www.eldia.es/la-gomera/hermigua/,FALSE,
Icod de los Vinos,CAN0032,14/07/2025,Canarias,CAN,FALSE,eldia,El Día,FALSE,https://www.eldia.es/tenerife/icod-de-los-vinos/,FALSE,
Ingenio,CAN0033,14/07/2025,Canarias,CAN,FALSE,laprovincia,La Provincia,TRUE,https://www.laprovincia.es/gran-canaria/ingenio/,FALSE,
La Aldea de San Nicolás,CAN0034,14/07/2025,Canarias,CAN,FALSE,laprovincia,La Provincia,FALSE,https://www.laprovincia.es/gran-canaria/la-aldea-de-san-nicolas/,FALSE,
La Frontera,CAN0035,14/07/2025,Canarias,CAN,FALSE,eldia,El Día,FALSE,https://www.eldia.es/el-hierro/la-frontera/,FALSE,
La Guancha,CAN0036,14/07/2025,Canarias,CAN,FALSE,eldia,El Día,FALSE,https://www.eldia.es/tenerife/la-guancha/,FALSE,
La Matanza de Acentejo,CAN0037,14/07/2025,Canarias,CAN,FALSE,eldia,El Día,FALSE,https://www.eldia.es/tenerife/la-matanza-de-acentejo/,FALSE,
La Oliva,CAN0038,14/07/2025,Canarias,CAN,FALSE,laprovincia,La Provincia,FALSE,https://www.laprovincia.es/fuerteventura/la-oliva/,FALSE,
La Orotava,CAN0039,14/07/2025,Canarias,CAN,FALSE,eldia,El Día,TRUE,https://www.eldia.es/tenerife/la-orotava/,FALSE,
La Victoria de Acentejo,CAN0040,14/07/2025,Canarias,CAN,FALSE,eldia,El Día,FALSE,https://www.eldia.es/tenerife/la-victoria-de-acentejo/,FALSE,
Las Palmas de Gran Canaria,CAN0041,23/07/2025,Canarias,CAN,FALSE,laprovincia,La Provincia,TRUE,https://www.laprovincia.es/las-palmas/,FALSE,
Los Realejos,CAN0042,14/07/2025,Canarias,CAN,FALSE,eldia,El Día,TRUE,https://www.eldia.es/tenerife/los-realejos/,FALSE,
Los Silos,CAN0043,14/07/2025,Canarias,CAN,FALSE,eldia,El Día,FALSE,https://www.eldia.es/tenerife/los-silos/,FALSE,
Media Principal,CAN0044,14/07/2025,Canarias,CAN,FALSE,eldia,El Día,TRUE,,TRUE,https://www.eldia.es/municipios.html
Media Principal,CAN0045,14/07/2025,Canarias,CAN,FALSE,laprovincia,La Provincia,TRUE,,TRUE,https://www.laprovincia.es/municipios.html
Mogán,CAN0046,14/07/2025,Canarias,CAN,FALSE,laprovincia,La Provincia,FALSE,https://www.laprovincia.es/gran-canaria/mogan/,FALSE,
Moya,CAN0047,14/07/2025,Canarias,CAN,FALSE,laprovincia,La Provincia,FALSE,https://www.laprovincia.es/gran-canaria/moya/,FALSE,
Pájara,CAN0048,14/07/2025,Canarias,CAN,FALSE,laprovincia,La Provincia,FALSE,https://www.laprovincia.es/fuerteventura/pajara/,FALSE,
Puerto de la Cruz,CAN0049,14/07/2025,Canarias,CAN,FALSE,eldia,El Día,TRUE,https://www.eldia.es/tenerife/puerto-de-la-cruz/,FALSE,
Puerto del Rosario,CAN0050,14/07/2025,Canarias,CAN,FALSE,laprovincia,La Provincia,TRUE,https://www.laprovincia.es/fuerteventura/puerto-del-rosario/,FALSE,
Puntagorda,CAN0051,14/07/2025,Canarias,CAN,FALSE,eldia,El Día,FALSE,https://www.eldia.es/la-palma/puntagorda/,FALSE,
San Andrés y Sauces,CAN0052,14/07/2025,Canarias,CAN,FALSE,eldia,El Día,FALSE,https://www.eldia.es/la-palma/san-andres-y-sauces/,FALSE,
San Bartolomé,CAN0053,14/07/2025,Canarias,CAN,FALSE,laprovincia,La Provincia,FALSE,https://www.laprovincia.es/lanzarote/san-bartolome/,FALSE,
San Bartolomé de Tirajana,CAN0054,14/07/2025,Canarias,CAN,FALSE,laprovincia,La Provincia,TRUE,https://www.laprovincia.es/gran-canaria/san-bartolome-de-tirajana/,FALSE,
San Cristóbal de la Laguna,CAN0055,23/07/2025,Canarias,CAN,FALSE,eldia,El Día,TRUE,https://www.eldia.es/la-laguna/,FALSE,
San Juan de la Rambla,CAN0056,14/07/2025,Canarias,CAN,FALSE,eldia,El Día,FALSE,https://www.eldia.es/tenerife/san-juan-de-la-rambla/,FALSE,
San Miguel de Abona,CAN0057,14/07/2025,Canarias,CAN,FALSE,eldia,El Día,FALSE,https://www.eldia.es/tenerife/san-miguel-de-abona/,FALSE,
San Sebastián de La Gomera,CAN0058,14/07/2025,Canarias,CAN,FALSE,eldia,El Día,FALSE,https://www.eldia.es/la-gomera/san-sebastian-de-la-gomera/,FALSE,
Santa Brígida,CAN0059,14/07/2025,Canarias,CAN,FALSE,laprovincia,La Provincia,FALSE,https://www.laprovincia.es/gran-canaria/santa-brigida/,FALSE,
Santa Cruz de La Palma,CAN0060,14/07/2025,Canarias,CAN,FALSE,eldia,El Día,FALSE,https://www.eldia.es/la-palma/santa-cruz-de-la-palma/,FALSE,
Santa Cruz de Tenerife,CAN0061,23/07/2025,Canarias,CAN,FALSE,eldia,El Día,TRUE,https://www.eldia.es/santa-cruz-de-tenerife/,FALSE,
Santa Lucía de Tirajana,CAN0062,14/07/2025,Canarias,CAN,FALSE,laprovincia,La Provincia,TRUE,https://www.laprovincia.es/gran-canaria/santa-lucia-de-tirajana/,FALSE,
Santa María de Guía de Gran Canaria,CAN0063,14/07/2025,Canarias,CAN,FALSE,laprovincia,La Provincia,FALSE,https://www.laprovincia.es/gran-canaria/santa-maria-de-guia-de-gran-canaria/,FALSE,
Santa Úrsula,CAN0064,14/07/2025,Canarias,CAN,FALSE,eldia,El Día,FALSE,https://www.eldia.es/tenerife/santa-ursula/,FALSE,
Santiago del Teide,CAN0065,14/07/2025,Canarias,CAN,FALSE,eldia,El Día,FALSE,https://www.eldia.es/tenerife/santiago-del-teide/,FALSE,
Tacoronte,CAN0066,14/07/2025,Canarias,CAN,FALSE,eldia,El Día,FALSE,https://www.eldia.es/tenerife/tacoronte/,FALSE,
Tazacorte,CAN0067,14/07/2025,Canarias,CAN,FALSE,eldia,El Día,FALSE,https://www.eldia.es/la-palma/tazacorte/,FALSE,
Tegueste,CAN0068,14/07/2025,Canarias,CAN,FALSE,eldia,El Día,FALSE,https://www.eldia.es/tenerife/tegueste/,FALSE,
Teguise,CAN0069,14/07/2025,Canarias,CAN,FALSE,laprovincia,La Provincia,FALSE,https://www.laprovincia.es/lanzarote/teguise/,FALSE,
Tejeda,CAN0070,14/07/2025,Canarias,CAN,FALSE,laprovincia,La Provincia,FALSE,https://www.laprovincia.es/gran-canaria/tejeda/,FALSE,
Telde,CAN0071,23/07/2025,Canarias,CAN,FALSE,laprovincia,La Provincia,TRUE,https://www.laprovincia.es/telde/,FALSE,
Teror,CAN0072,14/07/2025,Canarias,CAN,FALSE,laprovincia,La Provincia,FALSE,https://www.laprovincia.es/gran-canaria/teror/,FALSE,
Tías,CAN0073,14/07/2025,Canarias,CAN,FALSE,laprovincia,La Provincia,FALSE,https://www.laprovincia.es/lanzarote/tias/,FALSE,
Tijarafe,CAN0074,14/07/2025,Canarias,CAN,FALSE,eldia,El Día,FALSE,https://www.eldia.es/la-palma/tijarafe/,FALSE,
Tinajo,CAN0075,14/07/2025,Canarias,CAN,FALSE,laprovincia,La Provincia,FALSE,https://www.laprovincia.es/lanzarote/tinajo/,FALSE,
Valleseco,CAN0076,14/07/2025,Canarias,CAN,FALSE,laprovincia,La Provincia,FALSE,https://www.laprovincia.es/gran-canaria/valleseco/,FALSE,
Valsequillo de Gran Canaria,CAN0077,14/07/2025,Canarias,CAN,FALSE,laprovincia,La Provincia,FALSE,https://www.laprovincia.es/gran-canaria/valsequillo-de-gran-canaria/,FALSE,
Vega de San Mateo,CAN0078,14/07/2025,Canarias,CAN,FALSE,laprovincia,La Provincia,FALSE,https://www.laprovincia.es/gran-canaria/vega-de-san-mateo/,FALSE,
Vilaflor,CAN0079,14/07/2025,Canarias,CAN,FALSE,eldia,El Día,FALSE,https://www.eldia.es/tenerife/vilaflor/,FALSE,
Villa de Mazo,CAN0080,14/07/2025,Canarias,CAN,FALSE,eldia,El Día,FALSE,https://www.eldia.es/la-palma/villa-de-mazo/,FALSE,
Yaiza,CAN0081,14/07/2025,Canarias,CAN,FALSE,laprovincia,La Provincia,FALSE,https://www.laprovincia.es/lanzarote/yaiza/,FALSE,
Alcañices,CYL0001,14/07/2025,Castilla y León,CYL,FALSE,laopiniondezamora,La Opinión de Zamora,TRUE,https://www.laopiniondezamora.es/zamora/alcanices/,FALSE,
Benavente,CYL0002,14/07/2025,Castilla y León,CYL,TRUE,laopiniondezamora,La Opinión de Zamora,TRUE,https://www.laopiniondezamora.es/benavente/,FALSE,
Bermillo de Sayago,CYL0003,14/07/2025,Castilla y León,CYL,FALSE,laopiniondezamora,La Opinión de Zamora,TRUE,https://www.laopiniondezamora.es/zamora/bermillo-de-sayago/,FALSE,
Camarzana de Tera,CYL0004,14/07/2025,Castilla y León,CYL,FALSE,laopiniondezamora,La Opinión de Zamora,FALSE,https://www.laopiniondezamora.es/benavente/camarzana-de-tera/,FALSE,
Carbajales de Alba,CYL0005,14/07/2025,Castilla y León,CYL,FALSE,laopiniondezamora,La Opinión de Zamora,FALSE,https://www.laopiniondezamora.es/zamora/carbajales-de-alba/,FALSE,
Coreses,CYL0006,14/07/2025,Castilla y León,CYL,FALSE,laopiniondezamora,La Opinión de Zamora,FALSE,https://www.laopiniondezamora.es/zamora/coreses/,FALSE,
Fermoselle,CYL0007,14/07/2025,Castilla y León,CYL,FALSE,laopiniondezamora,La Opinión de Zamora,TRUE,https://www.laopiniondezamora.es/zamora/fermoselle/,FALSE,
Fuentesaúco,CYL0008,14/07/2025,Castilla y León,CYL,FALSE,laopiniondezamora,La Opinión de Zamora,TRUE,https://www.laopiniondezamora.es/zamora/fuentesauco/,FALSE,
Galende,CYL0009,14/07/2025,Castilla y León,CYL,FALSE,laopiniondezamora,La Opinión de Zamora,FALSE,https://www.laopiniondezamora.es/zamora/galende/,FALSE,
Media Principal,CYL0010,14/07/2025,Castilla y León,CYL,FALSE,laopiniondezamora,La Opinión de Zamora,TRUE,,TRUE,https://www.laopiniondezamora.es/municipios.html
Morales del Vino,CYL0011,14/07/2025,Castilla y León,CYL,FALSE,laopiniondezamora,La Opinión de Zamora,TRUE,https://www.laopiniondezamora.es/zamora/morales-del-vino/,FALSE,
Puebla de Sanabria,CYL0012,14/07/2025,Castilla y León,CYL,FALSE,laopiniondezamora,La Opinión de Zamora,TRUE,https://www.laopiniondezamora.es/zamora/puebla-de-sanabria/,FALSE,
Rabanales,CYL0013,14/07/2025,Castilla y León,CYL,FALSE,laopiniondezamora,La Opinión de Zamora,FALSE,https://www.laopiniondezamora.es/zamora/rabanales/,FALSE,
San Cristobal de Entreviñas,CYL0014,14/07/2025,Castilla y León,CYL,FALSE,laopiniondezamora,La Opinión de Zamora,TRUE,https://www.laopiniondezamora.es/tags/san-cristobal-de-entrevinas/,FALSE,
Toro,CYL0015,14/07/2025,Castilla y León,CYL,TRUE,laopiniondezamora,La Opinión de Zamora,TRUE,https://www.laopiniondezamora.es/toro/,FALSE,
Villalpando,CYL0016,14/07/2025,Castilla y León,CYL,FALSE,laopiniondezamora,La Opinión de Zamora,TRUE,https://www.laopiniondezamora.es/zamora/villalpando/,FALSE,
Villaralbo,CYL0017,14/07/2025,Castilla y León,CYL,FALSE,laopiniondezamora,La Opinión de Zamora,TRUE,https://www.laopiniondezamora.es/zamora/villaralbo/,FALSE,
Villardeciervos,CYL0018,14/07/2025,Castilla y León,CYL,FALSE,laopiniondezamora,La Opinión de Zamora,FALSE,https://www.laopiniondezamora.es/zamora/villardeciervos/,FALSE,
Zamora,CYL0019,14/07/2025,Castilla y León,CYL,FALSE,laopiniondezamora,La Opinión de Zamora,TRUE,https://www.laopiniondezamora.es/zamora/,FALSE,
Anglès,CA0001,14/07/2025,Cataluña,CA,FALSE,diaridegirona,Diari de Girona,FALSE,https://www.diaridegirona.cat/selva/angles/,FALSE,
Artés,CA0002,14/07/2025,Cataluña,CA,FALSE,regio7,Regio 7,FALSE,https://www.regio7.cat/bages/artes/,FALSE,
Avià,CA0003,14/07/2025,Cataluña,CA,FALSE,regio7,Regio 7,FALSE,https://www.regio7.cat/bergueda/avia/,FALSE,
Badalona,CA0004,23/07/2025,Cataluña,CA,TRUE,elperiodicodecatalunya,El Periódico,TRUE,https://www.elperiodico.com/es/barcelona/badalona/,FALSE,
Balsareny,CA0005,14/07/2025,Cataluña,CA,FALSE,regio7,Regio 7,FALSE,https://www.regio7.cat/bages/balsareny/,FALSE,
Banyoles,CA0006,14/07/2025,Cataluña,CA,FALSE,diaridegirona,Diari de Girona,TRUE,https://www.diaridegirona.cat/comarques/banyoles/,FALSE,
Barcelona,CA0007,14/07/2025,Cataluña,CA,FALSE,elperiodicodecatalunya,El Periódico,TRUE,https://www.elperiodico.com/es/barcelona/,FALSE,
Begur,CA0008,14/07/2025,Cataluña,CA,FALSE,diaridegirona,Diari de Girona,FALSE,https://www.diaridegirona.cat/baix-emporda/begur/,FALSE,
Bellver de Cerdanya,CA0009,14/07/2025,Cataluña,CA,FALSE,regio7,Regio 7,FALSE,https://www.regio7.cat/cerdanya-alt-urgell/bellver-de-cerdanya/,FALSE,
Berga,CA0010,14/07/2025,Cataluña,CA,FALSE,regio7,Regio 7,TRUE,https://www.regio7.cat/bergueda/berga/,FALSE,
Besalú,CA0011,14/07/2025,Cataluña,CA,FALSE,diaridegirona,Diari de Girona,FALSE,https://www.diaridegirona.cat/comarques/besalu/,FALSE,
Bescanó,CA0012,14/07/2025,Cataluña,CA,FALSE,diaridegirona,Diari de Girona,FALSE,https://www.diaridegirona.cat/comarques/bescano/,FALSE,
Blanes,CA0013,14/07/2025,Cataluña,CA,FALSE,diaridegirona,Diari de Girona,TRUE,https://www.diaridegirona.cat/selva/blanes/,FALSE,
Cadaqués,CA0014,14/07/2025,Cataluña,CA,FALSE,diaridegirona,Diari de Girona,FALSE,https://www.diaridegirona.cat/alt-emporda/cadaques/,FALSE,
Camprodon,CA0016,14/07/2025,Cataluña,CA,FALSE,diaridegirona,Diari de Girona,FALSE,https://www.diaridegirona.cat/comarques/camprodon/,FALSE,
Cardona,CA0017,14/07/2025,Cataluña,CA,FALSE,regio7,Regio 7,FALSE,https://www.regio7.cat/bages/cardona/,FALSE,
Cassà de la Selva,CA0018,14/07/2025,Cataluña,CA,FALSE,diaridegirona,Diari de Girona,FALSE,https://www.diaridegirona.cat/comarques/cassa-de-la-selva/,FALSE,
Castell-Platja d'Aro,CA0019,14/07/2025,Cataluña,CA,FALSE,diaridegirona,Diari de Girona,FALSE,https://www.diaridegirona.cat/baix-emporda/castell-platja-daro/,FALSE,
Castellbell i el Vilar,CA0021,14/07/2025,Cataluña,CA,FALSE,regio7,Regio 7,FALSE,https://www.regio7.cat/bages/castellbell-i-el-vilar/,FALSE,
Castelldefels,CA0022,23/07/2025,Cataluña,CA,FALSE,elperiodicodecatalunya,El Periódico,TRUE,https://www.elperiodico.com/es/barcelona/castelldefels/,FALSE,
Castelló d'Empúries,CA0023,14/07/2025,Cataluña,CA,FALSE,diaridegirona,Diari de Girona,FALSE,https://www.diaridegirona.cat/alt-emporda/castello-dempuries/,FALSE,
Castelló d'Empúries,CA0024,14/07/2025,Cataluña,CA,TRUE,diaridegirona,Diari de Girona,TRUE,https://www.emporda.info/comarca/castello-d-empuries/,FALSE,
Cornellà,CA0025,23/07/2025,Cataluña,CA,TRUE,elperiodicodecatalunya,El Periódico,TRUE,https://www.elperiodico.com/es/barcelona/cornella/,FALSE,
El Prat de Llobregat,CA0026,14/07/2025,Cataluña,CA,FALSE,elperiodicodecatalunya,El Periódico,FALSE,https://www.elperiodico.com/es/barcelona/el-prat-de-llobregat/,FALSE,
Esparreguera,CA0028,14/07/2025,Cataluña,CA,FALSE,regio7,Regio 7,FALSE,https://www.regio7.cat/anoia-baix-llobregat/esparreguera/,FALSE,
Esplugues,CA0029,23/07/2025,Cataluña,CA,TRUE,elperiodicodecatalunya,El Periódico,TRUE,https://www.elperiodico.com/es/barcelona/esplugues/,FALSE,
Figueres,CA0030,14/07/2025,Cataluña,CA,FALSE,diaridegirona,Diari de Girona,TRUE,https://www.diaridegirona.cat/alt-emporda/figueres/,FALSE,
Figueres,CA0031,23/07/2025,Cataluña,CA,FALSE,emporda,Empordà,TRUE,https://www.emporda.info/figueres/,FALSE,
Forallac,CA0032,14/07/2025,Cataluña,CA,FALSE,diaridegirona,Diari de Girona,FALSE,https://www.diaridegirona.cat/baix-emporda/forallac/,FALSE,
Gavà,CA0033,23/07/2025,Cataluña,CA,TRUE,elperiodicodecatalunya,El Periódico,TRUE,https://www.elperiodico.com/es/barcelona/gava/,FALSE,
Girona,CA0034,14/07/2025,Cataluña,CA,FALSE,diaridegirona,Diari de Girona,TRUE,https://www.diaridegirona.cat/girona/,FALSE,
Gironella,CA0035,14/07/2025,Cataluña,CA,FALSE,regio7,Regio 7,FALSE,https://www.regio7.cat/bergueda/gironella/,FALSE,
Granollers,CA0036,23/07/2025,Cataluña,CA,TRUE,elperiodicodecatalunya,El Periódico,TRUE,https://www.elperiodico.com/es/barcelona/granollers/,FALSE,
Igualada,CA0037,14/07/2025,Cataluña,CA,FALSE,regio7,Regio 7,TRUE,https://www.regio7.cat/anoia-baix-llobregat/igualada/,FALSE,
L'Escala,CA0038,14/07/2025,Cataluña,CA,FALSE,diaridegirona,Diari de Girona,FALSE,https://www.diaridegirona.cat/alt-emporda/lescala/,FALSE,
L'Escala,CA0039,14/07/2025,Cataluña,CA,TRUE,emporda,Empordà,TRUE,https://www.emporda.info/comarca/l-escala/,FALSE,
L'Hospitalet,CA0042,23/07/2025,Cataluña,CA,TRUE,elperiodicodecatalunya,El Periódico,TRUE,https://www.elperiodico.com/es/barcelona/hospitalet/,FALSE,
La Bisbal d'Empordà,CA0043,14/07/2025,Cataluña,CA,FALSE,diaridegirona,Diari de Girona,FALSE,https://www.diaridegirona.cat/baix-emporda/la-bisbal-demporda/,FALSE,
La Jonquera,CA0045,14/07/2025,Cataluña,CA,FALSE,emporda,Empordà,TRUE,https://www.emporda.info/comarca/la-jonquera/,FALSE,
La Seu d'Urgell,CA0046,14/07/2025,Cataluña,CA,FALSE,regio7,Regio 7,TRUE,https://www.regio7.cat/cerdanya-alt-urgell/la-seu-d-urgell/,FALSE,
Les Planes d'Hostoles,CA0047,14/07/2025,Cataluña,CA,FALSE,diaridegirona,Diari de Girona,FALSE,https://www.diaridegirona.cat/comarques/les-planes-dhostoles/,FALSE,
Llagostera,CA0048,14/07/2025,Cataluña,CA,FALSE,diaridegirona,Diari de Girona,FALSE,https://www.diaridegirona.cat/comarques/llagostera/,FALSE,
Llançà,CA0049,14/07/2025,Cataluña,CA,FALSE,diaridegirona,Diari de Girona,FALSE,https://www.diaridegirona.cat/alt-emporda/llanca/,FALSE,
Llançà,CA0050,14/07/2025,Cataluña,CA,FALSE,emporda,Empordà,TRUE,https://www.emporda.info/tags/llanca/,FALSE,
Llí­via,CA0051,14/07/2025,Cataluña,CA,FALSE,regio7,Regio 7,FALSE,https://www.regio7.cat/cerdanya-alt-urgell/llivia/,FALSE,
Lloret de Mar,CA0052,14/07/2025,Cataluña,CA,FALSE,diaridegirona,Diari de Girona,TRUE,https://www.diaridegirona.cat/selva/lloret-de-mar/,FALSE,
Manresa,CA0053,23/07/2025,Cataluña,CA,FALSE,regio7,Regio 7,TRUE,https://www.regio7.cat/manresa/,FALSE,
Martorell,CA0054,23/07/2025,Cataluña,CA,FALSE,elperiodicodecatalunya,El Periódico,TRUE,https://www.elperiodico.com/es/barcelona/martorell/,FALSE,
Martorell,CA0055,14/07/2025,Cataluña,CA,FALSE,regio7,Regio 7,FALSE,https://www.regio7.cat/anoia-baix-llobregat/martorell/,FALSE,
Mataró,CA0056,23/07/2025,Cataluña,CA,TRUE,elperiodicodecatalunya,El Periódico,TRUE,https://www.elperiodico.com/es/barcelona/mataro/,FALSE,
Media Principal,CA0057,14/07/2025,Cataluña,CA,FALSE,diaridegirona,Diari de Girona,TRUE,,TRUE,https://www.diaridegirona.cat/municipis.html
Media Principal,CA0058,14/07/2025,Cataluña,CA,FALSE,elperiodicodecatalunya,El Periódico,FALSE,,FALSE,
Media Principal,CA0059,14/07/2025,Cataluña,CA,FALSE,emporda,Empordà,TRUE,,TRUE,https://www.emporda.info/municipis.html
Media Principal,CA0060,14/07/2025,Cataluña,CA,FALSE,regio7,Regio 7,TRUE,,TRUE,https://www.regio7.cat/municipis.html
Moià,CA0061,14/07/2025,Cataluña,CA,FALSE,regio7,Regio 7,TRUE,https://www.regio7.cat/moianes/moia/,FALSE,
Mollet del Vallès,CA0062,23/07/2025,Cataluña,CA,TRUE,elperiodicodecatalunya,El Periódico,TRUE,https://www.elperiodico.com/es/barcelona/mollet-del-valles/,FALSE,
Navarcles,CA0063,14/07/2025,Cataluña,CA,FALSE,regio7,Regio 7,FALSE,https://www.regio7.cat/bages/navarcles/,FALSE,
Navàs,CA0064,14/07/2025,Cataluña,CA,FALSE,regio7,Regio 7,FALSE,https://www.regio7.cat/bages/navas/,FALSE,
Olot,CA0065,14/07/2025,Cataluña,CA,FALSE,diaridegirona,Diari de Girona,TRUE,https://www.diaridegirona.cat/comarques/olot/,FALSE,
Palafrugell,CA0066,14/07/2025,Cataluña,CA,FALSE,diaridegirona,Diari de Girona,TRUE,https://www.diaridegirona.cat/baix-emporda/palafrugell/,FALSE,
Palamós,CA0067,14/07/2025,Cataluña,CA,FALSE,diaridegirona,Diari de Girona,FALSE,https://www.diaridegirona.cat/baix-emporda/palamos/,FALSE,
Pals,CA0069,14/07/2025,Cataluña,CA,FALSE,diaridegirona,Diari de Girona,FALSE,https://www.diaridegirona.cat/baix-emporda/pals/,FALSE,
Parets,CA0070,23/07/2025,Cataluña,CA,TRUE,elperiodicodecatalunya,El Periódico,TRUE,https://www.elperiodico.com/es/barcelona/parets/,FALSE,
Piera,CA0071,14/07/2025,Cataluña,CA,FALSE,regio7,Regio 7,TRUE,https://www.regio7.cat/anoia-baix-llobregat/piera/,FALSE,
Porqueres,CA0072,14/07/2025,Cataluña,CA,FALSE,diaridegirona,Diari de Girona,FALSE,https://www.diaridegirona.cat/comarques/porqueres/,FALSE,
Port de la Selva,CA0073,14/07/2025,Cataluña,CA,FALSE,diaridegirona,Diari de Girona,FALSE,https://www.diaridegirona.cat/alt-emporda/port-de-la-selva/,FALSE,
Portbou,CA0074,14/07/2025,Cataluña,CA,FALSE,diaridegirona,Diari de Girona,FALSE,https://www.diaridegirona.cat/alt-emporda/portbou/,FALSE,
Puig-reig,CA0075,14/07/2025,Cataluña,CA,FALSE,regio7,Regio 7,FALSE,https://www.regio7.cat/bergueda/puig-reig/,FALSE,
Puigcerdà,CA0076,14/07/2025,Cataluña,CA,FALSE,diaridegirona,Diari de Girona,FALSE,https://www.diaridegirona.cat/comarques/puigcerda/,FALSE,
Puigcerdà,CA0077,14/07/2025,Cataluña,CA,FALSE,regio7,Regio 7,TRUE,https://www.regio7.cat/cerdanya-alt-urgell/puigcerda/,FALSE,
Reus,CA0078,14/07/2025,Cataluña,CA,FALSE,elperiodicodecatalunya,El Periódico,FALSE,https://www.elperiodico.com/es/catalunya/reus/,FALSE,
Ripoll,CA0079,14/07/2025,Cataluña,CA,FALSE,diaridegirona,Diari de Girona,FALSE,https://www.diaridegirona.cat/comarques/ripoll/,FALSE,
Roses,CA0080,14/07/2025,Cataluña,CA,FALSE,diaridegirona,Diari de Girona,TRUE,https://www.diaridegirona.cat/alt-emporda/roses/,FALSE,
Roses,CA0081,14/07/2025,Cataluña,CA,TRUE,emporda,Empordà,TRUE,https://www.emporda.info/comarca/roses/,FALSE,
Rubí,CA0082,23/07/2025,Cataluña,CA,TRUE,elperiodicodecatalunya,El Periódico,TRUE,https://www.elperiodico.com/es/barcelona/rubi/,FALSE,
Sabadell,CA0083,23/07/2025,Cataluña,CA,TRUE,elperiodicodecatalunya,El Periódico,TRUE,https://www.elperiodico.com/es/barcelona/sabadell/,FALSE,
Sallent,CA0084,14/07/2025,Cataluña,CA,FALSE,regio7,Regio 7,FALSE,https://www.regio7.cat/bages/sallent/,FALSE,
Salt,CA0085,14/07/2025,Cataluña,CA,FALSE,diaridegirona,Diari de Girona,TRUE,https://www.diaridegirona.cat/girona/salt/,FALSE,
San Boi,CA0086,23/07/2025,Cataluña,CA,TRUE,elperiodicodecatalunya,El Periódico,TRUE,https://www.elperiodico.com/es/barcelona/sant-boi/,FALSE,
Sant Cugat,CA0088,23/07/2025,Cataluña,CA,FALSE,elperiodicodecatalunya,El Periódico,TRUE,https://www.elperiodico.com/es/barcelona/sant-cugat/,FALSE,
Sant Feliu de Guíxols,CA0089,14/07/2025,Cataluña,CA,FALSE,diaridegirona,Diari de Girona,TRUE,https://www.diaridegirona.cat/baix-emporda/sant-feliu-de-guixols/,FALSE,
Sant Fruitós de Bages,CA0090,14/07/2025,Cataluña,CA,FALSE,regio7,Regio 7,TRUE,https://www.regio7.cat/bages/sant-fruitos-de-bages/,FALSE,
Sant Gregori,CA0091,14/07/2025,Cataluña,CA,FALSE,diaridegirona,Diari de Girona,FALSE,https://www.diaridegirona.cat/comarques/sant-gregori/,FALSE,
Sant Joan de les Abadesses,CA0092,14/07/2025,Cataluña,CA,FALSE,diaridegirona,Diari de Girona,FALSE,https://www.diaridegirona.cat/comarques/sant-joan-de-les-abadesses/,FALSE,
Sant Joan de Vilatorrada,CA0093,14/07/2025,Cataluña,CA,FALSE,regio7,Regio 7,TRUE,https://www.regio7.cat/bages/sant-joan-de-vilatorrada/,FALSE,
Sant Joan les Fonts,CA0094,14/07/2025,Cataluña,CA,FALSE,diaridegirona,Diari de Girona,FALSE,https://www.diaridegirona.cat/comarques/sant-joan-les-fonts/,FALSE,
Sant Julià de Ramis,CA0095,14/07/2025,Cataluña,CA,FALSE,diaridegirona,Diari de Girona,FALSE,https://www.diaridegirona.cat/comarques/sant-julia-de-ramis/,FALSE,
Sant Llorenç de Morunys,CA0096,14/07/2025,Cataluña,CA,FALSE,regio7,Regio 7,TRUE,https://www.regio7.cat/solsones/sant-llorenc-de-morunys/,FALSE,
Sant Pere Pescador,CA0097,14/07/2025,Cataluña,CA,FALSE,diaridegirona,Diari de Girona,FALSE,https://www.diaridegirona.cat/alt-emporda/sant-pere-pescador/,FALSE,
Sant Vicenç de Castellet,CA0098,14/07/2025,Cataluña,CA,FALSE,regio7,Regio 7,FALSE,https://www.regio7.cat/bages/sant-vicenc-de-castellet/,FALSE,
Santa Coloma,CA0099,23/07/2025,Cataluña,CA,FALSE,elperiodicodecatalunya,El Periódico,TRUE,https://www.elperiodico.com/es/barcelona/santa-coloma/,FALSE,
Santa Coloma de Farners,CA0100,14/07/2025,Cataluña,CA,FALSE,diaridegirona,Diari de Girona,FALSE,https://www.diaridegirona.cat/selva/santa-coloma-de-farners/,FALSE,
Santa Cristina d'Aro,CA0101,14/07/2025,Cataluña,CA,FALSE,diaridegirona,Diari de Girona,FALSE,https://www.diaridegirona.cat/baix-emporda/santa-cristina-daro/,FALSE,
Santpedor,CA0102,14/07/2025,Cataluña,CA,FALSE,regio7,Regio 7,FALSE,https://www.regio7.cat/bages/santpedor/,FALSE,
Sarrià de Ter,CA0103,14/07/2025,Cataluña,CA,FALSE,diaridegirona,Diari de Girona,FALSE,https://www.diaridegirona.cat/girona/sarria-de-ter/,FALSE,
Solsona,CA0104,14/07/2025,Cataluña,CA,FALSE,regio7,Regio 7,TRUE,https://www.regio7.cat/solsones/solsona/,FALSE,
Súria,CA0105,14/07/2025,Cataluña,CA,FALSE,regio7,Regio 7,FALSE,https://www.regio7.cat/bages/suria/,FALSE,
Tarragona,CA0106,14/07/2025,Cataluña,CA,TRUE,elperiodicodecatalunya,El Periódico,TRUE,https://www.elperiodico.com/es/tarragona/,FALSE,
Terrassa,CA0107,23/07/2025,Cataluña,CA,FALSE,elperiodicodecatalunya,El Periódico,TRUE,https://www.elperiodico.com/es/barcelona/terrasa/,FALSE,
Torroella de Montgrí,CA0108,14/07/2025,Cataluña,CA,FALSE,diaridegirona,Diari de Girona,FALSE,https://www.diaridegirona.cat/baix-emporda/torroella-de-montgri/,FALSE,
Tossa de Mar,CA0110,14/07/2025,Cataluña,CA,FALSE,diaridegirona,Diari de Girona,FALSE,https://www.diaridegirona.cat/selva/tossa-de-mar/,FALSE,
Vidreres,CA0112,14/07/2025,Cataluña,CA,FALSE,diaridegirona,Diari de Girona,FALSE,https://www.diaridegirona.cat/selva/vidreres/,FALSE,
Viladecans,CA0113,23/07/2025,Cataluña,CA,TRUE,elperiodicodecatalunya,El Periódico,TRUE,https://www.elperiodico.com/es/barcelona/viladecans/,FALSE,
Vilafant,CA0114,14/07/2025,Cataluña,CA,FALSE,diaridegirona,Diari de Girona,FALSE,https://www.diaridegirona.cat/alt-emporda/vilafant/,FALSE,
Vilafant,CA0115,14/07/2025,Cataluña,CA,FALSE,emporda,Empordà,TRUE,https://www.emporda.info/tags/vilafant/,FALSE,
Vilanova i la Geltrú,CA0116,14/07/2025,Cataluña,CA,FALSE,elperiodicodecatalunya,El Periódico,TRUE,https://www.elperiodico.com/es/vilanova-i-la-geltru/,FALSE,
Alcalá de Henares,MAD0001,14/07/2025,Comunidad de Madrid,MAD,TRUE,elperiodicodeespana,El Periódico de España,TRUE,https://www.epe.es/es/madrid/alcala-de-henares/,FALSE,
Arganzuela,MAD0002,14/07/2025,Comunidad de Madrid,MAD,TRUE,elperiodicodeespana,El Periódico de España,TRUE,https://www.epe.es/es/madrid/arganzuela/,FALSE,
Carabanchel,MAD0003,14/07/2025,Comunidad de Madrid,MAD,TRUE,elperiodicodeespana,El Periódico de España,TRUE,https://www.epe.es/es/madrid/carabanchel/,FALSE,
Latina,MAD0004,14/07/2025,Comunidad de Madrid,MAD,TRUE,elperiodicodeespana,El Periódico de España,TRUE,https://www.epe.es/es/madrid/latina/,FALSE,
Media Principal,MAD0006,14/07/2025,Comunidad de Madrid,MAD,FALSE,elperiodicodeespana,El Periódico de España,FALSE,https://www.epe.es/es/madrid/,FALSE,
Pozuelo de Alarcón,MAD0007,14/07/2025,Comunidad de Madrid,MAD,TRUE,elperiodicodeespana,El Periódico de España,TRUE,https://www.epe.es/es/madrid/pozuelo-de-alarcon/,FALSE,
Toledo,MAD0008,14/07/2025,Comunidad de Madrid,MAD,TRUE,elperiodicodeespana,El Periódico de España,TRUE,https://www.epe.es/es/toledo/,FALSE,
Ademuz,VC0001,14/07/2025,Comunidad Valenciana,VC,FALSE,levanteemv,Levante-El Mercantil Valenciano,FALSE,https://www.levante-emv.com/comarcas/ademuz/,FALSE,
Agost,VC0002,14/07/2025,Comunidad Valenciana,VC,FALSE,informacion,Información,FALSE,https://www.informacion.es/alacanti/agost/,FALSE,
Aielo de Malferit,VC0003,14/07/2025,Comunidad Valenciana,VC,FALSE,levanteemv,Levante-El Mercantil Valenciano,FALSE,https://www.levante-emv.com/costera/aielo-de-malferit/,FALSE,
Alacante/Alacant,VC0004,23/07/2025,Comunidad Valenciana,VC,FALSE,informacion,Información,TRUE,https://www.informacion.es/alicante/,FALSE,
Alacantí,VC0005,14/07/2025,Comunidad Valenciana,VC,FALSE,informacion,Información,FALSE,https://www.informacion.es/alacanti/,FALSE,
Alaquàs,VC0006,14/07/2025,Comunidad Valenciana,VC,FALSE,levanteemv,Levante-El Mercantil Valenciano,FALSE,https://www.levante-emv.com/horta/alaquas/,FALSE,
Albal,VC0007,14/07/2025,Comunidad Valenciana,VC,FALSE,levanteemv,Levante-El Mercantil Valenciano,FALSE,https://www.levante-emv.com/horta/albal/,FALSE,
Albatera,VC0008,14/07/2025,Comunidad Valenciana,VC,FALSE,informacion,Información,FALSE,https://www.informacion.es/vega-baja/albatera/,FALSE,
Alberic,VC0009,14/07/2025,Comunidad Valenciana,VC,FALSE,levanteemv,Levante-El Mercantil Valenciano,FALSE,https://www.levante-emv.com/ribera/alberic/,FALSE,
Albocasser,VC0010,14/07/2025,Comunidad Valenciana,VC,FALSE,elperiodicomediterraneo,El Periódico del Mediterráneo,FALSE,https://www.elperiodicomediterraneo.com/castello/albocasser/,FALSE,
Alcala de Xivert,VC0011,14/07/2025,Comunidad Valenciana,VC,FALSE,elperiodicomediterraneo,El Periódico del Mediterráneo,FALSE,https://www.elperiodicomediterraneo.com/castello/alcala-de-xivert/,FALSE,
Alcalà de Xivert,VC0012,14/07/2025,Comunidad Valenciana,VC,FALSE,levanteemv,Levante-El Mercantil Valenciano,FALSE,https://www.levante-emv.com/castello/alcala-de-xivert/,FALSE,
Alcoy/Alcoi,VC0013,23/07/2025,Comunidad Valenciana,VC,FALSE,informacion,Información,TRUE,https://www.informacion.es/alcoy/,FALSE,
Alcudia de Veo,VC0014,14/07/2025,Comunidad Valenciana,VC,FALSE,elperiodicomediterraneo,El Periódico del Mediterráneo,FALSE,https://www.elperiodicomediterraneo.com/castello/alcudia-de-veo/,FALSE,
Aldaia,VC0015,14/07/2025,Comunidad Valenciana,VC,FALSE,levanteemv,Levante-El Mercantil Valenciano,TRUE,https://www.levante-emv.com/horta/aldaia/,FALSE,
Alfafar,VC0016,14/07/2025,Comunidad Valenciana,VC,FALSE,levanteemv,Levante-El Mercantil Valenciano,FALSE,https://www.levante-emv.com/horta/alfafar/,FALSE,
Alfondeguilla,VC0017,14/07/2025,Comunidad Valenciana,VC,FALSE,elperiodicomediterraneo,El Periódico del Mediterráneo,FALSE,https://www.elperiodicomediterraneo.com/castello/alfondeguilla/,FALSE,
Algemesi,VC0018,14/07/2025,Comunidad Valenciana,VC,FALSE,levanteemv,Levante-El Mercantil Valenciano,FALSE,https://www.levante-emv.com/ribera/algemesi/,FALSE,
Algimia de Almomacid,VC0019,14/07/2025,Comunidad Valenciana,VC,FALSE,elperiodicomediterraneo,El Periódico del Mediterráneo,FALSE,https://www.elperiodicomediterraneo.com/castello/algimia-de-almomacid/,FALSE,
Alginet,VC0020,14/07/2025,Comunidad Valenciana,VC,FALSE,levanteemv,Levante-El Mercantil Valenciano,FALSE,https://www.levante-emv.com/ribera/alginet/,FALSE,
Almassora,VC0021,14/07/2025,Comunidad Valenciana,VC,FALSE,elperiodicomediterraneo,El Periódico del Mediterráneo,TRUE,https://www.elperiodicomediterraneo.com/castello/almassora/,FALSE,
Almenara,VC0022,14/07/2025,Comunidad Valenciana,VC,FALSE,elperiodicomediterraneo,El Periódico del Mediterráneo,FALSE,https://www.elperiodicomediterraneo.com/castello/almenara/,FALSE,
Almenara,VC0023,14/07/2025,Comunidad Valenciana,VC,TRUE,levanteemv,Levante-El Mercantil Valenciano,FALSE,https://www.levante-emv.com/castello/almenara/,FALSE,
Almoradí,VC0024,14/07/2025,Comunidad Valenciana,VC,FALSE,informacion,Información,FALSE,https://www.informacion.es/vega-baja/almoradi/,FALSE,
Almussafes,VC0025,14/07/2025,Comunidad Valenciana,VC,FALSE,levanteemv,Levante-El Mercantil Valenciano,FALSE,https://www.levante-emv.com/ribera/almussafes/,FALSE,
Altea,VC0026,14/07/2025,Comunidad Valenciana,VC,FALSE,informacion,Información,FALSE,https://www.informacion.es/benidorm/altea/,FALSE,
Altura,VC0027,14/07/2025,Comunidad Valenciana,VC,FALSE,elperiodicomediterraneo,El Periódico del Mediterráneo,FALSE,https://www.elperiodicomediterraneo.com/castello/altura/,FALSE,
Alzira,VC0028,14/07/2025,Comunidad Valenciana,VC,FALSE,levanteemv,Levante-El Mercantil Valenciano,TRUE,https://www.levante-emv.com/ribera/alzira/,FALSE,
Arañuel,VC0029,14/07/2025,Comunidad Valenciana,VC,FALSE,elperiodicomediterraneo,El Periódico del Mediterráneo,FALSE,https://www.elperiodicomediterraneo.com/castello/aranuel/,FALSE,
Ares del Maestrat,VC0030,14/07/2025,Comunidad Valenciana,VC,FALSE,elperiodicomediterraneo,El Periódico del Mediterráneo,FALSE,https://www.elperiodicomediterraneo.com/castello/ares-del-maestrat/,FALSE,
Artana,VC0031,14/07/2025,Comunidad Valenciana,VC,FALSE,elperiodicomediterraneo,El Periódico del Mediterráneo,FALSE,https://www.elperiodicomediterraneo.com/castello/artana/,FALSE,
Aspe,VC0032,14/07/2025,Comunidad Valenciana,VC,FALSE,informacion,Información,FALSE,https://www.informacion.es/elda/aspe/,FALSE,
Ayódar,VC0033,14/07/2025,Comunidad Valenciana,VC,FALSE,elperiodicomediterraneo,El Periódico del Mediterráneo,FALSE,https://www.elperiodicomediterraneo.com/castello/ayodar/,FALSE,
Ayora,VC0034,14/07/2025,Comunidad Valenciana,VC,FALSE,levanteemv,Levante-El Mercantil Valenciano,FALSE,https://www.levante-emv.com/comarcas/ayora/,FALSE,
Azuébar,VC0035,14/07/2025,Comunidad Valenciana,VC,FALSE,elperiodicomediterraneo,El Periódico del Mediterráneo,FALSE,https://www.elperiodicomediterraneo.com/castello/azuebar/,FALSE,
Baix Vinalopó,VC0036,14/07/2025,Comunidad Valenciana,VC,FALSE,informacion,Información,FALSE,https://www.informacion.es/baix-vinalopo/,FALSE,
Barracas,VC0037,14/07/2025,Comunidad Valenciana,VC,FALSE,elperiodicomediterraneo,El Periódico del Mediterráneo,FALSE,https://www.elperiodicomediterraneo.com/castello/barracas/,FALSE,
Bejís,VC0038,14/07/2025,Comunidad Valenciana,VC,FALSE,elperiodicomediterraneo,El Periódico del Mediterráneo,FALSE,https://www.elperiodicomediterraneo.com/castello/bejis/,FALSE,
Bellreguard,VC0039,14/07/2025,Comunidad Valenciana,VC,FALSE,levanteemv,Levante-El Mercantil Valenciano,FALSE,https://www.levante-emv.com/safor/bellreguard/,FALSE,
Benafigos,VC0040,14/07/2025,Comunidad Valenciana,VC,FALSE,elperiodicomediterraneo,El Periódico del Mediterráneo,FALSE,https://www.elperiodicomediterraneo.com/castello/benafigos/,FALSE,
Benaguasil,VC0041,14/07/2025,Comunidad Valenciana,VC,FALSE,levanteemv,Levante-El Mercantil Valenciano,FALSE,https://www.levante-emv.com/comarcas/benaguasil/,FALSE,
Benassal,VC0042,14/07/2025,Comunidad Valenciana,VC,FALSE,elperiodicomediterraneo,El Periódico del Mediterráneo,FALSE,https://www.elperiodicomediterraneo.com/castello/benassal/,FALSE,
Benejúzar,VC0043,14/07/2025,Comunidad Valenciana,VC,FALSE,informacion,Información,FALSE,https://www.informacion.es/vega-baja/benejuzar/,FALSE,
Benetússer,VC0044,14/07/2025,Comunidad Valenciana,VC,FALSE,levanteemv,Levante-El Mercantil Valenciano,FALSE,https://www.levante-emv.com/horta/benetusser/,FALSE,
Benicarló,VC0045,14/07/2025,Comunidad Valenciana,VC,FALSE,elperiodicomediterraneo,El Periódico del Mediterráneo,TRUE,https://www.elperiodicomediterraneo.com/castello/benicarlo/,FALSE,
Benicarló,VC0046,14/07/2025,Comunidad Valenciana,VC,FALSE,levanteemv,Levante-El Mercantil Valenciano,FALSE,https://www.levante-emv.com/castello/benicarlo/,FALSE,
Benicasim La Centinela,VC0047,14/07/2025,Comunidad Valenciana,VC,TRUE,elperiodicomediterraneo,El Periódico del Mediterráneo,TRUE,https://www.elperiodicomediterraneo.com/castello/benicassim/,FALSE,
Benicàssim,VC0048,14/07/2025,Comunidad Valenciana,VC,FALSE,levanteemv,Levante-El Mercantil Valenciano,FALSE,https://www.levante-emv.com/castello/benicassim/,FALSE,
Benidorm,VC0049,23/07/2025,Comunidad Valenciana,VC,FALSE,informacion,Información,TRUE,https://www.informacion.es/benidorm/,FALSE,
Benissa,VC0050,14/07/2025,Comunidad Valenciana,VC,FALSE,informacion,Información,FALSE,https://www.informacion.es/marina-alta/benissa/,FALSE,
Benissa,VC0051,14/07/2025,Comunidad Valenciana,VC,FALSE,levanteemv,Levante-El Mercantil Valenciano,FALSE,https://www.levante-emv.com/marina/benissa/,FALSE,
Benlloc,VC0052,14/07/2025,Comunidad Valenciana,VC,FALSE,elperiodicomediterraneo,El Periódico del Mediterráneo,FALSE,https://www.elperiodicomediterraneo.com/castello/benlloc/,FALSE,
Bétera,VC0053,14/07/2025,Comunidad Valenciana,VC,FALSE,levanteemv,Levante-El Mercantil Valenciano,FALSE,https://www.levante-emv.com/comarcas/betera/,FALSE,
Betxí,VC0054,14/07/2025,Comunidad Valenciana,VC,FALSE,elperiodicomediterraneo,El Periódico del Mediterráneo,FALSE,https://www.elperiodicomediterraneo.com/castello/betxi/,FALSE,
Betxí,VC0055,14/07/2025,Comunidad Valenciana,VC,FALSE,levanteemv,Levante-El Mercantil Valenciano,FALSE,https://www.levante-emv.com/castello/betxi/,FALSE,
Bigastro,VC0056,14/07/2025,Comunidad Valenciana,VC,FALSE,informacion,Información,FALSE,https://www.informacion.es/vega-baja/bigastro/,FALSE,
Bocairent,VC0057,14/07/2025,Comunidad Valenciana,VC,FALSE,levanteemv,Levante-El Mercantil Valenciano,FALSE,https://www.levante-emv.com/costera/bocairent/,FALSE,
Borriol,VC0058,14/07/2025,Comunidad Valenciana,VC,FALSE,elperiodicomediterraneo,El Periódico del Mediterráneo,FALSE,https://www.elperiodicomediterraneo.com/castello/borriol/,FALSE,
Buñol,VC0059,14/07/2025,Comunidad Valenciana,VC,FALSE,levanteemv,Levante-El Mercantil Valenciano,TRUE,https://www.levante-emv.com/comarcas/bunol/,FALSE,
Burjassot,VC0060,14/07/2025,Comunidad Valenciana,VC,FALSE,levanteemv,Levante-El Mercantil Valenciano,TRUE,https://www.levante-emv.com/horta/burjassot/,FALSE,
Burriana,VC0061,14/07/2025,Comunidad Valenciana,VC,FALSE,elperiodicomediterraneo,El Periódico del Mediterráneo,TRUE,https://www.elperiodicomediterraneo.com/castello/burriana/,FALSE,
Cabanes,VC0062,14/07/2025,Comunidad Valenciana,VC,FALSE,elperiodicomediterraneo,El Periódico del Mediterráneo,FALSE,https://www.elperiodicomediterraneo.com/castello/cabanes/,FALSE,
Càlig,VC0063,14/07/2025,Comunidad Valenciana,VC,FALSE,elperiodicomediterraneo,El Periódico del Mediterráneo,FALSE,https://www.elperiodicomediterraneo.com/castello/calig/,FALSE,
Callosa de Segura,VC0064,14/07/2025,Comunidad Valenciana,VC,FALSE,informacion,Información,FALSE,https://www.informacion.es/vega-baja/callosa-de-segura/,FALSE,
Calp,VC0065,14/07/2025,Comunidad Valenciana,VC,FALSE,informacion,Información,FALSE,https://www.informacion.es/marina-alta/calp/,FALSE,
Camp de Túria,VC0066,14/07/2025,Comunidad Valenciana,VC,TRUE,levanteemv,Levante-El Mercantil Valenciano,FALSE,https://www.levante-emv.com/comunitat-valenciana/camp-de-turia/,FALSE,
Canals,VC0067,14/07/2025,Comunidad Valenciana,VC,FALSE,levanteemv,Levante-El Mercantil Valenciano,FALSE,https://www.levante-emv.com/costera/canals/,FALSE,
Canet d'en Berenguer,VC0068,14/07/2025,Comunidad Valenciana,VC,FALSE,levanteemv,Levante-El Mercantil Valenciano,FALSE,https://www.levante-emv.com/morvedre/canet-d-en-berenguer/,FALSE,
Canet lo Roig,VC0069,14/07/2025,Comunidad Valenciana,VC,FALSE,elperiodicomediterraneo,El Periódico del Mediterráneo,FALSE,https://www.elperiodicomediterraneo.com/castello/canet-lo-roig/,FALSE,
Carcaixent,VC0070,14/07/2025,Comunidad Valenciana,VC,FALSE,levanteemv,Levante-El Mercantil Valenciano,FALSE,https://www.levante-emv.com/ribera/carcaixent/,FALSE,
Carlet,VC0071,14/07/2025,Comunidad Valenciana,VC,FALSE,levanteemv,Levante-El Mercantil Valenciano,FALSE,https://www.levante-emv.com/ribera/carlet/,FALSE,
Castalla,VC0072,14/07/2025,Comunidad Valenciana,VC,FALSE,informacion,Información,FALSE,https://www.informacion.es/alcoy/castalla/,FALSE,
Castell de Cabres,VC0073,14/07/2025,Comunidad Valenciana,VC,FALSE,elperiodicomediterraneo,El Periódico del Mediterráneo,FALSE,https://www.elperiodicomediterraneo.com/castello/castell-de-cabres/,FALSE,
Castellfort,VC0074,14/07/2025,Comunidad Valenciana,VC,FALSE,elperiodicomediterraneo,El Periódico del Mediterráneo,FALSE,https://www.elperiodicomediterraneo.com/castello/castellfort/,FALSE,
Castellnovo,VC0075,14/07/2025,Comunidad Valenciana,VC,FALSE,elperiodicomediterraneo,El Periódico del Mediterráneo,FALSE,https://www.elperiodicomediterraneo.com/castello/castellnovo/,FALSE,
Castelló,VC0076,14/07/2025,Comunidad Valenciana,VC,FALSE,elperiodicomediterraneo,El Periódico del Mediterráneo,TRUE,https://www.elperiodicomediterraneo.com/castello/,FALSE,
Castillo de la Villamalefa,VC0077,14/07/2025,Comunidad Valenciana,VC,FALSE,elperiodicomediterraneo,El Periódico del Mediterráneo,FALSE,https://www.elperiodicomediterraneo.com/castello/castillo-de-la-villamalefa/,FALSE,
Catarroja,VC0078,14/07/2025,Comunidad Valenciana,VC,FALSE,levanteemv,Levante-El Mercantil Valenciano,FALSE,https://www.levante-emv.com/horta/catarroja/,FALSE,
Catí,VC0079,14/07/2025,Comunidad Valenciana,VC,FALSE,elperiodicomediterraneo,El Periódico del Mediterráneo,FALSE,https://www.elperiodicomediterraneo.com/castello/cati/,FALSE,
Catral,VC0080,14/07/2025,Comunidad Valenciana,VC,FALSE,informacion,Información,FALSE,https://www.informacion.es/vega-baja/catral/,FALSE,
Cervera del Maestre,VC0081,14/07/2025,Comunidad Valenciana,VC,FALSE,elperiodicomediterraneo,El Periódico del Mediterráneo,FALSE,https://www.elperiodicomediterraneo.com/castello/cervera-del-maestre/,FALSE,
Cheste,VC0082,14/07/2025,Comunidad Valenciana,VC,FALSE,levanteemv,Levante-El Mercantil Valenciano,FALSE,https://www.levante-emv.com/comarcas/cheste/,FALSE,
Chiva,VC0083,14/07/2025,Comunidad Valenciana,VC,FALSE,levanteemv,Levante-El Mercantil Valenciano,FALSE,https://www.levante-emv.com/comarcas/chiva/,FALSE,
Cinctorres,VC0084,14/07/2025,Comunidad Valenciana,VC,FALSE,elperiodicomediterraneo,El Periódico del Mediterráneo,FALSE,https://www.elperiodicomediterraneo.com/castello/cinctorres/,FALSE,
Cirat,VC0085,14/07/2025,Comunidad Valenciana,VC,FALSE,elperiodicomediterraneo,El Periódico del Mediterráneo,FALSE,https://www.elperiodicomediterraneo.com/castello/cirat/,FALSE,
Cocentaina,VC0086,14/07/2025,Comunidad Valenciana,VC,FALSE,informacion,Información,FALSE,https://www.informacion.es/alcoy/cocentaina/,FALSE,
Cofrentes,VC0087,14/07/2025,Comunidad Valenciana,VC,FALSE,levanteemv,Levante-El Mercantil Valenciano,FALSE,https://www.levante-emv.com/comarcas/cofrentes/,FALSE,
Cox,VC0088,14/07/2025,Comunidad Valenciana,VC,FALSE,informacion,Información,FALSE,https://www.informacion.es/vega-baja/cox/,FALSE,
Crevillent,VC0089,14/07/2025,Comunidad Valenciana,VC,FALSE,informacion,Información,FALSE,https://www.informacion.es/baix-vinalopo/crevillent/,FALSE,
Culla,VC0090,14/07/2025,Comunidad Valenciana,VC,FALSE,elperiodicomediterraneo,El Periódico del Mediterráneo,FALSE,https://www.elperiodicomediterraneo.com/castello/culla/,FALSE,
Cullera,VC0091,14/07/2025,Comunidad Valenciana,VC,FALSE,levanteemv,Levante-El Mercantil Valenciano,TRUE,https://www.levante-emv.com/ribera/cullera/,FALSE,
Dénia,VC0092,14/07/2025,Comunidad Valenciana,VC,FALSE,informacion,Información,FALSE,https://www.informacion.es/marina-alta/denia/,FALSE,
Dénia,VC0093,14/07/2025,Comunidad Valenciana,VC,FALSE,levanteemv,Levante-El Mercantil Valenciano,FALSE,https://www.levante-emv.com/marina/denia/,FALSE,
El Camp de Morvedre,VC0094,14/07/2025,Comunidad Valenciana,VC,TRUE,levanteemv,Levante-El Mercantil Valenciano,FALSE,https://www.levante-emv.com/morvedre/,FALSE,
El Campello,VC0095,14/07/2025,Comunidad Valenciana,VC,FALSE,informacion,Información,TRUE,https://www.informacion.es/alacanti/el-campello/,FALSE,
El Poble Nou de Benitatxell,VC0096,14/07/2025,Comunidad Valenciana,VC,FALSE,levanteemv,Levante-El Mercantil Valenciano,FALSE,https://www.levante-emv.com/marina/el-poble-nou-de-benitatxell/,FALSE,
El Toro,VC0097,14/07/2025,Comunidad Valenciana,VC,FALSE,elperiodicomediterraneo,El Periódico del Mediterráneo,FALSE,https://www.elperiodicomediterraneo.com/castello/el-toro/,FALSE,
Elche/Elx,VC0098,23/07/2025,Comunidad Valenciana,VC,FALSE,informacion,Información,TRUE,https://www.informacion.es/elche/,FALSE,
Elda,VC0099,23/07/2025,Comunidad Valenciana,VC,FALSE,informacion,Información,TRUE,https://www.informacion.es/elda/,FALSE,
Enguera,VC0100,14/07/2025,Comunidad Valenciana,VC,FALSE,levanteemv,Levante-El Mercantil Valenciano,FALSE,https://www.levante-emv.com/costera/enguera/,FALSE,
Estivella,VC0101,14/07/2025,Comunidad Valenciana,VC,FALSE,levanteemv,Levante-El Mercantil Valenciano,FALSE,https://www.levante-emv.com/morvedre/estivella/,FALSE,
Fanzara,VC0102,14/07/2025,Comunidad Valenciana,VC,FALSE,elperiodicomediterraneo,El Periódico del Mediterráneo,FALSE,https://www.elperiodicomediterraneo.com/castello/fanzara/,FALSE,
Faura,VC0103,14/07/2025,Comunidad Valenciana,VC,FALSE,levanteemv,Levante-El Mercantil Valenciano,FALSE,https://www.levante-emv.com/morvedre/faura/,FALSE,
Figueroles,VC0104,14/07/2025,Comunidad Valenciana,VC,FALSE,elperiodicomediterraneo,El Periódico del Mediterráneo,FALSE,https://www.elperiodicomediterraneo.com/castello/figueroles/,FALSE,
Finestrat,VC0105,14/07/2025,Comunidad Valenciana,VC,FALSE,informacion,Información,FALSE,https://www.informacion.es/benidorm/finestrat/,FALSE,
Foios,VC0106,14/07/2025,Comunidad Valenciana,VC,FALSE,levanteemv,Levante-El Mercantil Valenciano,FALSE,https://www.levante-emv.com/horta/foios/,FALSE,
Forcall,VC0107,14/07/2025,Comunidad Valenciana,VC,FALSE,elperiodicomediterraneo,El Periódico del Mediterráneo,FALSE,https://www.elperiodicomediterraneo.com/castello/forcall/,FALSE,
Fuente la Reina,VC0108,14/07/2025,Comunidad Valenciana,VC,FALSE,elperiodicomediterraneo,El Periódico del Mediterráneo,FALSE,https://www.elperiodicomediterraneo.com/castello/fuente-la-reina/,FALSE,
Gaibiel,VC0109,14/07/2025,Comunidad Valenciana,VC,FALSE,elperiodicomediterraneo,El Periódico del Mediterráneo,FALSE,https://www.elperiodicomediterraneo.com/castello/gaibiel/,FALSE,
Gandia,VC0110,14/07/2025,Comunidad Valenciana,VC,FALSE,levanteemv,Levante-El Mercantil Valenciano,TRUE,https://www.levante-emv.com/safor/gandia/,FALSE,
Gata de Gorgos,VC0111,14/07/2025,Comunidad Valenciana,VC,FALSE,levanteemv,Levante-El Mercantil Valenciano,FALSE,https://www.levante-emv.com/marina/gata/,FALSE,
Geldo,VC0112,14/07/2025,Comunidad Valenciana,VC,FALSE,elperiodicomediterraneo,El Periódico del Mediterráneo,FALSE,https://www.elperiodicomediterraneo.com/castello/geldo/,FALSE,
Gilet,VC0113,14/07/2025,Comunidad Valenciana,VC,FALSE,levanteemv,Levante-El Mercantil Valenciano,FALSE,https://www.levante-emv.com/morvedre/gilet/,FALSE,
Godella,VC0114,14/07/2025,Comunidad Valenciana,VC,FALSE,levanteemv,Levante-El Mercantil Valenciano,FALSE,https://www.levante-emv.com/horta/godella/,FALSE,
Guardamar del Segura,VC0115,14/07/2025,Comunidad Valenciana,VC,FALSE,informacion,Información,FALSE,https://www.informacion.es/vega-baja/guardamar-del-segura/,FALSE,
Ibi,VC0116,14/07/2025,Comunidad Valenciana,VC,FALSE,informacion,Información,FALSE,https://www.informacion.es/alcoy/ibi/,FALSE,
Jávez/Xàbia,VC0117,14/07/2025,Comunidad Valenciana,VC,FALSE,informacion,Información,FALSE,https://www.informacion.es/marina-alta/xabia/,FALSE,
Jérica,VC0118,14/07/2025,Comunidad Valenciana,VC,FALSE,elperiodicomediterraneo,El Periódico del Mediterráneo,FALSE,https://www.elperiodicomediterraneo.com/castello/jerica/,FALSE,
L'Alcora,VC0119,14/07/2025,Comunidad Valenciana,VC,TRUE,elperiodicomediterraneo,El Periódico del Mediterráneo,TRUE,https://www.elperiodicomediterraneo.com/castello/lalcora/,FALSE,
L'Alcúdia,VC0120,14/07/2025,Comunidad Valenciana,VC,FALSE,levanteemv,Levante-El Mercantil Valenciano,FALSE,https://www.levante-emv.com/ribera/l-alcudia/,FALSE,
L'Alcúdia de Crespins,VC0121,14/07/2025,Comunidad Valenciana,VC,FALSE,levanteemv,Levante-El Mercantil Valenciano,FALSE,https://www.levante-emv.com/costera/l-alcudia-de-crespins/,FALSE,
L’Alfàs del Pi,VC0122,14/07/2025,Comunidad Valenciana,VC,FALSE,informacion,Información,FALSE,https://www.informacion.es/benidorm/l-alfas-del-pi/,FALSE,
L'Eliana,VC0123,14/07/2025,Comunidad Valenciana,VC,FALSE,levanteemv,Levante-El Mercantil Valenciano,FALSE,https://www.levante-emv.com/comarcas/l-eliana/,FALSE,
L’Horta,VC0124,14/07/2025,Comunidad Valenciana,VC,TRUE,levanteemv,Levante-El Mercantil Valenciano,FALSE,https://www.levante-emv.com/horta/,FALSE,
La Crónica de L'Alacantí,VC0125,14/07/2025,Comunidad Valenciana,VC,TRUE,informacion,Información,FALSE,https://www.informacion.es/la-cronica-de-alacanti/,FALSE,
La Font de la Figuera,VC0126,14/07/2025,Comunidad Valenciana,VC,FALSE,levanteemv,Levante-El Mercantil Valenciano,FALSE,https://www.levante-emv.com/costera/la-font-de-la-figuera/,FALSE,
La Jana,VC0127,14/07/2025,Comunidad Valenciana,VC,FALSE,elperiodicomediterraneo,El Periódico del Mediterráneo,FALSE,https://www.elperiodicomediterraneo.com/castello/la-jana/,FALSE,
La Llosa,VC0128,14/07/2025,Comunidad Valenciana,VC,FALSE,elperiodicomediterraneo,El Periódico del Mediterráneo,FALSE,https://www.elperiodicomediterraneo.com/castello/la-llosa/,FALSE,
La Llosa de Ranes,VC0129,14/07/2025,Comunidad Valenciana,VC,FALSE,levanteemv,Levante-El Mercantil Valenciano,FALSE,https://www.levante-emv.com/costera/la-llosa-de-ranes/,FALSE,
La Marina,VC0130,14/07/2025,Comunidad Valenciana,VC,TRUE,levanteemv,Levante-El Mercantil Valenciano,FALSE,https://www.levante-emv.com/marina/,FALSE,
La Mata,VC0131,14/07/2025,Comunidad Valenciana,VC,FALSE,elperiodicomediterraneo,El Periódico del Mediterráneo,FALSE,https://www.elperiodicomediterraneo.com/castello/la-mata/,FALSE,
La Nucia,VC0132,14/07/2025,Comunidad Valenciana,VC,FALSE,informacion,Información,FALSE,https://www.informacion.es/benidorm/la-nucia/,FALSE,
La Pobla de Benifassa,VC0133,14/07/2025,Comunidad Valenciana,VC,FALSE,elperiodicomediterraneo,El Periódico del Mediterráneo,FALSE,https://www.elperiodicomediterraneo.com/castello/la-pobla-de-benifassa/,FALSE,
La Pobla Tornesa,VC0134,14/07/2025,Comunidad Valenciana,VC,FALSE,elperiodicomediterraneo,El Periódico del Mediterráneo,FALSE,https://www.elperiodicomediterraneo.com/castello/la-pobla-tornesa/,FALSE,
La Ribera,VC0135,14/07/2025,Comunidad Valenciana,VC,TRUE,levanteemv,Levante-El Mercantil Valenciano,FALSE,https://www.levante-emv.com/ribera/,FALSE,
La Safor,VC0136,14/07/2025,Comunidad Valenciana,VC,TRUE,levanteemv,Levante-El Mercantil Valenciano,FALSE,https://www.levante-emv.com/safor/,FALSE,
La Salzadella,VC0137,14/07/2025,Comunidad Valenciana,VC,FALSE,elperiodicomediterraneo,El Periódico del Mediterráneo,FALSE,https://www.elperiodicomediterraneo.com/castello/la-salzadella/,FALSE,
La Serra d'en Galceran,VC0138,14/07/2025,Comunidad Valenciana,VC,FALSE,elperiodicomediterraneo,El Periódico del Mediterráneo,FALSE,https://www.elperiodicomediterraneo.com/castello/la-serra-den-galceran/,FALSE,
La Todolella,VC0139,14/07/2025,Comunidad Valenciana,VC,FALSE,elperiodicomediterraneo,El Periódico del Mediterráneo,FALSE,https://www.elperiodicomediterraneo.com/castello/la-todolella/,FALSE,
La Vall d'Uixó,VC0140,14/07/2025,Comunidad Valenciana,VC,TRUE,elperiodicomediterraneo,El Periódico del Mediterráneo,TRUE,https://www.elperiodicomediterraneo.com/castello/la-vall-duixo/,FALSE,
La Vila Joiosa,VC0141,14/07/2025,Comunidad Valenciana,VC,FALSE,informacion,Información,FALSE,https://www.informacion.es/benidorm/la-vila-joiosa/,FALSE,
La Vilavella,VC0142,14/07/2025,Comunidad Valenciana,VC,FALSE,elperiodicomediterraneo,El Periódico del Mediterráneo,FALSE,https://www.elperiodicomediterraneo.com/castello/la-vilavella/,FALSE,
Les Alqueries,VC0143,14/07/2025,Comunidad Valenciana,VC,FALSE,elperiodicomediterraneo,El Periódico del Mediterráneo,FALSE,https://www.elperiodicomediterraneo.com/castello/les-alqueries/,FALSE,
Les Coves de Vinroma,VC0144,14/07/2025,Comunidad Valenciana,VC,FALSE,elperiodicomediterraneo,El Periódico del Mediterráneo,FALSE,https://www.elperiodicomediterraneo.com/castello/les-coves-de-vinroma/,FALSE,
Les Useres,VC0145,14/07/2025,Comunidad Valenciana,VC,FALSE,elperiodicomediterraneo,El Periódico del Mediterráneo,FALSE,https://www.elperiodicomediterraneo.com/castello/les-useres/,FALSE,
Llíria,VC0146,14/07/2025,Comunidad Valenciana,VC,FALSE,levanteemv,Levante-El Mercantil Valenciano,TRUE,https://www.levante-emv.com/comarcas/lliria/,FALSE,
Llucena,VC0147,14/07/2025,Comunidad Valenciana,VC,FALSE,elperiodicomediterraneo,El Periódico del Mediterráneo,FALSE,https://www.elperiodicomediterraneo.com/castello/llucena/,FALSE,
Los Barrios de Alicante,VC0148,14/07/2025,Comunidad Valenciana,VC,TRUE,informacion,Información,FALSE,https://www.informacion.es/la-cronica-barrios-alicante/,FALSE,
Ludiente,VC0149,14/07/2025,Comunidad Valenciana,VC,FALSE,elperiodicomediterraneo,El Periódico del Mediterráneo,FALSE,https://www.elperiodicomediterraneo.com/castello/ludiente/,FALSE,
Manises,VC0150,14/07/2025,Comunidad Valenciana,VC,FALSE,levanteemv,Levante-El Mercantil Valenciano,FALSE,https://www.levante-emv.com/horta/manises/,FALSE,
Marina Alta,VC0151,14/07/2025,Comunidad Valenciana,VC,FALSE,informacion,Información,FALSE,https://www.informacion.es/marina-alta/,FALSE,
Massamagrell,VC0152,14/07/2025,Comunidad Valenciana,VC,FALSE,levanteemv,Levante-El Mercantil Valenciano,FALSE,https://www.levante-emv.com/horta/massamagrell/,FALSE,
Matet,VC0153,14/07/2025,Comunidad Valenciana,VC,FALSE,elperiodicomediterraneo,El Periódico del Mediterráneo,FALSE,https://www.elperiodicomediterraneo.com/castello/matet/,FALSE,
Media Principal,VC0154,14/07/2025,Comunidad Valenciana,VC,FALSE,elperiodicomediterraneo,El Periódico del Mediterráneo,TRUE,,TRUE,https://www.elperiodicomediterraneo.com/municipios.html
Media Principal,VC0155,14/07/2025,Comunidad Valenciana,VC,FALSE,informacion,Información,TRUE,,TRUE,https://www.informacion.es/municipios.html
Media Principal,VC0156,14/07/2025,Comunidad Valenciana,VC,FALSE,levanteemv,Levante-El Mercantil Valenciano,TRUE,,TRUE,https://www.levante-emv.com/municipios.html
Mislata,VC0157,14/07/2025,Comunidad Valenciana,VC,FALSE,levanteemv,Levante-El Mercantil Valenciano,TRUE,https://www.levante-emv.com/horta/mislata/,FALSE,
Moixent,VC0158,14/07/2025,Comunidad Valenciana,VC,FALSE,levanteemv,Levante-El Mercantil Valenciano,FALSE,https://www.levante-emv.com/costera/moixent/,FALSE,
Moncada,VC0159,14/07/2025,Comunidad Valenciana,VC,FALSE,levanteemv,Levante-El Mercantil Valenciano,FALSE,https://www.levante-emv.com/horta/moncada/,FALSE,
Moncofa,VC0160,14/07/2025,Comunidad Valenciana,VC,TRUE,elperiodicomediterraneo,El Periódico del Mediterráneo,FALSE,https://www.elperiodicomediterraneo.com/castello/moncofa/,FALSE,
Moncofa,VC0161,14/07/2025,Comunidad Valenciana,VC,FALSE,levanteemv,Levante-El Mercantil Valenciano,FALSE,https://www.levante-emv.com/castello/moncofa/,FALSE,
Monforte del Cid,VC0162,14/07/2025,Comunidad Valenciana,VC,FALSE,informacion,Información,FALSE,https://www.informacion.es/elda/monforte-del-cid/,FALSE,
Monóvar,VC0163,14/07/2025,Comunidad Valenciana,VC,FALSE,informacion,Información,FALSE,https://www.informacion.es/elda/monovar/,FALSE,
Montan,VC0164,14/07/2025,Comunidad Valenciana,VC,FALSE,elperiodicomediterraneo,El Periódico del Mediterráneo,FALSE,https://www.elperiodicomediterraneo.com/castello/montan/,FALSE,
Montanejos,VC0165,14/07/2025,Comunidad Valenciana,VC,FALSE,elperiodicomediterraneo,El Periódico del Mediterráneo,FALSE,https://www.elperiodicomediterraneo.com/castello/montanejos/,FALSE,
Montesa,VC0166,14/07/2025,Comunidad Valenciana,VC,FALSE,levanteemv,Levante-El Mercantil Valenciano,FALSE,https://www.levante-emv.com/costera/montesa/,FALSE,
Montserrat,VC0167,14/07/2025,Comunidad Valenciana,VC,FALSE,levanteemv,Levante-El Mercantil Valenciano,FALSE,https://www.levante-emv.com/ribera/montserrat/,FALSE,
Morella,VC0168,14/07/2025,Comunidad Valenciana,VC,FALSE,elperiodicomediterraneo,El Periódico del Mediterráneo,FALSE,https://www.elperiodicomediterraneo.com/castello/morella/,FALSE,
Mutxamel,VC0169,14/07/2025,Comunidad Valenciana,VC,FALSE,informacion,Información,FALSE,https://www.informacion.es/alacanti/mutxamel/,FALSE,
Nàquera,VC0170,14/07/2025,Comunidad Valenciana,VC,FALSE,levanteemv,Levante-El Mercantil Valenciano,FALSE,https://www.levante-emv.com/comarcas/naquera/,FALSE,
Navajas,VC0171,14/07/2025,Comunidad Valenciana,VC,FALSE,elperiodicomediterraneo,El Periódico del Mediterráneo,FALSE,https://www.elperiodicomediterraneo.com/castello/navajas/,FALSE,
Navarrés,VC0172,14/07/2025,Comunidad Valenciana,VC,FALSE,levanteemv,Levante-El Mercantil Valenciano,FALSE,https://www.levante-emv.com/costera/navarres/,FALSE,
Novelda,VC0173,14/07/2025,Comunidad Valenciana,VC,FALSE,informacion,Información,FALSE,https://www.informacion.es/elda/novelda/,FALSE,
Nules,VC0174,14/07/2025,Comunidad Valenciana,VC,TRUE,elperiodicomediterraneo,El Periódico del Mediterráneo,TRUE,https://www.elperiodicomediterraneo.com/castello/nules/,FALSE,
Olocau del Rey,VC0175,14/07/2025,Comunidad Valenciana,VC,FALSE,elperiodicomediterraneo,El Periódico del Mediterráneo,FALSE,https://www.elperiodicomediterraneo.com/castello/olocau-del-rey/,FALSE,
Onda,VC0176,14/07/2025,Comunidad Valenciana,VC,FALSE,elperiodicomediterraneo,El Periódico del Mediterráneo,TRUE,https://www.elperiodicomediterraneo.com/castello/onda/,FALSE,
Onda,VC0177,14/07/2025,Comunidad Valenciana,VC,FALSE,levanteemv,Levante-El Mercantil Valenciano,FALSE,https://www.levante-emv.com/castello/onda/,FALSE,
Ondara,VC0178,14/07/2025,Comunidad Valenciana,VC,FALSE,informacion,Información,FALSE,https://www.informacion.es/marina-alta/ondara/,FALSE,
Ondara,VC0179,14/07/2025,Comunidad Valenciana,VC,FALSE,levanteemv,Levante-El Mercantil Valenciano,FALSE,https://www.levante-emv.com/marina/ondara/,FALSE,
Onil,VC0180,14/07/2025,Comunidad Valenciana,VC,FALSE,informacion,Información,FALSE,https://www.informacion.es/alcoy/onil/,FALSE,
Ontinyent,VC0181,14/07/2025,Comunidad Valenciana,VC,FALSE,levanteemv,Levante-El Mercantil Valenciano,TRUE,https://www.levante-emv.com/costera/ontinyent/,FALSE,
Orihuela,VC0182,14/07/2025,Comunidad Valenciana,VC,FALSE,informacion,Información,TRUE,https://www.informacion.es/vega-baja/orihuela/,FALSE,
Oropesa,VC0183,14/07/2025,Comunidad Valenciana,VC,FALSE,elperiodicomediterraneo,El Periódico del Mediterráneo,FALSE,https://www.elperiodicomediterraneo.com/castello/oropesa/,FALSE,
Orpesa,VC0184,14/07/2025,Comunidad Valenciana,VC,FALSE,levanteemv,Levante-El Mercantil Valenciano,FALSE,https://www.levante-emv.com/castello/orpesa/,FALSE,
Paiporta,VC0185,14/07/2025,Comunidad Valenciana,VC,FALSE,levanteemv,Levante-El Mercantil Valenciano,FALSE,https://www.levante-emv.com/horta/paiporta/,FALSE,
Palanques,VC0186,14/07/2025,Comunidad Valenciana,VC,FALSE,elperiodicomediterraneo,El Periódico del Mediterráneo,FALSE,https://www.elperiodicomediterraneo.com/castello/palanques/,FALSE,
Paterna,VC0187,14/07/2025,Comunidad Valenciana,VC,FALSE,levanteemv,Levante-El Mercantil Valenciano,TRUE,https://www.levante-emv.com/horta/paterna/,FALSE,
Pedralba,VC0188,14/07/2025,Comunidad Valenciana,VC,FALSE,levanteemv,Levante-El Mercantil Valenciano,FALSE,https://www.levante-emv.com/comarcas/pedralba/,FALSE,
Pedreguer,VC0189,14/07/2025,Comunidad Valenciana,VC,FALSE,levanteemv,Levante-El Mercantil Valenciano,FALSE,https://www.levante-emv.com/marina/pedreguer/,FALSE,
Pego,VC0190,14/07/2025,Comunidad Valenciana,VC,FALSE,levanteemv,Levante-El Mercantil Valenciano,FALSE,https://www.levante-emv.com/marina/pego/,FALSE,
Peñíscola,VC0191,14/07/2025,Comunidad Valenciana,VC,FALSE,elperiodicomediterraneo,El Periódico del Mediterráneo,TRUE,https://www.elperiodicomediterraneo.com/castello/penyiscola/,FALSE,
Peñíscola,VC0192,14/07/2025,Comunidad Valenciana,VC,FALSE,levanteemv,Levante-El Mercantil Valenciano,FALSE,https://www.levante-emv.com/castello/peniscola/,FALSE,
Petrer,VC0193,14/07/2025,Comunidad Valenciana,VC,FALSE,informacion,Información,FALSE,https://www.informacion.es/elda/petrer/,FALSE,
Picanya,VC0194,14/07/2025,Comunidad Valenciana,VC,FALSE,levanteemv,Levante-El Mercantil Valenciano,FALSE,https://www.levante-emv.com/horta/picanya/,FALSE,
Picassent,VC0195,14/07/2025,Comunidad Valenciana,VC,FALSE,levanteemv,Levante-El Mercantil Valenciano,FALSE,https://www.levante-emv.com/horta/picassent/,FALSE,
Pilar De La Horadada,VC0196,14/07/2025,Comunidad Valenciana,VC,FALSE,informacion,Información,FALSE,https://www.informacion.es/vega-baja/pilar-de-la-horadada/,FALSE,
Pinoso,VC0197,14/07/2025,Comunidad Valenciana,VC,FALSE,informacion,Información,FALSE,https://www.informacion.es/elda/pinoso/,FALSE,
Portell,VC0198,14/07/2025,Comunidad Valenciana,VC,FALSE,elperiodicomediterraneo,El Periódico del Mediterráneo,FALSE,https://www.elperiodicomediterraneo.com/castello/portell/,FALSE,
Puçol,VC0199,14/07/2025,Comunidad Valenciana,VC,FALSE,levanteemv,Levante-El Mercantil Valenciano,FALSE,https://www.levante-emv.com/horta/pucol/,FALSE,
Quart de Poblet,VC0200,14/07/2025,Comunidad Valenciana,VC,FALSE,levanteemv,Levante-El Mercantil Valenciano,FALSE,https://www.levante-emv.com/horta/quart-de-poblet/,FALSE,
Requena,VC0201,14/07/2025,Comunidad Valenciana,VC,FALSE,levanteemv,Levante-El Mercantil Valenciano,TRUE,https://www.levante-emv.com/comarcas/requena/,FALSE,
Requena-Utiel,VC0202,14/07/2025,Comunidad Valenciana,VC,TRUE,levanteemv,Levante-El Mercantil Valenciano,FALSE,https://www.levante-emv.com/comunitat-valenciana/requena-utiel/,FALSE,
Riba-Roja de Túria,VC0203,14/07/2025,Comunidad Valenciana,VC,FALSE,levanteemv,Levante-El Mercantil Valenciano,TRUE,https://www.levante-emv.com/comarcas/riba-roja-de-turia/,FALSE,
Ribesalbes,VC0204,14/07/2025,Comunidad Valenciana,VC,FALSE,elperiodicomediterraneo,El Periódico del Mediterráneo,FALSE,https://www.elperiodicomediterraneo.com/castello/ribesalbes/,FALSE,
Rocafort,VC0205,14/07/2025,Comunidad Valenciana,VC,FALSE,levanteemv,Levante-El Mercantil Valenciano,FALSE,https://www.levante-emv.com/horta/rocafort/,FALSE,
Rojales,VC0206,14/07/2025,Comunidad Valenciana,VC,FALSE,informacion,Información,FALSE,https://www.informacion.es/vega-baja/rojales/,FALSE,
Rossell,VC0207,14/07/2025,Comunidad Valenciana,VC,FALSE,elperiodicomediterraneo,El Periódico del Mediterráneo,FALSE,https://www.elperiodicomediterraneo.com/castello/rossell/,FALSE,
Sagunt,VC0208,14/07/2025,Comunidad Valenciana,VC,FALSE,levanteemv,Levante-El Mercantil Valenciano,TRUE,https://www.levante-emv.com/morvedre/sagunt/,FALSE,
San Antonio de Benagéber,VC0209,14/07/2025,Comunidad Valenciana,VC,FALSE,levanteemv,Levante-El Mercantil Valenciano,FALSE,https://www.levante-emv.com/comarcas/san-antonio-de-benageber/,FALSE,
San Vicente del Raspeig,VC0210,14/07/2025,Comunidad Valenciana,VC,FALSE,informacion,Información,TRUE,https://www.informacion.es/alacanti/san-vicente-del-raspeig/,FALSE,
Sant Joan d’Alacant,VC0212,14/07/2025,Comunidad Valenciana,VC,FALSE,informacion,Información,TRUE,https://www.informacion.es/alacanti/sant-joan-d-alacant/,FALSE,
Sant Joan de Moro,VC0213,14/07/2025,Comunidad Valenciana,VC,FALSE,elperiodicomediterraneo,El Periódico del Mediterráneo,FALSE,https://www.elperiodicomediterraneo.com/castello/sant-joan-de-moro/,FALSE,
Sant Mateu,VC0214,14/07/2025,Comunidad Valenciana,VC,FALSE,elperiodicomediterraneo,El Periódico del Mediterráneo,FALSE,https://www.elperiodicomediterraneo.com/castello/sant-mateu/,FALSE,
Sant Rafael,VC0215,14/07/2025,Comunidad Valenciana,VC,FALSE,elperiodicomediterraneo,El Periódico del Mediterráneo,FALSE,https://www.elperiodicomediterraneo.com/castello/sant-rafael/,FALSE,
Santa Magdalena,VC0216,14/07/2025,Comunidad Valenciana,VC,FALSE,elperiodicomediterraneo,El Periódico del Mediterráneo,FALSE,https://www.elperiodicomediterraneo.com/castello/santa-magdalena/,FALSE,
Santa Pola,VC0217,14/07/2025,Comunidad Valenciana,VC,FALSE,informacion,Información,FALSE,https://www.informacion.es/baix-vinalopo/santa-pola/,FALSE,
Sax,VC0218,14/07/2025,Comunidad Valenciana,VC,FALSE,informacion,Información,FALSE,https://www.informacion.es/elda/sax/,FALSE,
Sedavi,VC0219,14/07/2025,Comunidad Valenciana,VC,FALSE,levanteemv,Levante-El Mercantil Valenciano,FALSE,https://www.levante-emv.com/horta/sedavi/,FALSE,
Segorbe,VC0220,14/07/2025,Comunidad Valenciana,VC,FALSE,elperiodicomediterraneo,El Periódico del Mediterráneo,TRUE,https://www.elperiodicomediterraneo.com/castello/segorbe/,FALSE,
Silla,VC0221,14/07/2025,Comunidad Valenciana,VC,FALSE,levanteemv,Levante-El Mercantil Valenciano,FALSE,https://www.levante-emv.com/horta/silla/,FALSE,
Sollana,VC0222,14/07/2025,Comunidad Valenciana,VC,FALSE,levanteemv,Levante-El Mercantil Valenciano,FALSE,https://www.levante-emv.com/ribera/sollana/,FALSE,
Soneja,VC0223,14/07/2025,Comunidad Valenciana,VC,FALSE,elperiodicomediterraneo,El Periódico del Mediterráneo,FALSE,https://www.elperiodicomediterraneo.com/castello/soneja/,FALSE,
Sorita,VC0224,14/07/2025,Comunidad Valenciana,VC,FALSE,elperiodicomediterraneo,El Periódico del Mediterráneo,FALSE,https://www.elperiodicomediterraneo.com/castello/sorita/,FALSE,
Sueca,VC0225,14/07/2025,Comunidad Valenciana,VC,FALSE,levanteemv,Levante-El Mercantil Valenciano,FALSE,https://www.levante-emv.com/ribera/sueca/,FALSE,
Suera,VC0226,14/07/2025,Comunidad Valenciana,VC,FALSE,elperiodicomediterraneo,El Periódico del Mediterráneo,FALSE,https://www.elperiodicomediterraneo.com/castello/suera/,FALSE,
Tales,VC0227,14/07/2025,Comunidad Valenciana,VC,FALSE,elperiodicomediterraneo,El Periódico del Mediterráneo,FALSE,https://www.elperiodicomediterraneo.com/castello/tales/,FALSE,
Tavernes de la Valldigna,VC0228,14/07/2025,Comunidad Valenciana,VC,FALSE,levanteemv,Levante-El Mercantil Valenciano,FALSE,https://www.levante-emv.com/safor/tavernes-de-la-valldigna/,FALSE,
Teresa,VC0229,14/07/2025,Comunidad Valenciana,VC,FALSE,elperiodicomediterraneo,El Periódico del Mediterráneo,FALSE,https://www.elperiodicomediterraneo.com/castello/teresa/,FALSE,
Teulada,VC0230,14/07/2025,Comunidad Valenciana,VC,FALSE,informacion,Información,FALSE,https://www.informacion.es/marina-alta/teulada-moraira/,FALSE,
Teulada,VC0231,14/07/2025,Comunidad Valenciana,VC,FALSE,levanteemv,Levante-El Mercantil Valenciano,FALSE,https://www.levante-emv.com/marina/teulada/,FALSE,
Tírig,VC0232,14/07/2025,Comunidad Valenciana,VC,FALSE,elperiodicomediterraneo,El Periódico del Mediterráneo,FALSE,https://www.elperiodicomediterraneo.com/castello/tirig/,FALSE,
Torás,VC0233,14/07/2025,Comunidad Valenciana,VC,FALSE,elperiodicomediterraneo,El Periódico del Mediterráneo,FALSE,https://www.elperiodicomediterraneo.com/castello/toras/,FALSE,
Torreblanca,VC0234,14/07/2025,Comunidad Valenciana,VC,FALSE,elperiodicomediterraneo,El Periódico del Mediterráneo,TRUE,https://www.elperiodicomediterraneo.com/castello/torreblanca/,FALSE,
Torreblanca,VC0235,14/07/2025,Comunidad Valenciana,VC,FALSE,levanteemv,Levante-El Mercantil Valenciano,FALSE,https://www.levante-emv.com/castello/torreblanca/,FALSE,
Torrent,VC0236,14/07/2025,Comunidad Valenciana,VC,FALSE,levanteemv,Levante-El Mercantil Valenciano,TRUE,https://www.levante-emv.com/horta/torrent/,FALSE,
Torrevieja,VC0237,14/07/2025,Comunidad Valenciana,VC,FALSE,informacion,Información,TRUE,https://www.informacion.es/vega-baja/torrevieja/,FALSE,
Traiguera,VC0238,14/07/2025,Comunidad Valenciana,VC,FALSE,elperiodicomediterraneo,El Periódico del Mediterráneo,FALSE,https://www.elperiodicomediterraneo.com/castello/traiguera/,FALSE,
Turís,VC0239,14/07/2025,Comunidad Valenciana,VC,FALSE,levanteemv,Levante-El Mercantil Valenciano,FALSE,https://www.levante-emv.com/ribera/turis/,FALSE,
Utiel,VC0240,14/07/2025,Comunidad Valenciana,VC,FALSE,levanteemv,Levante-El Mercantil Valenciano,FALSE,https://www.levante-emv.com/comarcas/utiel/,FALSE,
València,VC0241,14/07/2025,Comunidad Valenciana,VC,FALSE,levanteemv,Levante-El Mercantil Valenciano,TRUE,https://www.levante-emv.com/valencia/,FALSE,
Vall d'Alba,VC0242,14/07/2025,Comunidad Valenciana,VC,FALSE,elperiodicomediterraneo,El Periódico del Mediterráneo,FALSE,https://www.elperiodicomediterraneo.com/castello/vall-dalba/,FALSE,
Vallat,VC0243,14/07/2025,Comunidad Valenciana,VC,FALSE,elperiodicomediterraneo,El Periódico del Mediterráneo,FALSE,https://www.elperiodicomediterraneo.com/castello/vallat/,FALSE,
Vega Baja,VC0244,14/07/2025,Comunidad Valenciana,VC,FALSE,informacion,Información,FALSE,https://www.informacion.es/vega-baja/,FALSE,
Vila-Real,VC0245,23/07/2025,Comunidad Valenciana,VC,FALSE,elperiodicomediterraneo,El Periódico del Mediterráneo,TRUE,https://www.elperiodicomediterraneo.com/vilareal/,FALSE,
Vilafamés,VC0246,14/07/2025,Comunidad Valenciana,VC,FALSE,elperiodicomediterraneo,El Periódico del Mediterráneo,FALSE,https://www.elperiodicomediterraneo.com/castello/vilafames/,FALSE,
Vilafranca,VC0247,14/07/2025,Comunidad Valenciana,VC,FALSE,elperiodicomediterraneo,El Periódico del Mediterráneo,FALSE,https://www.elperiodicomediterraneo.com/castello/vilafranca/,FALSE,
Vilamarxant,VC0248,14/07/2025,Comunidad Valenciana,VC,FALSE,levanteemv,Levante-El Mercantil Valenciano,FALSE,https://www.levante-emv.com/comarcas/vilamarxant/,FALSE,
Villahermosa del Río,VC0249,14/07/2025,Comunidad Valenciana,VC,FALSE,elperiodicomediterraneo,El Periódico del Mediterráneo,FALSE,https://www.elperiodicomediterraneo.com/castello/villahermosa-del-rio/,FALSE,
Villamalur,VC0250,14/07/2025,Comunidad Valenciana,VC,FALSE,elperiodicomediterraneo,El Periódico del Mediterráneo,FALSE,https://www.elperiodicomediterraneo.com/castello/villamalur/,FALSE,
Villanueva de Viver,VC0251,14/07/2025,Comunidad Valenciana,VC,FALSE,elperiodicomediterraneo,El Periódico del Mediterráneo,FALSE,https://www.elperiodicomediterraneo.com/castello/villanueva-de-viver/,FALSE,
Villar del Arzobispo,VC0252,14/07/2025,Comunidad Valenciana,VC,FALSE,levanteemv,Levante-El Mercantil Valenciano,FALSE,https://www.levante-emv.com/comarcas/villar-del-arzobispo/,FALSE,
Villena,VC0253,14/07/2025,Comunidad Valenciana,VC,FALSE,informacion,Información,FALSE,https://www.informacion.es/elda/villena/,FALSE,
Villores,VC0254,14/07/2025,Comunidad Valenciana,VC,FALSE,elperiodicomediterraneo,El Periódico del Mediterráneo,FALSE,https://www.elperiodicomediterraneo.com/castello/villores/,FALSE,
Vinaròs,VC0255,14/07/2025,Comunidad Valenciana,VC,FALSE,elperiodicomediterraneo,El Periódico del Mediterráneo,TRUE,https://www.elperiodicomediterraneo.com/castello/vinaros/,FALSE,
Vinaròs,VC0256,14/07/2025,Comunidad Valenciana,VC,FALSE,levanteemv,Levante-El Mercantil Valenciano,FALSE,https://www.levante-emv.com/castello/vinaros/,FALSE,
Vistabella del Maestrat,VC0257,14/07/2025,Comunidad Valenciana,VC,FALSE,elperiodicomediterraneo,El Periódico del Mediterráneo,FALSE,https://www.elperiodicomediterraneo.com/castello/vistabella-del-maestrat/,FALSE,
Viver,VC0258,14/07/2025,Comunidad Valenciana,VC,FALSE,elperiodicomediterraneo,El Periódico del Mediterráneo,FALSE,https://www.elperiodicomediterraneo.com/castello/viver/,FALSE,
Xàbia,VC0259,14/07/2025,Comunidad Valenciana,VC,FALSE,levanteemv,Levante-El Mercantil Valenciano,FALSE,https://www.levante-emv.com/marina/xabia/,FALSE,
Xàtiva,VC0260,14/07/2025,Comunidad Valenciana,VC,FALSE,levanteemv,Levante-El Mercantil Valenciano,TRUE,https://www.levante-emv.com/costera/xativa/,FALSE,
Xert,VC0261,14/07/2025,Comunidad Valenciana,VC,FALSE,elperiodicomediterraneo,El Periódico del Mediterráneo,FALSE,https://www.elperiodicomediterraneo.com/castello/xert/,FALSE,
Xilxes,VC0262,14/07/2025,Comunidad Valenciana,VC,FALSE,elperiodicomediterraneo,El Periódico del Mediterráneo,FALSE,https://www.elperiodicomediterraneo.com/castello/xilxes/,FALSE,
Xirivella,VC0263,14/07/2025,Comunidad Valenciana,VC,FALSE,levanteemv,Levante-El Mercantil Valenciano,FALSE,https://www.levante-emv.com/horta/xirivella/,FALSE,
Xixona,VC0264,14/07/2025,Comunidad Valenciana,VC,FALSE,informacion,Información,FALSE,https://www.informacion.es/alacanti/xixona/,FALSE,
Xodos,VC0265,14/07/2025,Comunidad Valenciana,VC,FALSE,elperiodicomediterraneo,El Periódico del Mediterráneo,FALSE,https://www.elperiodicomediterraneo.com/castello/xodos/,FALSE,
Zarra,VC0266,14/07/2025,Comunidad Valenciana,VC,FALSE,levanteemv,Levante-El Mercantil Valenciano,FALSE,https://www.levante-emv.com/comarcas/zarra/,FALSE,
Almaraz,EX0001,14/07/2025,Extremadura,EX,FALSE,elperiodicoextremadura,El Periódico de Extremadura,FALSE,https://www.elperiodicoextremadura.com/caceres/almaraz/,FALSE,
Almendralejo,EX0002,23/07/2025,Extremadura,EX,TRUE,lacronicabadajoz,La Crónica de Badajoz,TRUE,https://www.lacronicabadajoz.com/almendralejo/,FALSE,
Arroyo de la Luz,EX0003,14/07/2025,Extremadura,EX,FALSE,elperiodicoextremadura,El Periódico de Extremadura,FALSE,https://www.elperiodicoextremadura.com/caceres/arroyo-de-la-luz/,FALSE,
Badajoz,EX0004,14/07/2025,Extremadura,EX,FALSE,elperiodicoextremadura,El Periódico de Extremadura,FALSE,https://www.elperiodicoextremadura.com/badajoz/,FALSE,
Badajoz,EX0005,14/07/2025,Extremadura,EX,FALSE,lacronicabadajoz,La Crónica de Badajoz,TRUE,https://www.lacronicabadajoz.com/badajoz/,FALSE,
Cabezuela del Valle,EX0006,14/07/2025,Extremadura,EX,FALSE,elperiodicoextremadura,El Periódico de Extremadura,FALSE,https://www.elperiodicoextremadura.com/caceres/cabezuela-del-valle/,FALSE,
Cáceres,EX0007,23/07/2025,Extremadura,EX,FALSE,elperiodicoextremadura,El Periódico de Extremadura,TRUE,https://www.elperiodicoextremadura.com/caceres/,FALSE,
Campo de Arañuelo,EX0008,14/07/2025,Extremadura,EX,FALSE,elperiodicoextremadura,El Periódico de Extremadura,FALSE,https://www.elperiodicoextremadura.com/extremadura/campo-de-aranuelo/,FALSE,
Casar de Cáceres,EX0009,14/07/2025,Extremadura,EX,FALSE,elperiodicoextremadura,El Periódico de Extremadura,FALSE,https://www.elperiodicoextremadura.com/caceres/casar-de-caceres/,FALSE,
Coria,EX0010,14/07/2025,Extremadura,EX,FALSE,elperiodicoextremadura,El Periódico de Extremadura,TRUE,https://www.elperiodicoextremadura.com/caceres/coria/,FALSE,
Cuacos de Yuste,EX0011,14/07/2025,Extremadura,EX,FALSE,elperiodicoextremadura,El Periódico de Extremadura,FALSE,https://www.elperiodicoextremadura.com/caceres/cuacos-de-yuste/,FALSE,
Don Benito,EX0012,14/07/2025,Extremadura,EX,FALSE,lacronicabadajoz,La Crónica de Badajoz,TRUE,https://www.lacronicabadajoz.com/tags/don-benito/,FALSE,
Extremadura,EX0013,14/07/2025,Extremadura,EX,FALSE,elperiodicoextremadura,El Periódico de Extremadura,TRUE,https://www.elperiodicoextremadura.com/extremadura/,FALSE,
Garrovillas de Alconétar,EX0014,14/07/2025,Extremadura,EX,FALSE,elperiodicoextremadura,El Periódico de Extremadura,FALSE,https://www.elperiodicoextremadura.com/caceres/garrovillas-de-alconetar/,FALSE,
Gata,EX0015,14/07/2025,Extremadura,EX,FALSE,elperiodicoextremadura,El Periódico de Extremadura,FALSE,https://www.elperiodicoextremadura.com/caceres/gata/,FALSE,
Guadalupe,EX0016,14/07/2025,Extremadura,EX,FALSE,elperiodicoextremadura,El Periódico de Extremadura,FALSE,https://www.elperiodicoextremadura.com/caceres/guadalupe/,FALSE,
Hervás,EX0017,14/07/2025,Extremadura,EX,FALSE,elperiodicoextremadura,El Periódico de Extremadura,FALSE,https://www.elperiodicoextremadura.com/caceres/hervas/,FALSE,
Jaraíz de la Vera,EX0018,14/07/2025,Extremadura,EX,FALSE,elperiodicoextremadura,El Periódico de Extremadura,FALSE,https://www.elperiodicoextremadura.com/caceres/jaraiz-de-la-vera/,FALSE,
Jarandilla de la Vera,EX0019,14/07/2025,Extremadura,EX,FALSE,elperiodicoextremadura,El Periódico de Extremadura,FALSE,https://www.elperiodicoextremadura.com/caceres/jarandilla-de-la-vera/,FALSE,
Jerez de los Caballeros,EX0020,14/07/2025,Extremadura,EX,FALSE,lacronicabadajoz,La Crónica de Badajoz,FALSE,https://www.lacronicabadajoz.com/tags/jerez-de-los-caballeros/,FALSE,
Jerte,EX0021,14/07/2025,Extremadura,EX,FALSE,elperiodicoextremadura,El Periódico de Extremadura,FALSE,https://www.elperiodicoextremadura.com/caceres/jerte/,FALSE,
Logrosán,EX0022,14/07/2025,Extremadura,EX,FALSE,elperiodicoextremadura,El Periódico de Extremadura,FALSE,https://www.elperiodicoextremadura.com/caceres/logrosan/,FALSE,
Malpartida de Cáceres,EX0023,14/07/2025,Extremadura,EX,TRUE,elperiodicoextremadura,El Periódico de Extremadura,FALSE,https://www.elperiodicoextremadura.com/caceres/malpartida-de-caceres/,FALSE,
Media Principal,EX0024,14/07/2025,Extremadura,EX,FALSE,elperiodicoextremadura,El Periódico de Extremadura,TRUE,,TRUE,https://www.elperiodicoextremadura.com/municipios.html
Media Principal,EX0025,14/07/2025,Extremadura,EX,FALSE,lacronicabadajoz,La Crónica de Badajoz,TRUE,,TRUE,https://www.lacronicabadajoz.com/municipios/
Mérida,EX0026,14/07/2025,Extremadura,EX,FALSE,elperiodicoextremadura,El Periódico de Extremadura,TRUE,https://www.elperiodicoextremadura.com/merida/,FALSE,
Mérida,EX0027,14/07/2025,Extremadura,EX,FALSE,lacronicabadajoz,La Crónica de Badajoz,TRUE,https://www.lacronicabadajoz.com/merida/,FALSE,
Miajadas,EX0028,14/07/2025,Extremadura,EX,FALSE,elperiodicoextremadura,El Periódico de Extremadura,FALSE,https://www.elperiodicoextremadura.com/caceres/miajadas/,FALSE,
Monesterio,EX0029,14/07/2025,Extremadura,EX,FALSE,lacronicabadajoz,La Crónica de Badajoz,TRUE,https://www.lacronicabadajoz.com/tags/monesterio/,FALSE,
Monfragüe,EX0030,14/07/2025,Extremadura,EX,FALSE,elperiodicoextremadura,El Periódico de Extremadura,FALSE,https://www.elperiodicoextremadura.com/extremadura/monfrague/,FALSE,
Montánchez,EX0031,14/07/2025,Extremadura,EX,FALSE,elperiodicoextremadura,El Periódico de Extremadura,FALSE,https://www.elperiodicoextremadura.com/caceres/montanchez/,FALSE,
Moraleja,EX0032,14/07/2025,Extremadura,EX,FALSE,elperiodicoextremadura,El Periódico de Extremadura,FALSE,https://www.elperiodicoextremadura.com/caceres/moraleja/,FALSE,
Navalmoral de la Mata,EX0033,14/07/2025,Extremadura,EX,FALSE,elperiodicoextremadura,El Periódico de Extremadura,TRUE,https://www.elperiodicoextremadura.com/caceres/navalmoral-de-la-mata/,FALSE,
Pinofranqueado,EX0034,14/07/2025,Extremadura,EX,FALSE,elperiodicoextremadura,El Periódico de Extremadura,FALSE,https://www.elperiodicoextremadura.com/caceres/pinofranqueado/,FALSE,
Piornal,EX0035,14/07/2025,Extremadura,EX,FALSE,elperiodicoextremadura,El Periódico de Extremadura,FALSE,https://www.elperiodicoextremadura.com/caceres/piornal/,FALSE,
Plasencia,EX0036,23/07/2025,Extremadura,EX,FALSE,elperiodicoextremadura,El Periódico de Extremadura,TRUE,https://www.elperiodicoextremadura.com/plasencia/,FALSE,
Talayuela,EX0037,14/07/2025,Extremadura,EX,FALSE,elperiodicoextremadura,El Periódico de Extremadura,FALSE,https://www.elperiodicoextremadura.com/caceres/talayuela/,FALSE,
Trujillo,EX0038,14/07/2025,Extremadura,EX,FALSE,elperiodicoextremadura,El Periódico de Extremadura,TRUE,https://www.elperiodicoextremadura.com/caceres/trujillo/,FALSE,
Villafranca de los Barros,EX0039,14/07/2025,Extremadura,EX,TRUE,lacronicabadajoz,La Crónica de Badajoz,TRUE,https://www.lacronicabadajoz.com/badajoz/villafranca-de-los-barros/,FALSE,
Villanueva de la Serena,EX0040,14/07/2025,Extremadura,EX,FALSE,lacronicabadajoz,La Crónica de Badajoz,TRUE,https://www.lacronicabadajoz.com/tags/villanueva-de-la-serena/,FALSE,
Zafra,EX0041,14/07/2025,Extremadura,EX,FALSE,lacronicabadajoz,La Crónica de Badajoz,TRUE,https://www.lacronicabadajoz.com/tags/zafra/,FALSE,
A Cañiza,GAL0001,14/07/2025,Galicia,GAL,FALSE,farodevigo,Faro de Vigo,FALSE,https://www.farodevigo.es/comarcas/a-caniza/,FALSE,
A Coruña,GAL0002,23/07/2025,Galicia,GAL,FALSE,laopinioncoruna,La Opinión A Coruña,TRUE,https://www.laopinioncoruna.es/coruna/,FALSE,
A Estrada,GAL0003,14/07/2025,Galicia,GAL,FALSE,farodevigo,Faro de Vigo,FALSE,https://www.farodevigo.es/deza-tabeiros-montes/a-estrada/,FALSE,
A Guarda,GAL0004,14/07/2025,Galicia,GAL,FALSE,farodevigo,Faro de Vigo,TRUE,https://www.farodevigo.es/comarcas/a-guarda/,FALSE,
A Illa de Arousa,GAL0005,14/07/2025,Galicia,GAL,FALSE,farodevigo,Faro de Vigo,FALSE,https://www.farodevigo.es/arousa/a-illa-de-arousa/,FALSE,
A Lama,GAL0006,14/07/2025,Galicia,GAL,FALSE,farodevigo,Faro de Vigo,FALSE,https://www.farodevigo.es/pontevedra/a-lama/,FALSE,
A Laracha,GAL0007,14/07/2025,Galicia,GAL,FALSE,elcorreogallego,El Correo Gallego,FALSE,https://www.elcorreogallego.es/bergantinos/a-laracha/,FALSE,
A Laracha,GAL0008,23/07/2025,Galicia,GAL,FALSE,laopinioncoruna,La Opinión A Coruña,TRUE,https://www.laopinioncoruna.es/gran-coruna/a-laracha/,FALSE,
A Pobla do Caramiñal,GAL0009,14/07/2025,Galicia,GAL,FALSE,elcorreogallego,El Correo Gallego,FALSE,https://www.elcorreogallego.es/barbanza/a-pobla-do-caraminal/,FALSE,
Abegondo,GAL0010,23/07/2025,Galicia,GAL,FALSE,laopinioncoruna,La Opinión A Coruña,TRUE,https://www.laopinioncoruna.es/gran-coruna/abegondo/,FALSE,
Agolada,GAL0011,14/07/2025,Galicia,GAL,FALSE,farodevigo,Faro de Vigo,FALSE,https://www.farodevigo.es/deza-tabeiros-montes/agolada/,FALSE,
Allariz,GAL0012,14/07/2025,Galicia,GAL,FALSE,farodevigo,Faro de Vigo,FALSE,https://www.farodevigo.es/ourense/allariz/,FALSE,
Ames,GAL0013,14/07/2025,Galicia,GAL,FALSE,elcorreogallego,El Correo Gallego,TRUE,https://www.elcorreogallego.es/compostela/ames/,FALSE,
Aranga,GAL0014,23/07/2025,Galicia,GAL,FALSE,laopinioncoruna,La Opinión A Coruña,FALSE,https://www.laopinioncoruna.es/gran-coruna/aranga/,FALSE,
Arbo,GAL0015,14/07/2025,Galicia,GAL,FALSE,farodevigo,Faro de Vigo,FALSE,https://www.farodevigo.es/comarcas/arbo/,FALSE,
Arteixo,GAL0016,23/07/2025,Galicia,GAL,FALSE,laopinioncoruna,La Opinión A Coruña,TRUE,https://www.laopinioncoruna.es/gran-coruna/arteixo/,FALSE,
Arzúa,GAL0017,14/07/2025,Galicia,GAL,FALSE,elcorreogallego,El Correo Gallego,FALSE,https://www.elcorreogallego.es/ordes-arzua/arzua/,FALSE,
As Neves,GAL0018,14/07/2025,Galicia,GAL,FALSE,farodevigo,Faro de Vigo,FALSE,https://www.farodevigo.es/comarcas/as-neves/,FALSE,
Baiona,GAL0019,14/07/2025,Galicia,GAL,FALSE,farodevigo,Faro de Vigo,TRUE,https://www.farodevigo.es/comarcas/baiona/,FALSE,
Barro,GAL0020,14/07/2025,Galicia,GAL,FALSE,farodevigo,Faro de Vigo,FALSE,https://www.farodevigo.es/pontevedra/barro/,FALSE,
Bergondo,GAL0021,23/07/2025,Galicia,GAL,FALSE,laopinioncoruna,La Opinión A Coruña,TRUE,https://www.laopinioncoruna.es/gran-coruna/bergondo/,FALSE,
Betanzos,GAL0022,23/07/2025,Galicia,GAL,FALSE,laopinioncoruna,La Opinión A Coruña,TRUE,https://www.laopinioncoruna.es/gran-coruna/betanzos/,FALSE,
Boiro,GAL0023,14/07/2025,Galicia,GAL,FALSE,elcorreogallego,El Correo Gallego,FALSE,https://www.elcorreogallego.es/barbanza/boiro/,FALSE,
Boqueixón,GAL0024,14/07/2025,Galicia,GAL,FALSE,elcorreogallego,El Correo Gallego,FALSE,https://www.elcorreogallego.es/compostela/boqueixon/,FALSE,
Brión,GAL0025,14/07/2025,Galicia,GAL,FALSE,elcorreogallego,El Correo Gallego,TRUE,https://www.elcorreogallego.es/compostela/brion/,FALSE,
Bueu,GAL0026,14/07/2025,Galicia,GAL,FALSE,farodevigo,Faro de Vigo,FALSE,https://www.farodevigo.es/o-morrazo/bueu/,FALSE,
Cabana de Bergantiños,GAL0027,14/07/2025,Galicia,GAL,FALSE,elcorreogallego,El Correo Gallego,FALSE,https://www.elcorreogallego.es/bergantinos/cabana-de-bergantinos/,FALSE,
Caldas de Reis,GAL0028,14/07/2025,Galicia,GAL,FALSE,farodevigo,Faro de Vigo,FALSE,https://www.farodevigo.es/pontevedra/caldas-de-reis/,FALSE,
Cambados,GAL0029,14/07/2025,Galicia,GAL,FALSE,farodevigo,Faro de Vigo,FALSE,https://www.farodevigo.es/arousa/cambados/,FALSE,
Cambre,GAL0030,23/07/2025,Galicia,GAL,FALSE,laopinioncoruna,La Opinión A Coruña,TRUE,https://www.laopinioncoruna.es/gran-coruna/cambre/,FALSE,
Campo Lameiro,GAL0031,14/07/2025,Galicia,GAL,FALSE,farodevigo,Faro de Vigo,FALSE,https://www.farodevigo.es/pontevedra/campo-lameiro/,FALSE,
Cangas,GAL0032,14/07/2025,Galicia,GAL,FALSE,farodevigo,Faro de Vigo,FALSE,https://www.farodevigo.es/o-morrazo/cangas/,FALSE,
Carballo,GAL0033,14/07/2025,Galicia,GAL,FALSE,elcorreogallego,El Correo Gallego,FALSE,https://www.elcorreogallego.es/bergantinos/carballo/,FALSE,
Carnota,GAL0034,14/07/2025,Galicia,GAL,FALSE,elcorreogallego,El Correo Gallego,FALSE,https://www.elcorreogallego.es/a-costa-da-morte/carnota/,FALSE,
Carral,GAL0035,23/07/2025,Galicia,GAL,FALSE,laopinioncoruna,La Opinión A Coruña,FALSE,https://www.laopinioncoruna.es/gran-coruna/carral/,FALSE,
Catoira,GAL0036,14/07/2025,Galicia,GAL,FALSE,farodevigo,Faro de Vigo,FALSE,https://www.farodevigo.es/arousa/catoira/,FALSE,
Celanova,GAL0037,14/07/2025,Galicia,GAL,FALSE,farodevigo,Faro de Vigo,FALSE,https://www.farodevigo.es/ourense/celanova/,FALSE,
Cerceda,GAL0038,23/07/2025,Galicia,GAL,FALSE,laopinioncoruna,La Opinión A Coruña,TRUE,https://www.laopinioncoruna.es/gran-coruna/cerceda/,FALSE,
Coirós,GAL0039,23/07/2025,Galicia,GAL,FALSE,laopinioncoruna,La Opinión A Coruña,FALSE,https://www.laopinioncoruna.es/gran-coruna/coiros/,FALSE,
Comarca da Limia,GAL0040,14/07/2025,Galicia,GAL,FALSE,farodevigo,Faro de Vigo,FALSE,https://www.farodevigo.es/ourense/comarca-da-limia/,FALSE,
Comarca de Allariz Maceda,GAL0041,14/07/2025,Galicia,GAL,FALSE,farodevigo,Faro de Vigo,FALSE,https://www.farodevigo.es/ourense/comarca-de-allariz-maceda/,FALSE,
Comarca de Terra de Trives,GAL0042,14/07/2025,Galicia,GAL,FALSE,farodevigo,Faro de Vigo,FALSE,https://www.farodevigo.es/ourense/comarca-de-terra-de-trives/,FALSE,
Comarca de Valdeorras,GAL0043,14/07/2025,Galicia,GAL,FALSE,farodevigo,Faro de Vigo,FALSE,https://www.farodevigo.es/ourense/comarca-de-valdeorras/,FALSE,
Comarca de Verín,GAL0044,14/07/2025,Galicia,GAL,FALSE,farodevigo,Faro de Vigo,FALSE,https://www.farodevigo.es/ourense/comarca-de-verin/,FALSE,
Comarca do Carballino,GAL0045,14/07/2025,Galicia,GAL,FALSE,farodevigo,Faro de Vigo,FALSE,https://www.farodevigo.es/comarca-do-carballino/,FALSE,
Comarca do Ribeiro,GAL0046,14/07/2025,Galicia,GAL,FALSE,farodevigo,Faro de Vigo,FALSE,https://www.farodevigo.es/ourense/comarca-do-ribeiro/,FALSE,
Comarca Terra De Celanova,GAL0047,14/07/2025,Galicia,GAL,FALSE,farodevigo,Faro de Vigo,FALSE,https://www.farodevigo.es/ourense/comarca-terra-de-celanova/,FALSE,
Corcubión,GAL0048,14/07/2025,Galicia,GAL,FALSE,elcorreogallego,El Correo Gallego,FALSE,https://www.elcorreogallego.es/a-costa-da-morte/corcubion/,FALSE,
Coristanco,GAL0049,14/07/2025,Galicia,GAL,FALSE,elcorreogallego,El Correo Gallego,FALSE,https://www.elcorreogallego.es/bergantinos/coristanco/,FALSE,
Covelo,GAL0050,14/07/2025,Galicia,GAL,FALSE,farodevigo,Faro de Vigo,FALSE,https://www.farodevigo.es/comarcas/covelo/,FALSE,
Crecente,GAL0051,14/07/2025,Galicia,GAL,FALSE,farodevigo,Faro de Vigo,FALSE,https://www.farodevigo.es/comarcas/crecente/,FALSE,
Culleredo,GAL0052,23/07/2025,Galicia,GAL,FALSE,laopinioncoruna,La Opinión A Coruña,TRUE,https://www.laopinioncoruna.es/gran-coruna/culleredo/,FALSE,
Cuntis,GAL0053,14/07/2025,Galicia,GAL,FALSE,farodevigo,Faro de Vigo,FALSE,https://www.farodevigo.es/pontevedra/cuntis/,FALSE,
Curtis,GAL0054,23/07/2025,Galicia,GAL,FALSE,laopinioncoruna,La Opinión A Coruña,TRUE,https://www.laopinioncoruna.es/gran-coruna/curtis/,FALSE,
Dozón,GAL0055,14/07/2025,Galicia,GAL,FALSE,farodevigo,Faro de Vigo,FALSE,https://www.farodevigo.es/deza-tabeiros-montes/dozon/,FALSE,
Dumbría,GAL0056,14/07/2025,Galicia,GAL,FALSE,elcorreogallego,El Correo Gallego,FALSE,https://www.elcorreogallego.es/a-costa-da-morte/dumbria/,FALSE,
Forcarei,GAL0057,14/07/2025,Galicia,GAL,FALSE,farodevigo,Faro de Vigo,FALSE,https://www.farodevigo.es/deza-tabeiros-montes/forcarei/,FALSE,
Fornelos de Montes,GAL0058,14/07/2025,Galicia,GAL,FALSE,farodevigo,Faro de Vigo,FALSE,https://www.farodevigo.es/comarcas/fornelos-de-montes/,FALSE,
Frades,GAL0059,14/07/2025,Galicia,GAL,FALSE,elcorreogallego,El Correo Gallego,FALSE,https://www.elcorreogallego.es/ordes-arzua/frades/,FALSE,
Gondomar,GAL0060,14/07/2025,Galicia,GAL,FALSE,farodevigo,Faro de Vigo,TRUE,https://www.farodevigo.es/comarcas/gondomar/,FALSE,
Irixoa,GAL0061,23/07/2025,Galicia,GAL,FALSE,laopinioncoruna,La Opinión A Coruña,FALSE,https://www.laopinioncoruna.es/gran-coruna/irixoa/,FALSE,
Lalín,GAL0062,14/07/2025,Galicia,GAL,FALSE,farodevigo,Faro de Vigo,FALSE,https://www.farodevigo.es/deza-tabeiros-montes/lalin/,FALSE,
Laxe,GAL0063,14/07/2025,Galicia,GAL,FALSE,elcorreogallego,El Correo Gallego,FALSE,https://www.elcorreogallego.es/bergantinos/laxe/,FALSE,
Lousame,GAL0064,14/07/2025,Galicia,GAL,FALSE,elcorreogallego,El Correo Gallego,FALSE,https://www.elcorreogallego.es/barbanza/lousame/,FALSE,
Malpica,GAL0065,14/07/2025,Galicia,GAL,FALSE,elcorreogallego,El Correo Gallego,FALSE,https://www.elcorreogallego.es/bergantinos/malpica/,FALSE,
Marín,GAL0066,14/07/2025,Galicia,GAL,FALSE,farodevigo,Faro de Vigo,FALSE,https://www.farodevigo.es/pontevedra/marin/,FALSE,
Mazaricos,GAL0067,14/07/2025,Galicia,GAL,FALSE,elcorreogallego,El Correo Gallego,FALSE,https://www.elcorreogallego.es/a-costa-da-morte/mazaricos/,FALSE,
Meaño,GAL0068,14/07/2025,Galicia,GAL,FALSE,farodevigo,Faro de Vigo,FALSE,https://www.farodevigo.es/arousa/meano/,FALSE,
Media Principal,GAL0069,14/07/2025,Galicia,GAL,FALSE,elcorreogallego,El Correo Gallego,TRUE,,TRUE,https://www.elcorreogallego.es/municipios/
Media Principal,GAL0070,14/07/2025,Galicia,GAL,FALSE,farodevigo,Faro de Vigo,TRUE,,TRUE,https://www.farodevigo.es/municipios.html
Media Principal,GAL0071,14/07/2025,Galicia,GAL,FALSE,laopinioncoruna,La Opinión A Coruña,TRUE,,TRUE,https://www.laopinioncoruna.es/municipios.html
Meis,GAL0072,14/07/2025,Galicia,GAL,FALSE,farodevigo,Faro de Vigo,FALSE,https://www.farodevigo.es/arousa/meis/,FALSE,
Melide,GAL0073,14/07/2025,Galicia,GAL,FALSE,elcorreogallego,El Correo Gallego,FALSE,https://www.elcorreogallego.es/ordes-arzua/melide/,FALSE,
Miño,GAL0074,23/07/2025,Galicia,GAL,FALSE,laopinioncoruna,La Opinión A Coruña,FALSE,https://www.laopinioncoruna.es/gran-coruna/mino/,FALSE,
Moaña,GAL0075,14/07/2025,Galicia,GAL,FALSE,farodevigo,Faro de Vigo,FALSE,https://www.farodevigo.es/o-morrazo/moana/,FALSE,
Mondariz,GAL0076,14/07/2025,Galicia,GAL,FALSE,farodevigo,Faro de Vigo,FALSE,https://www.farodevigo.es/comarcas/mondariz/,FALSE,
Mondariz Balneario,GAL0077,14/07/2025,Galicia,GAL,FALSE,farodevigo,Faro de Vigo,FALSE,https://www.farodevigo.es/comarcas/mondariz-balneario/,FALSE,
Moraña,GAL0078,14/07/2025,Galicia,GAL,FALSE,farodevigo,Faro de Vigo,FALSE,https://www.farodevigo.es/pontevedra/morana/,FALSE,
Mos,GAL0079,14/07/2025,Galicia,GAL,FALSE,farodevigo,Faro de Vigo,TRUE,https://www.farodevigo.es/comarcas/mos/,FALSE,
Muros,GAL0080,14/07/2025,Galicia,GAL,FALSE,elcorreogallego,El Correo Gallego,FALSE,https://www.elcorreogallego.es/barbanza/muros/,FALSE,
Muxía,GAL0081,14/07/2025,Galicia,GAL,FALSE,elcorreogallego,El Correo Gallego,FALSE,https://www.elcorreogallego.es/a-costa-da-morte/muxia/,FALSE,
Negreira,GAL0082,14/07/2025,Galicia,GAL,FALSE,elcorreogallego,El Correo Gallego,FALSE,https://www.elcorreogallego.es/compostela/negreira/,FALSE,
Nigrán,GAL0083,14/07/2025,Galicia,GAL,FALSE,farodevigo,Faro de Vigo,TRUE,https://www.farodevigo.es/comarcas/nigran/,FALSE,
Noia,GAL0084,14/07/2025,Galicia,GAL,FALSE,elcorreogallego,El Correo Gallego,TRUE,https://www.elcorreogallego.es/barbanza/noia/,FALSE,
O Carballiño,GAL0085,14/07/2025,Galicia,GAL,FALSE,farodevigo,Faro de Vigo,FALSE,https://www.farodevigo.es/ourense/o-carballino/,FALSE,
O Grove,GAL0086,14/07/2025,Galicia,GAL,FALSE,farodevigo,Faro de Vigo,FALSE,https://www.farodevigo.es/arousa/o-grove/,FALSE,
O Pino,GAL0087,14/07/2025,Galicia,GAL,FALSE,elcorreogallego,El Correo Gallego,FALSE,https://www.elcorreogallego.es/ordes-arzua/o-pino/,FALSE,
O Porriño,GAL0088,14/07/2025,Galicia,GAL,FALSE,farodevigo,Faro de Vigo,TRUE,https://www.farodevigo.es/comarcas/o-porrino/,FALSE,
O Rosal,GAL0089,14/07/2025,Galicia,GAL,FALSE,farodevigo,Faro de Vigo,FALSE,https://www.farodevigo.es/comarcas/o-rosal/,FALSE,
Oia,GAL0090,14/07/2025,Galicia,GAL,FALSE,farodevigo,Faro de Vigo,FALSE,https://www.farodevigo.es/comarcas/oia/,FALSE,
Oleiros,GAL0091,23/07/2025,Galicia,GAL,FALSE,laopinioncoruna,La Opinión A Coruña,TRUE,https://www.laopinioncoruna.es/gran-coruna/oleiros/,FALSE,
Ordes,GAL0092,14/07/2025,Galicia,GAL,FALSE,elcorreogallego,El Correo Gallego,FALSE,https://www.elcorreogallego.es/ordes-arzua/ordes/,FALSE,
Oroso,GAL0093,14/07/2025,Galicia,GAL,FALSE,elcorreogallego,El Correo Gallego,TRUE,https://www.elcorreogallego.es/ordes-arzua/oroso/,FALSE,
Ourense,GAL0094,14/07/2025,Galicia,GAL,FALSE,farodevigo,Faro de Vigo,FALSE,https://www.farodevigo.es/ourense/,FALSE,
Outes,GAL0095,14/07/2025,Galicia,GAL,FALSE,elcorreogallego,El Correo Gallego,FALSE,https://www.elcorreogallego.es/barbanza/outes/,FALSE,
Oza-Cesuras,GAL0096,23/07/2025,Galicia,GAL,FALSE,laopinioncoruna,La Opinión A Coruña,FALSE,https://www.laopinioncoruna.es/gran-coruna/oza-cesuras/,FALSE,
Paderne,GAL0097,23/07/2025,Galicia,GAL,FALSE,laopinioncoruna,La Opinión A Coruña,FALSE,https://www.laopinioncoruna.es/gran-coruna/paderne/,FALSE,
Padrón,GAL0098,14/07/2025,Galicia,GAL,FALSE,elcorreogallego,El Correo Gallego,TRUE,https://www.elcorreogallego.es/compostela/padron/,FALSE,
Pazos de Borbén,GAL0099,14/07/2025,Galicia,GAL,FALSE,farodevigo,Faro de Vigo,FALSE,https://www.farodevigo.es/comarcas/pazos-de-borben/,FALSE,
Poio,GAL0100,14/07/2025,Galicia,GAL,FALSE,farodevigo,Faro de Vigo,FALSE,https://www.farodevigo.es/pontevedra/poio/,FALSE,
Ponte Caldelas,GAL0101,14/07/2025,Galicia,GAL,FALSE,farodevigo,Faro de Vigo,FALSE,https://www.farodevigo.es/pontevedra/ponte-caldelas/,FALSE,
Ponteareas,GAL0102,14/07/2025,Galicia,GAL,FALSE,farodevigo,Faro de Vigo,FALSE,https://www.farodevigo.es/comarcas/ponteareas/,FALSE,
Ponteceso,GAL0103,14/07/2025,Galicia,GAL,FALSE,elcorreogallego,El Correo Gallego,FALSE,https://www.elcorreogallego.es/bergantinos/ponteceso/,FALSE,
Pontecesures,GAL0104,14/07/2025,Galicia,GAL,FALSE,farodevigo,Faro de Vigo,FALSE,https://www.farodevigo.es/arousa/pontecesures/,FALSE,
Pontevedra,GAL0105,14/07/2025,Galicia,GAL,FALSE,farodevigo,Faro de Vigo,FALSE,https://www.farodevigo.es/pontevedra/,FALSE,
Portas,GAL0106,14/07/2025,Galicia,GAL,FALSE,farodevigo,Faro de Vigo,FALSE,https://www.farodevigo.es/pontevedra/portas/,FALSE,
Porto do Son,GAL0107,14/07/2025,Galicia,GAL,FALSE,elcorreogallego,El Correo Gallego,FALSE,https://www.elcorreogallego.es/barbanza/porto-do-son/,FALSE,
Redondela,GAL0108,14/07/2025,Galicia,GAL,FALSE,farodevigo,Faro de Vigo,TRUE,https://www.farodevigo.es/comarcas/redondela/,FALSE,
Rianxo,GAL0109,14/07/2025,Galicia,GAL,FALSE,elcorreogallego,El Correo Gallego,FALSE,https://www.elcorreogallego.es/barbanza/rianxo/,FALSE,
Ribadumia,GAL0110,14/07/2025,Galicia,GAL,FALSE,farodevigo,Faro de Vigo,FALSE,https://www.farodevigo.es/arousa/ribadumia/,FALSE,
Ribeira,GAL0111,14/07/2025,Galicia,GAL,FALSE,elcorreogallego,El Correo Gallego,TRUE,https://www.elcorreogallego.es/barbanza/ribeira/,FALSE,
Rodeiro,GAL0112,14/07/2025,Galicia,GAL,FALSE,farodevigo,Faro de Vigo,FALSE,https://www.farodevigo.es/deza-tabeiros-montes/rodeiro/,FALSE,
Rois,GAL0113,14/07/2025,Galicia,GAL,FALSE,elcorreogallego,El Correo Gallego,FALSE,https://www.elcorreogallego.es/compostela/rois/,FALSE,
Sada,GAL0114,23/07/2025,Galicia,GAL,FALSE,laopinioncoruna,La Opinión A Coruña,TRUE,https://www.laopinioncoruna.es/gran-coruna/sada/,FALSE,
Salceda de Caselas,GAL0115,14/07/2025,Galicia,GAL,FALSE,farodevigo,Faro de Vigo,FALSE,https://www.farodevigo.es/comarcas/salceda-de-caselas/,FALSE,
Salvaterra,GAL0116,14/07/2025,Galicia,GAL,FALSE,farodevigo,Faro de Vigo,FALSE,https://www.farodevigo.es/comarcas/salvaterra/,FALSE,
Santa Comba,GAL0117,14/07/2025,Galicia,GAL,FALSE,elcorreogallego,El Correo Gallego,FALSE,https://www.elcorreogallego.es/compostela/santa-coloma/,FALSE,
Santiago,GAL0118,14/07/2025,Galicia,GAL,FALSE,elcorreogallego,El Correo Gallego,TRUE,https://www.elcorreogallego.es/santiago/,FALSE,
Sanxenxo,GAL0119,14/07/2025,Galicia,GAL,FALSE,farodevigo,Faro de Vigo,FALSE,https://www.farodevigo.es/pontevedra/sanxenxo/,FALSE,
Silleda,GAL0120,14/07/2025,Galicia,GAL,FALSE,farodevigo,Faro de Vigo,FALSE,https://www.farodevigo.es/deza-tabeiros-montes/silleda/,FALSE,
Soutomaior,GAL0121,14/07/2025,Galicia,GAL,FALSE,farodevigo,Faro de Vigo,FALSE,https://www.farodevigo.es/comarcas/soutomaior/,FALSE,
Teo,GAL0122,14/07/2025,Galicia,GAL,FALSE,elcorreogallego,El Correo Gallego,TRUE,https://www.elcorreogallego.es/compostela/teo/,FALSE,
Tomiño,GAL0123,14/07/2025,Galicia,GAL,FALSE,farodevigo,Faro de Vigo,TRUE,https://www.farodevigo.es/comarcas/tomino/,FALSE,
Tordoia,GAL0124,14/07/2025,Galicia,GAL,FALSE,elcorreogallego,El Correo Gallego,FALSE,https://www.elcorreogallego.es/ordes-arzua/tordoia/,FALSE,
Touro,GAL0125,14/07/2025,Galicia,GAL,FALSE,elcorreogallego,El Correo Gallego,FALSE,https://www.elcorreogallego.es/ordes-arzua/touro/,FALSE,
Tui,GAL0126,14/07/2025,Galicia,GAL,FALSE,farodevigo,Faro de Vigo,TRUE,https://www.farodevigo.es/comarcas/tui/,FALSE,
Val do Dubra,GAL0127,14/07/2025,Galicia,GAL,FALSE,elcorreogallego,El Correo Gallego,FALSE,https://www.elcorreogallego.es/compostela/val-do-dubra/,FALSE,
Valga,GAL0128,14/07/2025,Galicia,GAL,FALSE,farodevigo,Faro de Vigo,FALSE,https://www.farodevigo.es/arousa/valga/,FALSE,
Vedra,GAL0129,14/07/2025,Galicia,GAL,FALSE,elcorreogallego,El Correo Gallego,FALSE,https://www.elcorreogallego.es/compostela/vedra/,FALSE,
Verín,GAL0130,14/07/2025,Galicia,GAL,FALSE,farodevigo,Faro de Vigo,FALSE,https://www.farodevigo.es/ourense/verin/,FALSE,
Vigo,GAL0131,23/07/2025,Galicia,GAL,FALSE,farodevigo,Faro de Vigo,TRUE,https://www.farodevigo.es/gran-vigo/,FALSE,
Vila de Cruces,GAL0132,14/07/2025,Galicia,GAL,FALSE,farodevigo,Faro de Vigo,FALSE,https://www.farodevigo.es/deza-tabeiros-montes/vila-de-cruces/,FALSE,
Vilaboa,GAL0133,14/07/2025,Galicia,GAL,FALSE,farodevigo,Faro de Vigo,FALSE,https://www.farodevigo.es/pontevedra/vilaboa/,FALSE,
Vilagarcía de Arousa,GAL0134,14/07/2025,Galicia,GAL,FALSE,farodevigo,Faro de Vigo,FALSE,https://www.farodevigo.es/arousa/vilagarcia-de-arousa/,FALSE,
Vilanova de Arousa,GAL0135,14/07/2025,Galicia,GAL,FALSE,farodevigo,Faro de Vigo,FALSE,https://www.farodevigo.es/arousa/vilanova-de-arousa/,FALSE,
Vilasantar,GAL0136,23/07/2025,Galicia,GAL,FALSE,laopinioncoruna,La Opinión A Coruña,FALSE,https://www.laopinioncoruna.es/gran-coruna/vilasantar/,FALSE,
Vimianzo,GAL0137,14/07/2025,Galicia,GAL,FALSE,elcorreogallego,El Correo Gallego,FALSE,https://www.elcorreogallego.es/a-costa-da-morte/vimianzo/,FALSE,
Xinzo de Limia,GAL0138,14/07/2025,Galicia,GAL,FALSE,farodevigo,Faro de Vigo,FALSE,https://www.farodevigo.es/ourense/xinzo/,FALSE,
Algaida,IB0002,14/07/2025,Islas Baleares,IB,FALSE,diariodemallorca,Diario de Mallorca,FALSE,https://www.diariodemallorca.es/mallorca/algaida/,FALSE,
Andratx,IB0003,14/07/2025,Islas Baleares,IB,FALSE,diariodeibiza,Diario de Ibiza,FALSE,https://www.diariodeibiza.es/tags/andratx/,FALSE,
Andratx,IB0004,14/07/2025,Islas Baleares,IB,FALSE,diariodemallorca,Diario de Mallorca,FALSE,https://www.diariodemallorca.es/mallorca/andratx/,FALSE,
Ariany,IB0005,14/07/2025,Islas Baleares,IB,FALSE,diariodemallorca,Diario de Mallorca,FALSE,https://www.diariodemallorca.es/mallorca/ariany/,FALSE,
Artà,IB0006,14/07/2025,Islas Baleares,IB,FALSE,diariodemallorca,Diario de Mallorca,FALSE,https://www.diariodemallorca.es/mallorca/arta/,FALSE,
Banyalbufar,IB0007,14/07/2025,Islas Baleares,IB,FALSE,diariodemallorca,Diario de Mallorca,FALSE,https://www.diariodemallorca.es/mallorca/banyalbufar/,FALSE,
Binissalem,IB0008,14/07/2025,Islas Baleares,IB,FALSE,diariodemallorca,Diario de Mallorca,FALSE,https://www.diariodemallorca.es/mallorca/binissalem/,FALSE,
Búger,IB0009,14/07/2025,Islas Baleares,IB,FALSE,diariodemallorca,Diario de Mallorca,FALSE,https://www.diariodemallorca.es/mallorca/buger/,FALSE,
Bunyola,IB0010,14/07/2025,Islas Baleares,IB,FALSE,diariodemallorca,Diario de Mallorca,FALSE,https://www.diariodemallorca.es/mallorca/bunyola/,FALSE,
Calvià,IB0011,14/07/2025,Islas Baleares,IB,FALSE,diariodemallorca,Diario de Mallorca,TRUE,https://www.diariodemallorca.es/mallorca/calvia/,FALSE,
Campos,IB0012,14/07/2025,Islas Baleares,IB,FALSE,diariodemallorca,Diario de Mallorca,FALSE,https://www.diariodemallorca.es/mallorca/campos/,FALSE,
Capdepera,IB0013,14/07/2025,Islas Baleares,IB,FALSE,diariodemallorca,Diario de Mallorca,FALSE,https://www.diariodemallorca.es/mallorca/capdepera/,FALSE,
Consell,IB0014,14/07/2025,Islas Baleares,IB,FALSE,diariodemallorca,Diario de Mallorca,FALSE,https://www.diariodemallorca.es/mallorca/consell/,FALSE,
Costitx,IB0015,14/07/2025,Islas Baleares,IB,FALSE,diariodemallorca,Diario de Mallorca,FALSE,https://www.diariodemallorca.es/mallorca/costitx/,FALSE,
Escorca,IB0016,14/07/2025,Islas Baleares,IB,FALSE,diariodemallorca,Diario de Mallorca,FALSE,https://www.diariodemallorca.es/mallorca/escorca/,FALSE,
Esporles,IB0017,14/07/2025,Islas Baleares,IB,FALSE,diariodemallorca,Diario de Mallorca,FALSE,https://www.diariodemallorca.es/mallorca/esporles/,FALSE,
Estellencs,IB0018,14/07/2025,Islas Baleares,IB,FALSE,diariodemallorca,Diario de Mallorca,FALSE,https://www.diariodemallorca.es/mallorca/estellencs/,FALSE,
Felanitx,IB0019,14/07/2025,Islas Baleares,IB,FALSE,diariodemallorca,Diario de Mallorca,FALSE,https://www.diariodemallorca.es/mallorca/felanitx/,FALSE,
Formentera,IB0020,14/07/2025,Islas Baleares,IB,FALSE,diariodeibiza,Diario de Ibiza,TRUE,https://www.diariodeibiza.es/formentera/,FALSE,
Ibiza,IB0021,14/07/2025,Islas Baleares,IB,FALSE,diariodeibiza,Diario de Ibiza,TRUE,https://www.diariodeibiza.es/ibiza/,FALSE,
Inca,IB0022,14/07/2025,Islas Baleares,IB,FALSE,diariodemallorca,Diario de Mallorca,TRUE,https://www.diariodemallorca.es/mallorca/inca/,FALSE,
Lloret de Vistalegre,IB0023,14/07/2025,Islas Baleares,IB,FALSE,diariodemallorca,Diario de Mallorca,FALSE,https://www.diariodemallorca.es/mallorca/lloret-de-vistalegre/,FALSE,
Lloseta,IB0024,14/07/2025,Islas Baleares,IB,FALSE,diariodemallorca,Diario de Mallorca,FALSE,https://www.diariodemallorca.es/mallorca/lloseta/,FALSE,
Llubí,IB0025,14/07/2025,Islas Baleares,IB,FALSE,diariodemallorca,Diario de Mallorca,FALSE,https://www.diariodemallorca.es/mallorca/llubi/,FALSE,
Llucmajor,IB0026,14/07/2025,Islas Baleares,IB,FALSE,diariodemallorca,Diario de Mallorca,TRUE,https://www.diariodemallorca.es/mallorca/llucmajor/,FALSE,
Manacor,IB0027,14/07/2025,Islas Baleares,IB,FALSE,diariodemallorca,Diario de Mallorca,TRUE,https://www.diariodemallorca.es/mallorca/manacor/,FALSE,
Mancor de la Vall,IB0028,14/07/2025,Islas Baleares,IB,FALSE,diariodemallorca,Diario de Mallorca,FALSE,https://www.diariodemallorca.es/mallorca/mancor-de-la-vall/,FALSE,
Maria de la Salut,IB0029,14/07/2025,Islas Baleares,IB,FALSE,diariodemallorca,Diario de Mallorca,FALSE,https://www.diariodemallorca.es/mallorca/maria-de-la-salut/,FALSE,
Marratxí­,IB0030,14/07/2025,Islas Baleares,IB,FALSE,diariodemallorca,Diario de Mallorca,TRUE,https://www.diariodemallorca.es/mallorca/marratxi/,FALSE,
Media Principal,IB0031,14/07/2025,Islas Baleares,IB,FALSE,diariodeibiza,Diario de Ibiza,FALSE,,FALSE,https://www.diariodeibiza.es/municipios.html
Media Principal,IB0032,14/07/2025,Islas Baleares,IB,FALSE,diariodemallorca,Diario de Mallorca,TRUE,,TRUE,https://www.diariodemallorca.es/municipios.html
Montuïri,IB0033,14/07/2025,Islas Baleares,IB,FALSE,diariodemallorca,Diario de Mallorca,FALSE,https://www.diariodemallorca.es/mallorca/montuiri/,FALSE,
Muro,IB0034,14/07/2025,Islas Baleares,IB,FALSE,diariodemallorca,Diario de Mallorca,FALSE,https://www.diariodemallorca.es/mallorca/muro/,FALSE,
Palma de Mallorca,IB0035,23/07/2025,Islas Baleares,IB,FALSE,diariodemallorca,Diario de Mallorca,TRUE,https://www.diariodemallorca.es/palma/,FALSE,
Petra,IB0036,14/07/2025,Islas Baleares,IB,FALSE,diariodemallorca,Diario de Mallorca,FALSE,https://www.diariodemallorca.es/mallorca/petra/,FALSE,
Pollença,IB0037,14/07/2025,Islas Baleares,IB,FALSE,diariodemallorca,Diario de Mallorca,TRUE,https://www.diariodemallorca.es/mallorca/pollenca/,FALSE,
Porreres,IB0038,14/07/2025,Islas Baleares,IB,FALSE,diariodemallorca,Diario de Mallorca,FALSE,https://www.diariodemallorca.es/mallorca/porreres/,FALSE,
Puigpunyent,IB0039,14/07/2025,Islas Baleares,IB,FALSE,diariodemallorca,Diario de Mallorca,FALSE,https://www.diariodemallorca.es/mallorca/puigpunyent/,FALSE,
Sa Pobla,IB0040,14/07/2025,Islas Baleares,IB,FALSE,diariodemallorca,Diario de Mallorca,FALSE,https://www.diariodemallorca.es/mallorca/sa-pobla/,FALSE,
Sant Antoni,IB0041,14/07/2025,Islas Baleares,IB,FALSE,diariodeibiza,Diario de Ibiza,TRUE,https://www.diariodeibiza.es/pitiuses-balears/sant-antoni/,FALSE,
Sant Joan,IB0042,14/07/2025,Islas Baleares,IB,FALSE,diariodemallorca,Diario de Mallorca,FALSE,https://www.diariodemallorca.es/mallorca/sant-joan/,FALSE,
Sant Joan de Labritja,IB0043,14/07/2025,Islas Baleares,IB,FALSE,diariodeibiza,Diario de Ibiza,TRUE,https://www.diariodeibiza.es/pitiuses-balears/sant-joan/,FALSE,
Sant Josep,IB0044,14/07/2025,Islas Baleares,IB,FALSE,diariodeibiza,Diario de Ibiza,TRUE,https://www.diariodeibiza.es/pitiuses-balears/sant-josep/,FALSE,
Sant Llorenç des Cardassar,IB0045,14/07/2025,Islas Baleares,IB,FALSE,diariodemallorca,Diario de Mallorca,FALSE,https://www.diariodemallorca.es/mallorca/sant-llorenc-des-cardassar/,FALSE,
Santa Eulària,IB0046,14/07/2025,Islas Baleares,IB,TRUE,diariodeibiza,Diario de Ibiza,TRUE,https://www.diariodeibiza.es/pitiuses-balears/santa-eularia/,FALSE,
Santa Margalida,IB0047,14/07/2025,Islas Baleares,IB,FALSE,diariodemallorca,Diario de Mallorca,FALSE,https://www.diariodemallorca.es/mallorca/santa-margalida/,FALSE,
Santa Maria del Camí,IB0048,14/07/2025,Islas Baleares,IB,FALSE,diariodemallorca,Diario de Mallorca,FALSE,https://www.diariodemallorca.es/mallorca/santa-maria-del-cami/,FALSE,
Selva,IB0049,14/07/2025,Islas Baleares,IB,FALSE,diariodemallorca,Diario de Mallorca,FALSE,https://www.diariodemallorca.es/mallorca/selva/,FALSE,
Sencelles,IB0050,14/07/2025,Islas Baleares,IB,FALSE,diariodemallorca,Diario de Mallorca,FALSE,https://www.diariodemallorca.es/mallorca/sencelles/,FALSE,
Ses Salines,IB0051,14/07/2025,Islas Baleares,IB,FALSE,diariodemallorca,Diario de Mallorca,FALSE,https://www.diariodemallorca.es/mallorca/ses-salines/,FALSE,
Sineu,IB0052,14/07/2025,Islas Baleares,IB,FALSE,diariodemallorca,Diario de Mallorca,FALSE,https://www.diariodemallorca.es/mallorca/sineu/,FALSE,
Sóller,IB0053,14/07/2025,Islas Baleares,IB,FALSE,diariodemallorca,Diario de Mallorca,FALSE,https://www.diariodemallorca.es/mallorca/soller/,FALSE,
Son Servera,IB0054,14/07/2025,Islas Baleares,IB,FALSE,diariodemallorca,Diario de Mallorca,FALSE,https://www.diariodemallorca.es/mallorca/son-servera/,FALSE,
Valldemossa,IB0055,14/07/2025,Islas Baleares,IB,FALSE,diariodemallorca,Diario de Mallorca,FALSE,https://www.diariodemallorca.es/mallorca/valldemossa/,FALSE,
Vilafranca de Bonany,IB0056,14/07/2025,Islas Baleares,IB,FALSE,diariodemallorca,Diario de Mallorca,FALSE,https://www.diariodemallorca.es/mallorca/vilafranca-de-bonany/,FALSE,
Abarán,MUR0001,14/07/2025,Región de Murcia,MUR,FALSE,laopiniondemurcia,La Opinión de Murcia,FALSE,https://www.laopiniondemurcia.es/municipios/abaran/,FALSE,
Águilas,MUR0002,14/07/2025,Región de Murcia,MUR,FALSE,laopiniondemurcia,La Opinión de Murcia,TRUE,https://www.laopiniondemurcia.es/municipios/aguilas/,FALSE,
Albudeite,MUR0003,14/07/2025,Región de Murcia,MUR,FALSE,laopiniondemurcia,La Opinión de Murcia,FALSE,https://www.laopiniondemurcia.es/municipios/albudeite/,FALSE,
Alcantarilla,MUR0004,14/07/2025,Región de Murcia,MUR,FALSE,laopiniondemurcia,La Opinión de Murcia,TRUE,https://www.laopiniondemurcia.es/municipios/alcantarilla/,FALSE,
Aledo,MUR0005,14/07/2025,Región de Murcia,MUR,FALSE,laopiniondemurcia,La Opinión de Murcia,FALSE,https://www.laopiniondemurcia.es/municipios/aledo/,FALSE,
Alguazas,MUR0006,14/07/2025,Región de Murcia,MUR,FALSE,laopiniondemurcia,La Opinión de Murcia,FALSE,https://www.laopiniondemurcia.es/municipios/alguazas/,FALSE,
Alhama de Murcia,MUR0007,14/07/2025,Región de Murcia,MUR,FALSE,laopiniondemurcia,La Opinión de Murcia,FALSE,https://www.laopiniondemurcia.es/municipios/alhama-de-murcia/,FALSE,
Beniel,MUR0008,14/07/2025,Región de Murcia,MUR,FALSE,laopiniondemurcia,La Opinión de Murcia,FALSE,https://www.laopiniondemurcia.es/municipios/beniel/,FALSE,
Blanca,MUR0009,14/07/2025,Región de Murcia,MUR,FALSE,laopiniondemurcia,La Opinión de Murcia,FALSE,https://www.laopiniondemurcia.es/municipios/blanca/,FALSE,
Bullas,MUR0010,14/07/2025,Región de Murcia,MUR,FALSE,laopiniondemurcia,La Opinión de Murcia,FALSE,https://www.laopiniondemurcia.es/municipios/bullas/,FALSE,
Calasparra,MUR0011,14/07/2025,Región de Murcia,MUR,FALSE,laopiniondemurcia,La Opinión de Murcia,FALSE,https://www.laopiniondemurcia.es/municipios/calasparra/,FALSE,
Caravaca de la Cruz,MUR0012,14/07/2025,Región de Murcia,MUR,FALSE,laopiniondemurcia,La Opinión de Murcia,TRUE,https://www.laopiniondemurcia.es/municipios/caravaca-de-la-cruz/,FALSE,
Cartagena,MUR0013,23/07/2025,Región de Murcia,MUR,FALSE,laopiniondemurcia,La Opinión de Murcia,TRUE,https://www.laopiniondemurcia.es/cartagena/,FALSE,
Cehegín,MUR0014,14/07/2025,Región de Murcia,MUR,FALSE,laopiniondemurcia,La Opinión de Murcia,FALSE,https://www.laopiniondemurcia.es/municipios/cehegin/,FALSE,
Cieza,MUR0015,14/07/2025,Región de Murcia,MUR,FALSE,laopiniondemurcia,La Opinión de Murcia,TRUE,https://www.laopiniondemurcia.es/municipios/cieza/,FALSE,
Las Torres de Cotillas,MUR0016,14/07/2025,Región de Murcia,MUR,FALSE,laopiniondemurcia,La Opinión de Murcia,FALSE,https://www.laopiniondemurcia.es/municipios/las-torres-de-cotillas/,FALSE,
Librilla,MUR0017,14/07/2025,Región de Murcia,MUR,FALSE,laopiniondemurcia,La Opinión de Murcia,FALSE,https://www.laopiniondemurcia.es/municipios/librilla/,FALSE,
Lorca,MUR0018,14/07/2025,Región de Murcia,MUR,FALSE,laopiniondemurcia,La Opinión de Murcia,TRUE,https://www.laopiniondemurcia.es/municipios/lorca/,FALSE,
Lorquí,MUR0019,14/07/2025,Región de Murcia,MUR,FALSE,laopiniondemurcia,La Opinión de Murcia,FALSE,https://www.laopiniondemurcia.es/municipios/lorqui/,FALSE,
Los Alcázares,MUR0020,14/07/2025,Región de Murcia,MUR,FALSE,laopiniondemurcia,La Opinión de Murcia,FALSE,https://www.laopiniondemurcia.es/municipios/los-alcazares/,FALSE,
Mazarrón,MUR0021,14/07/2025,Región de Murcia,MUR,FALSE,laopiniondemurcia,La Opinión de Murcia,FALSE,https://www.laopiniondemurcia.es/municipios/mazarron/,FALSE,
Media Principal,MUR0022,14/07/2025,Región de Murcia,MUR,FALSE,laopiniondemurcia,La Opinión de Murcia,TRUE,,TRUE,https://www.laopiniondemurcia.es/municipios.html
Molina de Segura,MUR0023,14/07/2025,Región de Murcia,MUR,FALSE,laopiniondemurcia,La Opinión de Murcia,TRUE,https://www.laopiniondemurcia.es/municipios/molina-de-segura/,FALSE,
Mula,MUR0024,14/07/2025,Región de Murcia,MUR,FALSE,laopiniondemurcia,La Opinión de Murcia,FALSE,https://www.laopiniondemurcia.es/municipios/mula/,FALSE,
Murcia,MUR0025,23/07/2025,Región de Murcia,MUR,FALSE,laopiniondemurcia,La Opinión de Murcia,TRUE,https://www.laopiniondemurcia.es/murcia/,FALSE,
Ojós,MUR0026,14/07/2025,Región de Murcia,MUR,FALSE,laopiniondemurcia,La Opinión de Murcia,FALSE,https://www.laopiniondemurcia.es/municipios/ojos/,FALSE,
Pliego,MUR0027,14/07/2025,Región de Murcia,MUR,FALSE,laopiniondemurcia,La Opinión de Murcia,FALSE,https://www.laopiniondemurcia.es/municipios/pliego/,FALSE,
Ricote,MUR0028,14/07/2025,Región de Murcia,MUR,FALSE,laopiniondemurcia,La Opinión de Murcia,FALSE,https://www.laopiniondemurcia.es/municipios/ricote/,FALSE,
San Javier,MUR0029,14/07/2025,Región de Murcia,MUR,FALSE,laopiniondemurcia,La Opinión de Murcia,TRUE,https://www.laopiniondemurcia.es/municipios/san-javier/,FALSE,
San Pedro del Pinatar,MUR0030,14/07/2025,Región de Murcia,MUR,FALSE,laopiniondemurcia,La Opinión de Murcia,FALSE,https://www.laopiniondemurcia.es/municipios/san-pedro-del-pinatar/,FALSE,
Torre Pacheco,MUR0031,14/07/2025,Región de Murcia,MUR,FALSE,laopiniondemurcia,La Opinión de Murcia,TRUE,https://www.laopiniondemurcia.es/municipios/torre-pacheco/,FALSE,
Totana,MUR0032,14/07/2025,Región de Murcia,MUR,FALSE,laopiniondemurcia,La Opinión de Murcia,TRUE,https://www.laopiniondemurcia.es/municipios/totana/,FALSE,
Yecla,MUR0033,14/07/2025,Región de Murcia,MUR,FALSE,laopiniondemurcia,La Opinión de Murcia,FALSE,https://www.laopiniondemurcia.es/municipios/yecla/,FALSE,
Castell-Platja d'Aro,CA0020,15/07/2025,Cataluña,CA,FALSE,diaridegirona,Diari de Girona,TRUE,https://www.diaridegirona.cat/baix-emporda/castell-platja-daro/,FALSE,
Sevilla,AND0089,16/07/2025,Andalucía,AND,FALSE,elcorreodeandalucia,El Correo de Andalucía,TRUE,https://www.elcorreoweb.es/sevilla/provincia-de-sevilla/,FALSE,
Sabiñánigo,AR0035,16/07/2025,Aragón,AR,FALSE,elperiodicodearagon,El Periódico de Aragón,TRUE,https://www.elperiodicodearagon.com/aragon/sabinanigo/,FALSE,
Cangas de Narcea,AST0011,16/07/2025,Asturias,AST,FALSE,lanuevaespana,La Nueva España,TRUE,https://www.lne.es/cangas-del-narcea/,FALSE,
Cuencas,AST0022,16/07/2025,Asturias,AST,TRUE,lanuevaespana,La Nueva España,TRUE,https://www.lne.es/cuencas/,FALSE,
Gijón Oeste,AST0026,16/07/2025,Asturias,AST,FALSE,lanuevaespana,La Nueva España,TRUE,https://www.lne.es/gijon/gijon-oeste/,FALSE,
Llanera,AST0038,16/07/2025,Asturias,AST,TRUE,lanuevaespana,La Nueva España,TRUE,https://www.lne.es/llanera/,FALSE,
Occidente,AST0047,16/07/2025,Asturias,AST,FALSE,lanuevaespana,La Nueva España,TRUE,https://www.lne.es/occidente/,FALSE,
Oriente,AST0049,16/07/2025,Asturias,AST,FALSE,lanuevaespana,La Nueva España,TRUE,https://www.lne.es/oriente/,FALSE,
Moraleja del Vino,CYL0020,16/07/2025,Castilla y León,CYL,FALSE,laopiniondezamora,La Opinión de Zamora,TRUE,https://www.laopiniondezamora.es/zamora/morajela-del-vino/,FALSE,
L'Escala,CA0040,16/07/2025,Cataluña,CA,FALSE,diaridegirona,Diari de Girona,TRUE,https://www.diaridegirona.cat/alt-emporda/lescala/,FALSE,
L'Escala,CA0120,16/07/2025,Cataluña,CA,FALSE,emporda,Empordà,TRUE,https://www.emporda.info/comarca/l-escala/,FALSE,
Masquefa,CA0117,16/07/2025,Cataluña,CA,FALSE,regio7,Regio 7,TRUE,https://www.regio7.cat/tags/masquefa/,FALSE,
Òdena,CA0118,16/07/2025,Cataluña,CA,FALSE,regio7,Regio 7,TRUE,https://www.regio7.cat/tags/odena/,FALSE,
Olesa de Montserrat,CA0119,16/07/2025,Cataluña,CA,FALSE,regio7,Regio 7,TRUE,https://www.regio7.cat/tags/olesa-de-montserrat/,FALSE,
Madrid,MAD0005,16/07/2025,Comunidad de Madrid,MAD,FALSE,elperiodicodeespana,El Periódico de España,TRUE,https://www.epe.es/es/madrid/,FALSE,
San Vicente del Raspeig,VC0211,16/07/2025,Comunidad Valenciana,VC,FALSE,informacion,Información,TRUE,https://www.informacion.es/alacanti/san-vicente-del-raspeig/,FALSE,
Alcudia,IB0001,16/07/2025,Islas Baleares,IB,FALSE,diariodemallorca,Diario de Mallorca,TRUE,https://www.diariodemallorca.es/mallorca/alcudia/,FALSE,
El Port de la Selva,CA0121,17/07/2025,Cataluña,CA,FALSE,emporda,Empordà,TRUE,https://www.emporda.info/tags/port-de-la-selva/,FALSE,
La Bisbal d'Empordà,CA0044,17/07/2025,Cataluña,CA,FALSE,diaridegirona,Diari de Girona,TRUE,https://www.diaridegirona.cat/baix-emporda/la-bisbal-demporda/,FALSE,
Navata,CA0122,18/07/2025,Cataluña,CA,FALSE,emporda,Empordà,TRUE,https://www.emporda.info/tags/navata/,FALSE,
Palamós,CA0068,18/07/2025,Cataluña,CA,FALSE,diaridegirona,Diari de Girona,TRUE,https://www.diaridegirona.cat/baix-emporda/palamos/,FALSE,
Peralada,CA0123,18/07/2025,Cataluña,CA,FALSE,emporda,Empordà,TRUE,https://www.emporda.info/tags/peralada/,FALSE,
Vilamalla,CA0124,18/07/2025,Cataluña,CA,FALSE,emporda,Empordà,TRUE,https://www.emporda.info/tags/vilamalla/,FALSE,
Torroella de Montgrí,CA0109,19/07/2025,Cataluña,CA,FALSE,diaridegirona,Diari de Girona,TRUE,https://www.diaridegirona.cat/baix-emporda/torroella-de-montgri/,FALSE,
Calonge,CA0015,21/07/2025,Cataluña,CA,FALSE,diaridegirona,Diari de Girona,TRUE,https://www.diaridegirona.cat/tags/calonge/,FALSE,
Empuriabrava,CA0027,21/07/2025,Cataluña,CA,FALSE,diaridegirona,Diari de Girona,TRUE,https://www.diaridegirona.cat/tags/empuriabrava/,FALSE,
L'Estartit,CA0041,21/07/2025,Cataluña,CA,FALSE,diaridegirona,Diari de Girona,TRUE,https://www.diaridegirona.cat/tags/l-estartit/,FALSE,
Sant Antoni,CA0087,21/07/2025,Cataluña,CA,FALSE,diaridegirona,Diari de Girona,TRUE,https://www.diaridegirona.cat/tags/sant-antoni/,FALSE,
Tossa de Mar,CA0111,21/07/2025,Cataluña,CA,FALSE,diaridegirona,Diari de Girona,TRUE,https://www.diaridegirona.cat/selva/tossa-de-mar/,FALSE,